"plan_year","app_no","ampp_no","contract_no","contract_title","contract_effective_date","contract_expiry_date","vendor_name","total_contract_val","total_contract_val_cur","total_contract_val_usd","total_contract_val_thb","total_contract_val","total_contract_val_cur","total_contract_val_usd","total_contract_val_thb","asset_portion_val","asset_portion_val_usd","asset_portion_val_thb","asset_portion_ori_usd","asset_portion_ori_thb","gep_contract_no","ContractName","ContractStatus","EffectiveDate","ExpiryDate","ContractValueContractCurrency","ContractCurrency","ContractNumber_EBELN","ContractTitle_CTNAM","EffectiveDate_KDATB","ExpriryDate_KDATE","VendorName_VDANAM","ContractValue_KTWRT","Currency_WAERS"
"2019",MPP-TH-19-00031,MPP-TH-19-00031/G1-61,THC21-5485,PPF/21/00955 Provision of Offshore WHXT Services for G161 Asset (2020-2025),2020-10-01,2026-04-30,SPM OIL & GAS PC SINGAPORE PTE. LTD,16689609.00000,USD,16689609.00000,584136315.00000,14286795.00000,USD,14286795.00000,471464235.00000,14286795.00000,14286795.00000,471464235.00000,0.00000,0.00000,THC21-5485.3,Amendment no.5 - Provision of Offshore WHXT Services for G161 Asset (2020-2025),Approved,2020-10-01 00:00:00.000,2026-04-30 00:00:00.000,16760796,USD,THC21-5485,PPF/21/00955 Provision of Offshore WHXT Services for G161 Asset (2020-2025),2020-10-01,2026-04-30,SPM OIL & GAS PC SINGAPORE PTE. LTD,16760796,USD
"2019",MPP-TH-19-00031,MPP-TH-19-00031/G2-61,THC21-5486,PPF/21/00955 Provision of Offshore WHXT Services for G261 Asset (2020-2025),2020-10-01,2026-04-30,SPM OIL & GAS PC SINGAPORE PTE. LTD,12220202.00000,USD,12220202.00000,427707070.00000,7217370.00000,USD,7217370.00000,238173210.00000,7217370.00000,7217370.00000,238173210.00000,0.00000,0.00000,THC21-5486.3,Amendment no. 5 - Provision of Offshore WHXT Services for G261 Asset (2020-2025),Approved,2020-10-01 00:00:00.000,2026-04-30 00:00:00.000,12220202,USD,THC21-5486,PPF/21/00955 Provision of Offshore WHXT Services for G261 Asset (2020-2025),2020-10-01,2026-04-30,SPM OIL & GAS PC SINGAPORE PTE. LTD,12220202,USD
"2020",MPP-TH-20-00001,MPP-TH-20-00001/G1-61,THC19-5245,"EWP-19-0006a Bundled Phases 3 EPCI of Wellhead Platforms, Associated Pipelines, Brownfield Modifications and Tie-ins (EPC Part)",2021-01-04,2027-07-03,THAI NIPPON STEEL ENGINEERING & CONSTRUCTION CORPORATION LTD,926599758.00000,USD,926599758.00000,32430991530.00000,105490000.00000,USD,105490000.00000,3375680000.00000,105490000.00000,105490000.00000,3375680000.00000,105490000.00000,3375680000.00000,THC19-5245.0,"Bundled Phases 3 EPCI of Wellhead Platforms, Associated Pipelines, Brownfield Modifications and Tie-",Live,2021-01-04 00:00:00.000,2027-07-03 00:00:00.000,926599758,USD,THC19-5245,"EWP-19-0006a Bundled Phases 3 EPCI of Wellhead Platforms, Associated Pipelines, Brownfield Modifications and Tie-ins (EPC Part)",2021-01-04,2027-07-03,THAI NIPPON STEEL ENGINEERING & CONSTRUCTION CORPORATION LTD,926599758,USD
"2020",MPP-TH-20-00001,MPP-TH-20-00001/G2-61,THC19-5245,"EWP-19-0006a Bundled Phases 3 EPCI of Wellhead Platforms, Associated Pipelines, Brownfield Modifications and Tie-ins (EPC Part)",2021-01-04,2027-07-03,THAI NIPPON STEEL ENGINEERING & CONSTRUCTION CORPORATION LTD,926599758.00000,USD,926599758.00000,32430991530.00000,390310000.00000,USD,390310000.00000,12489920000.00000,390310000.00000,390310000.00000,12489920000.00000,390310000.00000,12489920000.00000,THC19-5245.0,"Bundled Phases 3 EPCI of Wellhead Platforms, Associated Pipelines, Brownfield Modifications and Tie-",Live,2021-01-04 00:00:00.000,2027-07-03 00:00:00.000,926599758,USD,THC19-5245,"EWP-19-0006a Bundled Phases 3 EPCI of Wellhead Platforms, Associated Pipelines, Brownfield Modifications and Tie-ins (EPC Part)",2021-01-04,2027-07-03,THAI NIPPON STEEL ENGINEERING & CONSTRUCTION CORPORATION LTD,926599758,USD
"2020",MPP-TH-20-00002,MPP-TH-20-00002/G1-61,"2023.0474","The Provision of Inspection, Construction and SSHE Supervision Services for Domestic Wellhead Platform Construction Project",2023-08-23,2026-12-31,"DNV Inspection (Thailand) Co., Ltd.",,USD,,,1948688.00000,USD,1948688.00000,62358000.00000,1948687.50000,1948687.50000,62358000.00000,0.00000,0.00000,"2023.0474.1","The Provision of Inspection, Construction and SSHE Supervision Services for Domestic Wellhead Platform Construction Project",Live,2023-08-23 00:00:00.000,2026-12-31 00:00:00.000,293424000,THB,"2023.0474","The Provision of Inspection, Construction and SSHE Supervision Services for Domestic Wellhead Platform Construction Project",2023-08-23,2026-12-31,"DNV INSPECTION (THAILAND) CO., LTD.",293424000,THB
"2020",MPP-TH-20-00002,MPP-TH-20-00002/G1-61,THC21-5007,"EWP-21-0001 Provision of Inspection, Construction and SSHE Supervision Services for Domestic Wellhead Platform Construction Projects",2021-07-01,2026-12-31,"DNV GL (Thailand) Co., Ltd.",155621500.00000,THB,4446328.57143,155621500.00000,0.00000,USD,0.00000,0.00000,0.00000,0.00000,0.00000,1968437.50000,62990000.00000,THC21-5007.0,"Provision of Inspection, Construction and SSHE Supervision Services for Domestic Wellhead Platform C",Live,2021-07-01 00:00:00.000,2026-12-31 00:00:00.000,155621500,THB,THC21-5007,"EWP-21-0001 Provision of Inspection, Construction and SSHE Supervision Services for Domestic Wellhead Platform Construction Projects",2021-07-01,2026-12-31,"DNV GL (THAILAND) CO., LTD.",45657500,THB
"2020",MPP-TH-20-00002,MPP-TH-20-00002/G2-61,"2023.0474","The Provision of Inspection, Construction and SSHE Supervision Services for Domestic Wellhead Platform Construction Project",2023-08-23,2026-12-31,"DNV Inspection (Thailand) Co., Ltd.",,USD,,,1278313.00000,USD,1278313.00000,40906000.00000,1278312.50000,1278312.50000,40906000.00000,0.00000,0.00000,"2023.0474.1","The Provision of Inspection, Construction and SSHE Supervision Services for Domestic Wellhead Platform Construction Project",Live,2023-08-23 00:00:00.000,2026-12-31 00:00:00.000,293424000,THB,"2023.0474","The Provision of Inspection, Construction and SSHE Supervision Services for Domestic Wellhead Platform Construction Project",2023-08-23,2026-12-31,"DNV INSPECTION (THAILAND) CO., LTD.",293424000,THB
"2020",MPP-TH-20-00002,MPP-TH-20-00002/G2-61,THC21-5007,"EWP-21-0001 Provision of Inspection, Construction and SSHE Supervision Services for Domestic Wellhead Platform Construction Projects",2021-07-01,2026-12-31,"DNV GL (Thailand) Co., Ltd.",155621500.00000,THB,4446328.57143,155621500.00000,1126691.00000,USD,1126691.00000,1126691.00000,1126691.00000,1126691.00000,1126691.00000,1126691.00000,1126691.00000,THC21-5007.0,"Provision of Inspection, Construction and SSHE Supervision Services for Domestic Wellhead Platform C",Live,2021-07-01 00:00:00.000,2026-12-31 00:00:00.000,155621500,THB,THC21-5007,"EWP-21-0001 Provision of Inspection, Construction and SSHE Supervision Services for Domestic Wellhead Platform Construction Projects",2021-07-01,2026-12-31,"DNV GL (THAILAND) CO., LTD.",45657500,THB
"2020",MPP-TH-20-00007,MPP-TH-20-00007/G1-61,THC21-5470,OMI-21-0010 THC21-5470 Provision of GE Gas Generator Maintenance Services for G1/61 (Parts and Hot Section Exchange),2022-01-01,2026-12-31,NUOVO PIGNONE INTERNATIONAL S.R.L.,3981905.00000,USD,3981905.00000,139366675.00000,3980000.00000,USD,3980000.00000,127360000.00000,3980000.00000,3980000.00000,127360000.00000,3980000.00000,127360000.00000,THC21-5470.0,THC21-5470 Provision of GE Gas Generator Maintenance Services for G1/61 (Parts),Live,2022-01-01 00:00:00.000,2026-12-31 00:00:00.000,3981905,USD,THC21-5470,OMI-21-0010 THC21-5470 Provision of GE Gas Generator Maintenance Services for G1/61 (Parts and Hot Section Exchange),2022-01-01,2026-12-31,NUOVO PIGNONE INTERNATIONAL S.R.L.,3981905,USD
"2020",MPP-TH-20-00007,MPP-TH-20-00007/G1-61,THC21-5471,OMI-21-0010 THC21-5470 Provision of GE Gas Generator Maintenance Services for G1/61 (Repair & FSR),2022-01-01,2026-12-31,BAKER HUGHES ENERGY (THAILAND) LIMITED,4877143.00000,USD,4877143.00000,170700005.00000,4880000.00000,USD,4880000.00000,156160000.00000,4880000.00000,4880000.00000,156160000.00000,4880000.00000,156160000.00000,THC21-5471.0,THC21-5470 Provision of GE Gas Generator Maintenance Services for G1/61 (Repair & FSR),Live,2022-01-01 00:00:00.000,2026-12-31 00:00:00.000,4877143,USD,THC21-5471,OMI-21-0010 THC21-5470 Provision of GE Gas Generator Maintenance Services for G1/61 (Repair & FSR),2022-01-01,2026-12-31,BAKER HUGHES ENERGY (THAILAND) LIMITED,4877143,USD
"2020",MPP-TH-20-00007,MPP-TH-20-00007/G2-61,THC21-5029,OMI-21-0010 THC21-5029 Provision of GE Gas Generator Maintenance Services for G2/61 (Parts and Hot Section Exchange),2022-01-01,2026-12-31,NUOVO PIGNONE INTERNATIONAL S.R.L.,4069316.00000,USD,4069316.00000,142426060.00000,3070000.00000,USD,3070000.00000,98240000.00000,3070000.00000,3070000.00000,98240000.00000,3070000.00000,98240000.00000,THC21-5029.0,THC21-5029 Provision of GE Gas Generator Maintenance Services for G2/61 (Repair and Parts),Live,2022-01-01 00:00:00.000,2026-12-31 00:00:00.000,4069316,USD,THC21-5029,OMI-21-0010 THC21-5029 Provision of GE Gas Generator Maintenance Services for G2/61 (Parts and Hot Section Exchange),2022-01-01,2026-12-31,NUOVO PIGNONE INTERNATIONAL S.R.L.,2969316,USD
"2020",MPP-TH-20-00007,MPP-TH-20-00007/G2-61,THC21-5469,OMI-21-0010 THC21-5029 Provision of GE Gas Generator Maintenance Services for G2/61 (Repair & FSR),2022-01-01,2026-12-31,BAKER HUGHES ENERGY (THAILAND) LIMITED,11597315.00000,USD,11597315.00000,405906025.00000,12600000.00000,USD,12600000.00000,403200000.00000,12600000.00000,12600000.00000,403200000.00000,12600000.00000,403200000.00000,THC21-5469.0,THC21-5029 Provision of GE Gas Generator Maintenance Services for G2/61 (Repair & FSR),Live,2022-01-01 00:00:00.000,2026-12-31 00:00:00.000,11597315,USD,THC21-5469,OMI-21-0010 THC21-5029 Provision of GE Gas Generator Maintenance Services for G2/61 (Repair & FSR),2022-01-01,2026-12-31,BAKER HUGHES ENERGY (THAILAND) LIMITED,17496402,USD
"2020",MPP-TH-20-00008,MPP-TH-20-00008/G1-61,THC21-5438,OMI-21-0011 THC21-5437 Provision of GE Power Turbine Maintenance Services for G1/61 (FSR),2021-12-01,2026-11-30,BAKER HUGHES ENERGY (THAILAND) LIMITED,114062.00000,EUR,,,140000.00000,USD,140000.00000,4480000.00000,140000.00000,140000.00000,4480000.00000,2.38000,76.17645,THC21-5438.0,THC21-5437 Provision of GE Power Turbine Maintenance Services for G1/61 (FSR),Live,2021-12-01 00:00:00.000,2026-11-30 00:00:00.000,114062,EUR,THC21-5438,OMI-21-0011 THC21-5437 Provision of GE Power Turbine Maintenance Services for G1/61 (FSR),2021-12-01,2026-11-30,BAKER HUGHES ENERGY (THAILAND) LIMITED,114062,EUR
"2020",MPP-TH-20-00008,MPP-TH-20-00008/G1-61,THC22-5344,OMI-21-0011 THC22-5344 Provision of GE Power Turbine Maintenance Services for G1/61 (Repair & Parts) (replace THC21-5437),2021-12-01,2026-11-30,NUOVO PIGNONE INTERNATIONAL S.R.L.,2053711.00000,EUR,,,2460000.00000,USD,2460000.00000,78720000.00000,2460000.00000,2460000.00000,78720000.00000,0.00000,0.00000,THC22-5344.0,THC22-5344 Provision of GE Power Turbine Maintenance Services for G1/61 (Repair & Parts) (replace TH,Live,2021-12-01 00:00:00.000,2026-11-30 00:00:00.000,2053711,EUR,THC22-5344,OMI-21-0011 THC22-5344 Provision of GE Power Turbine Maintenance Services for G1/61 (Repair & Parts) (replace THC21-5437),2021-12-01,2026-11-30,NUOVO PIGNONE INTERNATIONAL S.R.L.,2053711,EUR
"2020",MPP-TH-20-00008,MPP-TH-20-00008/G2-61,THC21-5030,OMI-21-0011 THC21-5030 Provision of GE Power Turbine Maintenance Services for G2/61 (Repair & Parts),2021-12-01,2026-11-30,NUOVO PIGNONE INTERNATIONAL S.R.L.,4242142.00000,EUR,,,22810000.00000,USD,22810000.00000,729920000.00000,22810000.00000,22810000.00000,729920000.00000,22810000.00000,729920000.00000,THC21-5030.0,Provision of GE Power Turbine Maintenance Services for G2/61,Live,2021-12-01 00:00:00.000,2026-11-30 00:00:00.000,4242142,EUR,THC21-5030,OMI-21-0011 THC21-5030 Provision of GE Power Turbine Maintenance Services for G2/61 (Repair & Parts),2021-12-01,2026-11-30,NUOVO PIGNONE INTERNATIONAL S.R.L.,19065530,EUR
"2020",MPP-TH-20-00008,MPP-TH-20-00008/G2-61,THC21-5436,OMI-21-0011 THC21-5030 Provision of GE Power Turbine Maintenance Services for G2/61 (FSR),2021-12-01,2026-11-30,BAKER HUGHES ENERGY (THAILAND) LIMITED,2145181.00000,EUR,,,2490000.00000,USD,2490000.00000,79680000.00000,2490000.00000,2490000.00000,79680000.00000,2490000.00000,79680000.00000,THC21-5436.0,THC21-5030 Provision of GE Power Turbine Maintenance Services for G2/61 (FSR),Live,2021-12-01 00:00:00.000,2026-11-30 00:00:00.000,2145181,EUR,THC21-5436,OMI-21-0011 THC21-5030 Provision of GE Power Turbine Maintenance Services for G2/61 (FSR),2021-12-01,2026-11-30,BAKER HUGHES ENERGY (THAILAND) LIMITED,2145181,EUR
"2020",MPP-TH-20-00009,MPP-TH-20-00009/G1-61,THC21-5049,OMI-21-0001 Provision of Avon A200 /1535 Gas Generator Overhaul /Exchange Service for G1/61,2022-01-21,2026-09-30,RWG (REPAIR & OVERHAULS) LIMITED,6657000.00000,GBP,,,9205000.00000,USD,9205000.00000,294560000.00000,9205000.00000,9205000.00000,294560000.00000,9205000.00000,294560000.00000,THC21-5049.0,Provision of Avon A200 /1535 Gas Generator Overhaul /Exchange Service for G1/61,Live,2022-01-21 00:00:00.000,2026-09-30 00:00:00.000,6657000,GBP,THC21-5049,OMI-21-0001 Provision of Avon A200 /1535 Gas Generator Overhaul /Exchange Service for G1/61,2022-01-21,2026-09-30,RWG (REPAIR & OVERHAULS) LIMITED,6657000,GBP
"2020",MPP-TH-20-00025,MPP-TH-20-00025/G1-61,THC20-5031,OTF-20-0005 Supply of Drilling Base Fluid for G1/61,2020-11-01,2026-04-30,DIALOG SYSTEMS (THAILAND) LTD,96405169.00000,USD,96405169.00000,3374180915.00000,94392169.00000,USD,94392169.00000,3020549408.00000,94392169.00000,94392169.00000,3020549408.00000,94392169.00000,3020549408.00000,THC20-5031.1,Supply of Drilling Base Fluid for G1/61,Approved,2020-11-01 00:00:00.000,2026-04-30 00:00:00.000,96405169,USD,THC20-5031,OTF-20-0005 Supply of Drilling Base Fluid for G1/61,2020-11-01,2026-04-30,DIALOG SYSTEMS (THAILAND) LTD,96405169,USD
"2020",MPP-TH-20-00025,MPP-TH-20-00025/G2-61,THC20-5227,OTF-20-0005 Supply of Drilling Base Fluid for G2/61,2020-11-01,2026-04-30,DIALOG SYSTEMS (THAILAND) LTD,71110609.00000,USD,71110609.00000,2488871315.00000,71110609.00000,USD,71110609.00000,2275539488.00000,71110609.00000,71110609.00000,2275539488.00000,71110609.00000,2275539488.00000,THC20-5227.0,Supply of Drilling Base Fluid for G2/61,Live,2020-11-01 00:00:00.000,2026-04-30 00:00:00.000,71110609,USD,THC20-5227,OTF-20-0005 Supply of Drilling Base Fluid for G2/61,2020-11-01,2026-04-30,DIALOG SYSTEMS (THAILAND) LTD,71110609,USD
"2020",MPP-TH-20-00038,MPP-TH-20-00038/G1-61,THC20-5092,OTF-20-0028 Provision of 2021-2026 Drillpipe / HWDP / DC inspection and hardbanding for Offshore Thailand,2020-11-01,2026-04-30,"THAI PETROLEUM SUPPORT CO.,LTD.",10969025.00000,USD,10969025.00000,383915875.00000,5400034.00000,USD,5400034.00000,172801088.00000,5400034.00000,5400034.00000,172801088.00000,5400034.00000,172801088.00000,THC20-5092.0,Provision of 2021-2026 Drillpipe / HWDP / DC inspection and hardbanding for Offshore Thailand,Live,2020-11-01 00:00:00.000,2026-04-30 00:00:00.000,10969025,USD,THC20-5092,OTF-20-0028 Provision of 2021-2026 Drillpipe / HWDP / DC inspection and hardbanding for Offshore Thailand,2020-11-01,2026-04-30,"THAI PETROLEUM SUPPORT CO.,LTD.",18417522,USD
"2020",MPP-TH-20-00038,MPP-TH-20-00038/G2-61,THC20-5092,OTF-20-0028 Provision of 2021-2026 Drillpipe / HWDP / DC inspection and hardbanding for Offshore Thailand,2020-11-01,2026-04-30,"THAI PETROLEUM SUPPORT CO.,LTD.",10969025.00000,USD,10969025.00000,383915875.00000,4176528.00000,USD,4176528.00000,133648896.00000,4176528.00000,4176528.00000,133648896.00000,4176528.00000,133648896.00000,THC20-5092.0,Provision of 2021-2026 Drillpipe / HWDP / DC inspection and hardbanding for Offshore Thailand,Live,2020-11-01 00:00:00.000,2026-04-30 00:00:00.000,10969025,USD,THC20-5092,OTF-20-0028 Provision of 2021-2026 Drillpipe / HWDP / DC inspection and hardbanding for Offshore Thailand,2020-11-01,2026-04-30,"THAI PETROLEUM SUPPORT CO.,LTD.",18417522,USD
"2020",MPP-TH-20-00052,MPP-TH-20-00052/G2-61,THC20-5141,OTF-20-0031 PROVISION OF CROSSOVER AND PUP JOINT SERVICES FOR G2/61,2021-01-01,2025-12-31,OMS OILFIELD SERVICES (THAILAND) LTD.,36434750.00000,THB,1040992.85714,36434750.00000,1175314.52000,USD,1175314.52000,37610064.64000,1175314.52000,1175314.52000,37610064.64000,1175314.52000,37610064.64000,THC20-5141.0,PROVISION OF CROSSOVER AND PUP JOINT SERVICES FOR G2/61,Live,2021-01-01 00:00:00.000,2025-12-31 00:00:00.000,36434750,THB,THC20-5141,OTF-20-0031 PROVISION OF CROSSOVER AND PUP JOINT SERVICES FOR G2/61,2021-01-01,2025-12-31,OMS OILFIELD SERVICES (THAILAND) LTD.,42718545,THB
"2020",MPP-TH-20-00232,MPP-TH-20-00232/Non-PSC,THC20-5223,PPF/20/01006 Master Service Agreement (Operation and Support),2021-01-01,2025-12-31,PTT DIGITAL SOLUTIONS COMPANY LIMITED,5494250000.00000,USD,5494250000.00000,5494250000.00000,5494250000.00000,USD,5494250000.00000,5494250000.00000,5494250000.00000,5494250000.00000,5494250000.00000,5494250000.00000,5494250000.00000,THC20-5223.0,Master Service Agreement (Operation and Support),Live,2021-01-01 00:00:00.000,2025-12-31 00:00:00.000,1654000000,THB,THC20-5223,PPF/20/01006 Master Service Agreement (Operation and Support),2021-01-01,2025-12-31,PTT DIGITAL SOLUTIONS COMPANY LIMITED,1654000000,THB
"2021",MPP-TH-21-00001,MPP-TH-21-00001/G1-61,"2022.0033",Amendment of 2022.0033.0,2022-10-01,2027-09-30,"CVENTEK ENGINEERING CO., LTD.",63791000.00000,THB,1822600.00000,63791000.00000,2030000.00000,USD,2030000.00000,63945000.00000,2030000.00000,2030000.00000,63945000.00000,2030000.00000,63945000.00000,"2022.0033.1",Amendment of 2022.0033.0,Live,2022-10-01 00:00:00.000,2027-09-30 00:00:00.000,63791000,THB,"2022.0033",Amendment of 2022.0033.0,2022-10-01,2027-09-30,"CVENTEK ENGINEERING CO., LTD.",63791000,THB
"2021",MPP-TH-21-00021,MPP-TH-21-00021/G1-61,THC21-5042,OMI-21-0003 Price Agreement of Siemens Spare Parts for G1/61 [USD],2022-01-14,2026-09-30,SIEMENS ENERGY PTE. LTD.,4140000.00000,USD,4140000.00000,144900000.00000,8562000.00000,USD,8562000.00000,269703000.00000,4140000.00000,4140000.00000,130410000.00000,8562000.00000,269703000.00000,THC21-5042.0,Price Agreement of Siemens Spare Parts for G1/61 [USD],Live,2022-01-14 00:00:00.000,2026-09-30 00:00:00.000,4140000,USD,THC21-5042,OMI-21-0003 Price Agreement of Siemens Spare Parts for G1/61 [USD],2022-01-14,2026-09-30,SIEMENS ENERGY PTE. LTD.,4140000,USD
"2021",MPP-TH-21-00021,MPP-TH-21-00021/G1-61,THC21-5043,OMI-21-0002 Provision of Siemens FSR Service Contract for G1/61,2021-12-27,2026-11-30,SIEMENS ENERGY LIMITED,2291000.00000,USD,2291000.00000,80185000.00000,8562000.00000,USD,8562000.00000,269703000.00000,2290000.00000,2290000.00000,72135000.00000,8562000.00000,269703000.00000,THC21-5043.0,Provision of Siemens FSR Service Contract for G1/61,Live,2021-12-27 00:00:00.000,2026-11-30 00:00:00.000,2291000,USD,THC21-5043,OMI-21-0002 Provision of Siemens FSR Service Contract for G1/61,2021-12-27,2026-11-30,SIEMENS ENERGY LIMITED,2291000,USD
"2021",MPP-TH-21-00021,MPP-TH-21-00021/G1-61,THC22-5053,OMI-21-0003 Price Agreement of Siemens Spare Parts for G1/61 [For THC21-5042 in GBP],2022-01-14,2026-09-30,SIEMENS ENERGY PTE. LTD.,1590000.00000,GBP,,,8562000.00000,USD,8562000.00000,269703000.00000,2270000.00000,2270000.00000,71505000.00000,8562000.00000,269703000.00000,THC22-5053.0,Price Agreement of Siemens Spare Parts for G1/61 [For THC21-5042 in GBP],Live,2022-01-14 00:00:00.000,2026-09-30 00:00:00.000,1590000,GBP,THC22-5053,OMI-21-0003 Price Agreement of Siemens Spare Parts for G1/61 [For THC21-5042 in GBP],2022-01-14,2026-09-30,SIEMENS ENERGY PTE. LTD.,1590000,GBP
"2021",MPP-TH-21-00049,MPP-TH-21-00049/G1-61,THC22-5107,"For G1/61 Supply of Spare Parts and Provision of Maintenance Services for Rockwell for G1/61, G2/61, ART and S1",2022-03-01,2026-12-31,"ROCKWELL AUTOMATION THAI CO., LTD.",12117256.00000,THB,346207.31429,12117256.00000,12120000.00000,USD,12120000.00000,381780000.00000,380000.00000,380000.00000,11970000.00000,12120000.00000,381780000.00000,THC22-5107.0,"Supply of Spare Parts and Provision of Maintenance Services for Rockwell for G1/61, G2/61, ART and S",Live,2022-03-01 00:00:00.000,2026-12-31 00:00:00.000,12117256,THB,THC22-5107,"For G1/61 Supply of Spare Parts and Provision of Maintenance Services for Rockwell for G1/61, G2/61, ART and S1",2022-03-01,2026-12-31,"ROCKWELL AUTOMATION THAI CO., LTD.",12117256,THB
"2021",MPP-TH-21-00049,MPP-TH-21-00049/G2-61,THC22-5108,"For G2/61 Supply of Spare Parts and Provision of Maintenance Services for Rockwell for G1/61, G2/61, ART and S1",2022-03-01,2026-12-31,"ROCKWELL AUTOMATION THAI CO., LTD.",9813179.00000,THB,280376.54286,9813179.00000,311000.00000,USD,311000.00000,9796500.00000,311000.00000,311000.00000,9796500.00000,311000.00000,9796500.00000,THC22-5108.0,"Supply of Spare Parts and Provision of Maintenance Services for Rockwell for G1/61, G2/61, ART and S",Live,2022-03-01 00:00:00.000,2026-12-31 00:00:00.000,9813179,THB,THC22-5108,"For G2/61 Supply of Spare Parts and Provision of Maintenance Services for Rockwell for G1/61, G2/61, ART and S1",2022-03-01,2026-12-31,"ROCKWELL AUTOMATION THAI CO., LTD.",9813179,THB
"2021",MPP-TH-21-00068,MPP-TH-21-00068/G1-61,"2023.0211",Pipeline Integrity Management (G1) Study,2023-03-01,2026-02-28,TECHNIP ENERGIES (THAILAND) LTD.,1308555.00000,USD,1308555.00000,45799425.00000,1300000.00000,USD,1300000.00000,40950000.00000,1300000.00000,1300000.00000,40950000.00000,1300000.00000,40950000.00000,"2023.0211.0",Pipeline Integrity Management (G1) Study,Live,2023-03-01 00:00:00.000,2026-02-28 00:00:00.000,1308555,USD,"2023.0211",Pipeline Integrity Management (G1) Study,2023-03-01,2026-02-28,TECHNIP ENERGIES (THAILAND) LTD.,1308555,USD
"2021",MPP-TH-21-00089,MPP-TH-21-00089/G1-61,THC22-5037,PGT-21-0006 Provision of E2FSO Bareboat Charterparty for G1/61,2022-03-26,2032-06-25,ASIA PACIFIC MARINE SERVICES (EF) B.V.,302552000.00000,USD,302552000.00000,10589320000.00000,303800000.00000,USD,303800000.00000,9569700000.00000,303802000.00000,303802000.00000,9569763000.00000,303800000.00000,9569700000.00000,THC22-5037.0,Provision of E2FSO Bareboat Charterparty for G1/61,Live,2022-03-26 00:00:00.000,2032-06-25 00:00:00.000,302552000,USD,THC22-5037,PGT-21-0006 Provision of E2FSO Bareboat Charterparty for G1/61,2022-03-26,2032-06-25,ASIA PACIFIC MARINE SERVICES (EF) B.V.,302552000,USD
"2021",MPP-TH-21-00110,MPP-TH-21-00110/G1-61,THC21-5073,OTF-21-0042 Provision of Offshore Wellhead Maintenance Services for G1/61 Asset (Call-Off),2022-01-24,2027-04-23,MPC KINETIC WIRELINE SERVICES LIMITED,1.00000,USD,1.00000,35.00000,9780000.00000,USD,9780000.00000,308070000.00000,9780000.00000,9780000.00000,308070000.00000,9780000.00000,308070000.00000,THC21-5073.0,Provision of Offshore Wellhead Maintenance Services for G1/61 Asset (Call-Off),Live,2022-01-24 00:00:00.000,2027-04-23 00:00:00.000,1,USD,THC21-5073,OTF-21-0042 Provision of Offshore Wellhead Maintenance Services for G1/61 Asset (Call-Off),2022-01-24,2027-04-23,MPC KINETIC WIRELINE SERVICES LIMITED,1,USD
"2021",MPP-TH-21-00111,MPP-TH-21-00111/G1-61,THC21-5094,OTF-21-0010 Provision of Supervisory Services to Support Offshore Well Services Operations for G1/61(Call-Off),2021-08-01,2026-12-31,"ARGO SERVICES CO., LTD.",3903220.00000,USD,3903220.00000,136612700.00000,3900000.00000,USD,3900000.00000,122850000.00000,3900000.00000,3900000.00000,122850000.00000,3900000.00000,122850000.00000,THC21-5094.0,Provision of Supervisory Services to Support Offshore Well Services Operations for G1/61(Call-Off),Live,2021-08-01 00:00:00.000,2026-12-31 00:00:00.000,3903220,USD,THC21-5094,OTF-21-0010 Provision of Supervisory Services to Support Offshore Well Services Operations for G1/61(Call-Off),2021-08-01,2026-12-31,"ARGO SERVICES CO., LTD.",3903220,USD
"2021",MPP-TH-21-00111,MPP-TH-21-00111/G2-61,THC21-5228,OTF-21-0010 Provision of Supervisory Services to Support Offshore Well Services Operations for G2/61 and G12/48 (Call-Off) - Amendment 1,2021-08-01,2026-12-31,"ARGO SERVICES CO., LTD.",2829680.00000,USD,2829680.00000,99038800.00000,2830000.00000,USD,2830000.00000,89145000.00000,2830000.00000,2830000.00000,89145000.00000,2830000.00000,89145000.00000,THC21-5228.0,Provision of Supervisory Services to Support Offshore Well Services Operations for G2/61 (Call-Off),Live,2021-08-01 00:00:00.000,2026-12-31 00:00:00.000,2829680,USD,THC21-5228,OTF-21-0010 Provision of Supervisory Services to Support Offshore Well Services Operations for G2/61 and G12/48 (Call-Off) - Amendment 1,2021-08-01,2026-12-31,"ARGO SERVICES CO., LTD.",2829680,USD
"2021",MPP-TH-21-00122,MPP-TH-21-00122/G1-61,THC21-5346,THC21-5346c Time Charter of Five (5) Crew boats to support Production of G1/61,2022-03-24,2027-04-23,TRUTH MARITIME SERVICES COMPANY LIMITED,21115990.00000,USD,21115990.00000,739059650.00000,45300000.00000,USD,45300000.00000,1426950000.00000,21115990.00000,21115990.00000,665153685.00000,45300000.00000,1426950000.00000,THC21-5346.0,Time Charter of Five (5) Crew boats to support Production of G1/61,Live,2022-03-24 00:00:00.000,2027-04-23 00:00:00.000,21115990,USD,THC21-5346,THC21-5346c Time Charter of Five (5) Crew boats to support Production of G1/61,2022-03-24,2027-04-23,TRUTH MARITIME SERVICES COMPANY LIMITED,21115990,USD
"2021",MPP-TH-21-00122,MPP-TH-21-00122/G1-61,THC22-5176,THC21-5346a PROVISION OF TWO (2) CREW BOATS TO SUPPORT PRODUCTION FOR G1/61,2022-03-24,2027-04-23,UNIWISE OFFSHORE LTD.,8669080.00000,USD,8669080.00000,303417800.00000,45300000.00000,USD,45300000.00000,1426950000.00000,8669080.00000,8669080.00000,273076020.00000,45300000.00000,1426950000.00000,THC22-5176.0,"PROVISION OF TWO (2) CREW BOATS 
TO SUPPORT PRODUCTION FOR G1/61",Live,2022-03-24 00:00:00.000,2027-04-23 00:00:00.000,8669080,USD,THC22-5176,THC21-5346a PROVISION OF TWO (2) CREW BOATS TO SUPPORT PRODUCTION FOR G1/61,2022-03-24,2027-04-23,UNIWISE OFFSHORE LTD.,8669080,USD
"2021",MPP-TH-21-00122,MPP-TH-21-00122/G1-61,THC22-5177,THC21-5346b PROVISION OF FOUR (4) CREW BOATS TO SUPPORT PRODUCTION FOR G1/61,2022-03-24,2027-04-23,"SC MANAGEMENT CO., LTD.",15512320.00000,USD,15512320.00000,542931200.00000,45300000.00000,USD,45300000.00000,1426950000.00000,15512320.00000,15512320.00000,488638080.00000,45300000.00000,1426950000.00000,THC22-5177.0,"PROVISION OF FOUR (4) CREW BOATS 
TO SUPPORT PRODUCTION FOR G1/61",Live,2022-03-24 00:00:00.000,2027-04-23 00:00:00.000,15512320,USD,THC22-5177,THC21-5346b PROVISION OF FOUR (4) CREW BOATS TO SUPPORT PRODUCTION FOR G1/61,2022-03-24,2027-04-23,"SC MANAGEMENT CO., LTD.",15512320,USD
"2021",MPP-TH-21-00122,MPP-TH-21-00122/G2-61,THC21-5347,OLG-21-0025 Time charter of four (4) crew boats to support production of G2/61,2022-02-23,2027-04-22,TRUTH MARITIME SERVICES COMPANY LIMITED,17240000.00000,USD,17240000.00000,579551908.00000,13390000.00000,USD,13390000.00000,421785000.00000,13390000.00000,13390000.00000,421785000.00000,13390000.00000,421785000.00000,THC21-5347.0,Time charter of four (4) crew boats to support production of G2/61,Live,2022-02-23 00:00:00.000,2027-04-22 00:00:00.000,13496416,USD,THC21-5347,OLG-21-0025 Time charter of four (4) crew boats to support production of G2/61,2022-02-23,2027-04-22,TRUTH MARITIME SERVICES COMPANY LIMITED,13496416,USD
"2021",MPP-TH-21-00128,MPP-TH-21-00128/G1-61,THC21-5036,PPF/20/01045 Provision of Disposal Services of Non-Hazardous and Hazardous Waste for G1/61,2021-06-01,2026-05-31,WASTE MANAGEMENT SIAM LTD.,39522000.00000,THB,1129200.00000,39522000.00000,1235000.00000,USD,1235000.00000,38902500.00000,1235000.00000,1235000.00000,38902500.00000,1235000.00000,38902500.00000,THC21-5036.0,Provision of Disposal Services of Non-Hazardous and Hazardous Waste for G1/61,Live,2021-06-01 00:00:00.000,2026-05-31 00:00:00.000,39522000,THB,THC21-5036,PPF/20/01045 Provision of Disposal Services of Non-Hazardous and Hazardous Waste for G1/61,2021-06-01,2026-05-31,WASTE MANAGEMENT SIAM LTD.,43161000,THB
"2021",MPP-TH-21-00128,MPP-TH-21-00128/G2-61,THC21-5037,PPF/20/01045 Provision of Disposal Services of Non-Hazardous and Hazardous Waste for G12/61,2021-06-01,2026-05-31,WASTE MANAGEMENT SIAM LTD.,24599000.00000,THB,702828.57143,24599000.00000,770000.00000,USD,770000.00000,24255000.00000,769000.00000,769000.00000,24223500.00000,770000.00000,24255000.00000,THC21-5037.0,Provision of Disposal Services of Non-Hazardous and Hazardous Waste for G12/61,Live,2021-06-01 00:00:00.000,2026-05-31 00:00:00.000,24599000,THB,THC21-5037,PPF/20/01045 Provision of Disposal Services of Non-Hazardous and Hazardous Waste for G12/61,2021-06-01,2026-05-31,WASTE MANAGEMENT SIAM LTD.,30799000,THB
"2021",MPP-TH-21-00129,MPP-TH-21-00129/G1-61,THC21-5189,PPF/21/00772 Provision of Treatment and Disposal Services of Mercury contaminated wastes for G1/61,2022-04-24,2026-10-31,BMT ASIA COMPANY LIMITED,134595000.00000,THB,3845571.42857,134595000.00000,4272857.14000,USD,4272857.14000,134594999.91000,4272857.14000,4272857.14000,134594999.91000,4272857.14000,134594999.91000,THC21-5189.0,Provision of Treatment and Disposal Services of Mercury contaminated wastes for G1/61,Live,2022-04-24 00:00:00.000,2026-10-31 00:00:00.000,134595000,THB,THC21-5189,PPF/21/00772 Provision of Treatment and Disposal Services of Mercury contaminated wastes for G1/61,2022-04-24,2026-10-31,BMT ASIA COMPANY LIMITED,134595000,THB
"2021",MPP-TH-21-00129,MPP-TH-21-00129/G2-61,THC21-5190,PPF/21/00772 Provision of Treatment and Disposal Services of Mercury contaminated wastes for G2/61,2022-04-24,2026-10-31,BMT ASIA COMPANY LIMITED,218944000.00000,THB,6255542.85714,218944000.00000,6950603.17000,USD,6950603.17000,218943999.85500,6950603.17000,6950603.17000,218943999.85500,6950603.17000,218943999.85500,THC21-5190.0,Provision of Treatment and Disposal Services of Mercury contaminated wastes for G2/61,Live,2022-04-24 00:00:00.000,2026-10-31 00:00:00.000,218944000,THB,THC21-5190,PPF/21/00772 Provision of Treatment and Disposal Services of Mercury contaminated wastes for G2/61,2022-04-24,2026-10-31,BMT ASIA COMPANY LIMITED,218944000,THB
"2021",MPP-TH-21-00132,MPP-TH-21-00132/G1-61,THC21-5480,OLG-21-0015_G161 The Provision of Customs Clearance and Land Transportation Services,2022-01-01,2026-12-31,"BANGKOK FREIGHT FORWARDERS CO., LTD.",135388459.00000,THB,3868241.68571,135388459.00000,4300000.00000,USD,4300000.00000,135450000.00000,4298046.32000,4298046.32000,135388459.10000,4300000.00000,135450000.00000,THC21-5480.0,The Provision of Customs Clearance and Land Transportation Services,Live,2022-01-01 00:00:00.000,2026-12-31 00:00:00.000,135388459,THB,THC21-5480,OLG-21-0015_G161 The Provision of Customs Clearance and Land Transportation Services,2022-01-01,2026-12-31,"BANGKOK FREIGHT FORWARDERS CO., LTD.",135388459,THB
"2021",MPP-TH-21-00132,MPP-TH-21-00132/G2-61,THC21-5481,OLG-21-0015_G261 The Provision of Customs Clearance and Land Transportation Services,2022-01-01,2026-12-31,"BANGKOK FREIGHT FORWARDERS CO., LTD.",84210164.00000,THB,2406004.68571,84210164.00000,2673338.51000,USD,2673338.51000,84210163.06500,2673338.51000,2673338.51000,84210163.06500,2673338.51000,84210163.06500,THC21-5481.0,The Provision of Customs Clearance and Land Transportation Services,Live,2022-01-01 00:00:00.000,2026-12-31 00:00:00.000,84210164,THB,THC21-5481,OLG-21-0015_G261 The Provision of Customs Clearance and Land Transportation Services,2022-01-01,2026-12-31,"BANGKOK FREIGHT FORWARDERS CO., LTD.",84210164,THB
"2021",MPP-TH-21-00139,MPP-TH-21-00139/G1-61,THC21-5360,OMS-21-0008 Provision of Permanent Intrafield Network Communication,2021-12-22,2027-10-23,"TRUE MOVE H UNIVERSAL COMMUNICATION CO., LTD.",253735290.00000,THB,7249579.71429,253735290.00000,8060000.00000,USD,8060000.00000,253890000.00000,8055088.57000,8055088.57000,253735290.00000,8060000.00000,253890000.00000,THC21-5360.0,Provision of Permanent Intrafield Network Communication,Live,2021-12-22 00:00:00.000,2027-10-23 00:00:00.000,253735290,THB,THC21-5360,OMS-21-0008 Provision of Permanent Intrafield Network Communication,2021-12-22,2027-10-23,"TRUE MOVE H UNIVERSAL COMMUNICATION CO., LTD.",253735290,THB
"2021",MPP-TH-21-00147,MPP-TH-21-00147/G2-61,THC21-5301,ECM-21-0016 Provision of Offshore Routine Construction Services Contract for G2/61,2022-03-01,2027-02-28,"CES. ENGINEERING & MAINTENANCE SERVICES CO., LTD.",507732569.34000,THB,14506644.83829,507732569.34000,13540000.00000,USD,13540000.00000,426510000.00000,13540000.00000,13540000.00000,426510000.00000,13540000.00000,426510000.00000,THC21-5301.1,Provision of Offshore Routine Construction Services Contract for G2/61,Live,2022-03-01 00:00:00.000,2027-02-28 00:00:00.000,507732569.34,THB,THC21-5301,ECM-21-0016 Provision of Offshore Routine Construction Services Contract for G2/61,2022-03-01,2027-02-28,"CES. ENGINEERING & MAINTENANCE SERVICES CO., LTD.",507732569.339999974,THB
"2021",MPP-TH-21-00169,MPP-TH-21-00169/G2-61,THC21-5095,OTF-21-0011 Provision of Offshore Drilling Rig for Bongkot and G2/61 Drilling Campaign 2022-2025 (RIG 6),2021-09-17,2025-02-15,SAPURA DRILLING ASIA LIMITED,61968600.00000,USD,61968600.00000,2168901000.00000,47800000.00000,USD,47800000.00000,1505700000.00000,47800000.00000,47800000.00000,1505700000.00000,47800000.00000,1505700000.00000,THC21-5095.1,Provision of Offshore Drilling Rig for Bongkot and Block G2/61’s Drilling Campaign 2022-2025 (RIG#6),Signed,2021-09-17 00:00:00.000,2025-02-15 00:00:00.000,61968600,USD,THC21-5095,OTF-21-0011 Provision of Offshore Drilling Rig for Bongkot and G2/61 Drilling Campaign 2022-2025 (RIG 6),2021-09-17,2025-02-15,SAPURA DRILLING ASIA LIMITED,61968600,USD
"2021",MPP-TH-21-00174,MPP-TH-21-00174/G2-61,THC21-5122,OTF-21-0030 Provision H2S Protection and Training Services to support offshore drilling operation G1/61 and G2/61 (2021-2026),2021-11-01,2026-12-31,Rutledge Omni Services Pte Ltd,2012565.00000,USD,2012565.00000,70439775.00000,1400000.00000,USD,1400000.00000,44100000.00000,1400000.00000,1400000.00000,44100000.00000,1400000.00000,44100000.00000,THC21-5122.0,Provision H2S Protection and Training Services to support offshore drilling operation G1/61 and G2/6,Live,2022-01-01 00:00:00.000,2026-12-31 00:00:00.000,2012565,USD,THC21-5122,OTF-21-0030 Provision H2S Protection and Training Services to support offshore drilling operation G1/61 and G2/61 (2021-2026),2021-11-01,2026-12-31,RUTLEDGE OMNI SERVICES PTE LTD,3543816,USD
"2021",MPP-TH-21-00176,MPP-TH-21-00176/G2-61,THC21-5025,"OTF-21-0009 Provision of Offshore Slickline Services for G2/61, Bongkot and Arthit Assets (Call-Off)",2021-08-16,2026-12-31,MPC KINETIC WIRELINE SERVICES LIMITED,15084350.00000,USD,15084350.00000,527952250.00000,0.00000,USD,0.00000,0.00000,0.00000,0.00000,0.00000,9520000.00000,299880000.00000,THC21-5025.0,"Provision of Offshore Slickline Services for G2/61, Bongkot and Arthit Assets (Call-Off)",Live,2021-08-16 00:00:00.000,2026-12-31 00:00:00.000,15084350,USD,THC21-5025,"OTF-21-0009 Provision of Offshore Slickline Services for G2/61, Bongkot and Arthit Assets (Call-Off)",2021-08-16,2026-12-31,MPC KINETIC WIRELINE SERVICES LIMITED,1442.4,USD
"2021",MPP-TH-21-00176,MPP-TH-21-00176/G2-61,THC22-5306,"OTF-21-0009 Provision of Offshore Slickline Services for G2/61, Bongkot and Arthit Assets",2021-08-16,2026-12-31,"MPC FUTURE CO., LTD",15075695.60000,USD,15075695.60000,527649346.00000,0.00000,USD,0.00000,0.00000,0.00000,0.00000,0.00000,0.00000,0.00000,THC22-5306.1,"Provision of Offshore Slickline Services for G2/61, Bongkot and Arthit Assets",Live,2021-08-16 00:00:00.000,2026-12-31 00:00:00.000,15075695.6,USD,THC22-5306,"OTF-21-0009 Provision of Offshore Slickline Services for G2/61, Bongkot and Arthit Assets",2021-08-16,2026-12-31,"MPC FUTURE CO., LTD",15182907.6,USD
"2021",MPP-TH-21-00179,MPP-TH-21-00179/G2-61,THC21-5072,"OTF-21-0032 Provision of Offshore Wellhead Maintenance Services for G2/61, Bongkot and Arthit (Call-Off)",2021-12-01,2027-03-31,"B.E.S. ENERGY RESOURCES CO.,LTD",9607335.00000,USD,9607335.00000,336256725.00000,6240000.00000,USD,6240000.00000,196560000.00000,6240000.00000,6240000.00000,196560000.00000,6240000.00000,196560000.00000,THC21-5072.0,"Provision of Offshore Wellhead Maintenance Services for G2/61, Bongkot and Arthit (Call-Off)",Live,2021-12-01 00:00:00.000,2027-03-31 00:00:00.000,9607335,USD,THC21-5072,"OTF-21-0032 Provision of Offshore Wellhead Maintenance Services for G2/61, Bongkot and Arthit (Call-Off)",2021-12-01,2027-03-31,"B.E.S. ENERGY RESOURCES CO.,LTD",9607335,USD
"2021",MPP-TH-21-00194,MPP-TH-21-00194/Non-PSC,THC21-5357,Copy of PPF/21/00635 การจัดจ้างบริหารจัดการสวัสดิการค่ารักษาพยาบาล สำหรับบริษัท ปตท.สผ. เอนเนอร์ยี่ ดีเวลลอปเมนท์ จำกัด (G1/61),2022-01-01,2026-12-31,AETNA HEALTH INSURANCE (THAILAND) PUBLIC COMPANY LIMITED,2710000.00000,USD,2710000.00000,81574794.00000,2710000.00000,USD,2710000.00000,81574794.00000,2710000.00000,2710000.00000,81574794.00000,2710000.00000,81574794.00000,THC21-5357.0,Medical Administration Service,Live,2022-01-01 00:00:00.000,2026-12-31 00:00:00.000,3355000,THB,THC21-5357,Copy of PPF/21/00635 การจัดจ้างบริหารจัดการสวัสดิการค่ารักษาพยาบาล สำหรับบริษัท ปตท.สผ. เอนเนอร์ยี่ ดีเวลลอปเมนท์ จำกัด (G1/61),2022-01-01,2026-12-31,AETNA HEALTH INSURANCE (THAILAND) PUBLIC COMPANY LIMITED,5287827.01,THB
"2021",MPP-TH-21-00221,MPP-TH-21-00221/G1-61,THC22-5315,"OTF-21-0048 Provision of DD, MWD, LWD and RSS Services for Rig 5 (G1/61 asset)",2022-06-01,2027-06-30,"WEATHERFORD KSP CO., LTD.",7117060.00000,USD,7117060.00000,249097100.00000,236110000.00000,USD,236110000.00000,7437465000.00000,6572350.00000,6572350.00000,207029025.00000,236110000.00000,7437465000.00000,THC22-5315.1,"THC22-5315 - Provision of DD, MWD, LWD and RSS Services for Rig 5 (G1/61 asset)",Live,2022-06-01 00:00:00.000,2027-06-30 00:00:00.000,7117060,USD,THC22-5315,"OTF-21-0048 Provision of DD, MWD, LWD and RSS Services for Rig 5 (G1/61 asset)",2022-06-01,2027-06-30,"WEATHERFORD KSP CO., LTD.",7117060,USD
"2021",MPP-TH-21-00227,MPP-TH-21-00227/G1-61,THC21-5260,OTF-21-0033 Provision of Crossover and Pup Joint Services for G1/61 (Call-Off),2022-03-01,2026-12-31,"OILFIELD SERVICES & SUPPLIES (THAILAND) CO.,LTD.",55593640.00000,THB,1588389.71429,55593640.00000,1764877.46000,USD,1764877.46000,55593639.99000,1764877.46000,1764877.46000,55593639.99000,1764877.46000,55593639.99000,THC21-5260.0,Provision of Crossover and Pup Joint Services for G1/61 (Call-Off),Live,2022-03-01 00:00:00.000,2026-12-31 00:00:00.000,55593640,THB,THC21-5260,OTF-21-0033 Provision of Crossover and Pup Joint Services for G1/61 (Call-Off),2022-03-01,2026-12-31,"OILFIELD SERVICES & SUPPLIES (THAILAND) CO.,LTD.",64068451,THB
"2021",MPP-TH-21-00230,MPP-TH-21-00230/Non-PSC,THC21-5250,EM3-21-0002 Project Management and Consultancy Services for DG2P Onshore Pipelines and Facilities,2022-03-01,2026-12-31,GC MAINTENANCE AND ENGINEERING COMPANY LIMITED,9000000.00000,USD,9000000.00000,270912600.00000,9000000.00000,USD,9000000.00000,270912600.00000,9000000.00000,9000000.00000,270912600.00000,9000000.00000,270912600.00000,THC21-5250.0,Project Management and Consultancy Services for DG2P Onshore Pipelines and Facilities,Live,2022-03-01 00:00:00.000,2026-12-31 00:00:00.000,16080000,USD,THC21-5250,EM3-21-0002 Project Management and Consultancy Services for DG2P Onshore Pipelines and Facilities,2022-03-01,2026-12-31,GC MAINTENANCE AND ENGINEERING COMPANY LIMITED,16080000,USD
"2021",MPP-TH-21-00234,MPP-TH-21-00234/Non-PSC,THC21-5135,PTN-VP-21-0001 Provision of Security Guards Service at Sinphuhorm,2022-01-01,2026-12-31,G4S SECURITY SERVICES (THAILAND) LIMITED,1650000.00000,USD,1650000.00000,49667310.00000,1650000.00000,USD,1650000.00000,49667310.00000,1650000.00000,1650000.00000,49667310.00000,1650000.00000,49667310.00000,THC21-5135.0,Provision of Security Guards Service at Sinphuhorm,Live,2022-01-01 00:00:00.000,2026-12-31 00:00:00.000,65415000,THB,THC21-5135,PTN-VP-21-0001 Provision of Security Guards Service at Sinphuhorm,2022-01-01,2026-12-31,G4S SECURITY SERVICES (THAILAND) LIMITED,67599956,THB
"2021",MPP-TH-21-00236,MPP-TH-21-00236/G1-61,THC21-5233,OLG-21-0041 Supply of Marine Gas Oil for G1/61,2022-04-18,2027-04-17,PTT OIL AND RETAIL BUSINESS PUBLIC COMPANY LIMITED,9418009700.00000,THB,269085991.42857,9418009700.00000,291300000.00000,USD,291300000.00000,9175950000.00000,291300000.00000,291300000.00000,9175950000.00000,291300000.00000,9175950000.00000,THC21-5233.0,Supply of Marine Gas Oil for G1/61,Live,2022-04-18 00:00:00.000,2027-04-17 00:00:00.000,9176106700,THB,THC21-5233,OLG-21-0041 Supply of Marine Gas Oil for G1/61,2022-04-18,2027-04-17,PTT OIL AND RETAIL BUSINESS PUBLIC COMPANY LIMITED,9418009700,THB
"2021",MPP-TH-21-00236,MPP-TH-21-00236/G2-61,"2023.0577",Supply of Marine Gas Oil for G2/61,2023-11-01,2027-03-21,Star Fuels Marketing Limited,,USD,,,3921007160.00000,USD,3921007160.00000,123512000000.00000,3921007160.00000,3921007160.00000,123511725540.00000,0.00000,0.00000,"2023.0577.2",Supply of Marine Gas Oil for G2/61,Live,2023-11-01 00:00:00.000,2027-03-21 00:00:00.000,3997551560,THB,"2023.0577",Supply of Marine Gas Oil for G2/61,2023-11-01,2027-03-21,STAR FUELS MARKETING LIMITED,3997551560,THB
"2021",MPP-TH-21-00236,MPP-TH-21-00236/G2-61,THC21-5234,OLG-21-0022 Supply of Marine Gas Oil for G2/61,2022-03-22,2027-03-21,CHEVRON (THAILAND) LIMITED,6047172000.00000,THB,172776342.85714,6047172000.00000,67500000.00000,USD,67500000.00000,67500000.00000,67500000.00000,67500000.00000,67500000.00000,67500000.00000,67500000.00000,THC21-5234.0,Supply of Marine Gas Oil for G2/61,Live,2022-03-22 00:00:00.000,2027-03-21 00:00:00.000,6047172000,THB,THC21-5234,OLG-21-0022 Supply of Marine Gas Oil for G2/61,2022-03-22,2027-03-21,CHEVRON (THAILAND) LIMITED,2126164840,THB
"2021",MPP-TH-21-00252,MPP-TH-21-00252/Non-PSC,THC21-5402,FFM-21-0001 Car Rental for Management Cars and High-Roof Vans (bidding),2022-02-01,2027-01-31,"WORLDCLASS RENT A CAR CO., LTD.",180544000.00000,USD,180544000.00000,180544000.00000,180544000.00000,USD,180544000.00000,180544000.00000,180544000.00000,180544000.00000,180544000.00000,180544000.00000,180544000.00000,THC21-5402.0,Car Rental for Management Cars and High-Roof Vans (bidding),Live,2022-02-01 00:00:00.000,2027-01-31 00:00:00.000,135577000,THB,THC21-5402,FFM-21-0001 Car Rental for Management Cars and High-Roof Vans (bidding),2022-02-01,2027-01-31,"WORLDCLASS RENT A CAR CO., LTD.",135577000,THB
"2021",MPP-TH-21-00289,MPP-TH-21-00289/G1-61,THC21-5413,ECM-21-0024a The Provision of Project Management and Engineering Services Call-off Contract for Offshore Projects for G1/61-TEN,2022-04-01,2027-03-31,TECHNIP ENERGIES (THAILAND) LTD.,73500000.00000,THB,2100000.00000,73500000.00000,9330000.00000,USD,9330000.00000,293895000.00000,2330000.00000,2330000.00000,73395000.00000,9330000.00000,293895000.00000,THC21-5413.0,The Provision of Project Management and Engineering Services Call-off Contract for Offshore Projects,Live,2022-04-01 00:00:00.000,2027-03-31 00:00:00.000,73500000,THB,THC21-5413,ECM-21-0024a The Provision of Project Management and Engineering Services Call-off Contract for Offshore Projects for G1/61-TEN,2022-04-01,2027-03-31,TECHNIP ENERGIES (THAILAND) LTD.,239711742.25,THB
"2021",MPP-TH-21-00289,MPP-TH-21-00289/G1-61,THC22-5149,ECM-21-0024 The Provision of Project Management and Engineering Services Call-off Contract for Offshore Projects for G1/61-CUEL,2022-04-01,2027-03-31,CUEL LIMITED,73500000.00000,THB,2100000.00000,73500000.00000,9330000.00000,USD,9330000.00000,293895000.00000,2330000.00000,2330000.00000,73395000.00000,9330000.00000,293895000.00000,THC22-5149.0,The Provision of Project Management and Engineering Services Call-off Contract for Offshore Projects,Live,2022-04-01 00:00:00.000,2027-03-31 00:00:00.000,73500000,THB,THC22-5149,ECM-21-0024 The Provision of Project Management and Engineering Services Call-off Contract for Offshore Projects for G1/61-CUEL,2022-04-01,2027-03-31,CUEL LIMITED,9467933.25,THB
"2021",MPP-TH-21-00289,MPP-TH-21-00289/G1-61,THC22-5150,ECM-21-0024 The Provision of Project Management and Engineering Services Call-off Contract for Offshore Projects for G1/61-TNS,2022-04-01,2027-03-31,THAI NIPPON STEEL ENGINEERING & CONSTRUCTION CORPORATION LTD,73500000.00000,THB,2100000.00000,73500000.00000,9330000.00000,USD,9330000.00000,293895000.00000,2330000.00000,2330000.00000,73395000.00000,9330000.00000,293895000.00000,THC22-5150.0,The Provision of Project Management and Engineering Services Call-off Contract for Offshore Projects,Live,2022-04-01 00:00:00.000,2027-03-31 00:00:00.000,73500000,THB,THC22-5150,ECM-21-0024 The Provision of Project Management and Engineering Services Call-off Contract for Offshore Projects for G1/61-TNS,2022-04-01,2027-03-31,THAI NIPPON STEEL ENGINEERING & CONSTRUCTION CORPORATION LTD,19512471.75,THB
"2021",MPP-TH-21-00289,MPP-TH-21-00289/G1-61,THC22-5151,ECM-21-0024b The Provision of Project Management and Engineering Services Call-off Contract for Offshore Projects for G1/61-WTL,2022-04-01,2027-03-31,WORLEY (THAILAND) LIMITED,73500000.00000,THB,2100000.00000,73500000.00000,9330000.00000,USD,9330000.00000,293895000.00000,2330000.00000,2330000.00000,73395000.00000,9330000.00000,293895000.00000,THC22-5151.0,The Provision of Project Management and Engineering Services Call-off Contract for Offshore Projects,Live,2022-04-01 00:00:00.000,2027-03-31 00:00:00.000,73500000,THB,THC22-5151,ECM-21-0024b The Provision of Project Management and Engineering Services Call-off Contract for Offshore Projects for G1/61-WTL,2022-04-01,2027-03-31,WORLEY (THAILAND) LIMITED,58208043.25,THB
"2021",MPP-TH-21-00289,MPP-TH-21-00289/G2-61,THC21-5414,ECM-21-0024a The Provision of Project Management and Engineering Services Call-off Contract for Offshore Projects for G2/61-TEN,2022-04-01,2027-03-31,TECHNIP ENERGIES (THAILAND) LTD.,48300000.00000,THB,1380000.00000,48300000.00000,6130000.00000,USD,6130000.00000,193095000.00000,1533334.00000,1533334.00000,48300021.00000,1533333.33000,48300000.00000,THC21-5414.0,The Provision of Project Management and Engineering Services Call-off Contract for Offshore Projects,Live,2022-04-01 00:00:00.000,2027-03-31 00:00:00.000,48300000,THB,THC21-5414,ECM-21-0024a The Provision of Project Management and Engineering Services Call-off Contract for Offshore Projects for G2/61-TEN,2022-04-01,2027-03-31,TECHNIP ENERGIES (THAILAND) LTD.,84056082.25,THB
"2021",MPP-TH-21-00289,MPP-TH-21-00289/G2-61,THC22-5152,ECM-21-0024 The Provision of Project Management and Engineering Services Call-off Contract for Offshore Projects for G2/61-CUEL,2022-04-01,2027-03-31,CUEL LIMITED,48300000.00000,THB,1380000.00000,48300000.00000,6130000.00000,USD,6130000.00000,193095000.00000,1533334.00000,1533334.00000,48300021.00000,1533333.33000,48300000.00000,THC22-5152.0,The Provision of Project Management and Engineering Services Call-off Contract for Offshore Projects,Live,2022-04-01 00:00:00.000,2027-03-31 00:00:00.000,48300000,THB,THC22-5152,ECM-21-0024 The Provision of Project Management and Engineering Services Call-off Contract for Offshore Projects for G2/61-CUEL,2022-04-01,2027-03-31,CUEL LIMITED,34843342.25,THB
"2021",MPP-TH-21-00289,MPP-TH-21-00289/G2-61,THC22-5153,ECM-21-0024 The Provision of Project Management and Engineering Services Call-off Contract for Offshore Projects for G2/61-TNS,2022-04-01,2027-03-31,THAI NIPPON STEEL ENGINEERING & CONSTRUCTION CORPORATION LTD,48300000.00000,THB,1380000.00000,48300000.00000,6130000.00000,USD,6130000.00000,193095000.00000,1533334.00000,1533334.00000,48300021.00000,1533333.33000,48300000.00000,THC22-5153.0,The Provision of Project Management and Engineering Services Call-off Contract for Offshore Projects,Live,2022-04-01 00:00:00.000,2027-03-31 00:00:00.000,48300000,THB,THC22-5153,ECM-21-0024 The Provision of Project Management and Engineering Services Call-off Contract for Offshore Projects for G2/61-TNS,2022-04-01,2027-03-31,THAI NIPPON STEEL ENGINEERING & CONSTRUCTION CORPORATION LTD,37331600.25,THB
"2021",MPP-TH-21-00289,MPP-TH-21-00289/G2-61,THC22-5154,ECM-21-0024b The Provision of Project Management and Engineering Services Call-off Contract for Offshore Projects for G2/61-WTL,2022-04-01,2027-03-31,WORLEY (THAILAND) LIMITED,48300000.00000,USD,1380000.00000,48300000.00000,1533333.00000,USD,1533333.00000,48300000.00000,1533333.33000,1533333.33000,48300000.00000,1533333.33000,48300000.00000,THC22-5154.0,The Provision of Project Management and Engineering Services Call-off Contract for Offshore Projects,Live,2022-04-01 00:00:00.000,2027-03-31 00:00:00.000,48300000,THB,THC22-5154,ECM-21-0024b The Provision of Project Management and Engineering Services Call-off Contract for Offshore Projects for G2/61-WTL,2022-04-01,2027-03-31,WORLEY (THAILAND) LIMITED,36968975.25,THB
"2021",MPP-TH-21-00297,MPP-TH-21-00297/G2-61,THC21-5288,N/A Provision of PLC Support Services during Commissioning for G2/61,2022-01-01,2026-12-31,"ROCKWELL AUTOMATION THAI CO., LTD.",14435415.00000,THB,412440.42857,14435415.00000,460000.00000,USD,460000.00000,14490000.00000,460000.00000,460000.00000,14490000.00000,460000.00000,14490000.00000,THC21-5288.0,Provision of PLC Support Services during Commissioning for G2/61,Live,2022-01-01 00:00:00.000,2026-12-31 00:00:00.000,14435415,THB,THC21-5288,N/A Provision of PLC Support Services during Commissioning for G2/61,2022-01-01,2026-12-31,"ROCKWELL AUTOMATION THAI CO., LTD.",14435415,THB
"2021",MPP-TH-21-00298,MPP-TH-21-00298/G1-61,THC21-5335,ECM-21-0022 Supply of Electrical Leverless Limit Switch for G1/61,2022-01-01,2025-12-31,"IVAC AUTOMATION CO., LTD",35443800.00000,THB,1012680.00000,35443800.00000,1125000.00000,USD,1125000.00000,35437500.00000,1125000.00000,1125000.00000,35437500.00000,1125000.00000,35437500.00000,THC21-5335.0,Supply of Electrical Leverless Limit Switch for G1/61,Live,2022-01-01 00:00:00.000,2025-12-31 00:00:00.000,35443800,THB,THC21-5335,ECM-21-0022 Supply of Electrical Leverless Limit Switch for G1/61,2022-01-01,2025-12-31,"IVAC AUTOMATION CO., LTD",35443800,THB
"2021",MPP-TH-21-00298,MPP-TH-21-00298/G2-61,THC21-5336,ECM-21-0022 Supply of Electrical Leverless Limit Switch for G2/61,2022-01-01,2025-12-31,"IVAC AUTOMATION CO., LTD",17227100.00000,THB,492202.85714,17227100.00000,550000.00000,USD,550000.00000,17325000.00000,550000.00000,550000.00000,17325000.00000,550000.00000,17325000.00000,THC21-5336.0,Supply of Electrical Leverless Limit Switch for G2/61,Live,2022-01-01 00:00:00.000,2025-12-31 00:00:00.000,17227100,THB,THC21-5336,ECM-21-0022 Supply of Electrical Leverless Limit Switch for G2/61,2022-01-01,2025-12-31,"IVAC AUTOMATION CO., LTD",17227100,THB
"2021",MPP-TH-21-00311,MPP-TH-21-00311/G2-61,THC22-5046,OLG-21-0026 TIME CHARTER OF ONE (1) AHTS VESSEL 80-95 TONS BOLLARD PULL TO SUPPORT PRODUCTION OF G2/61,2022-02-23,2027-04-22,"SC MANAGEMENT CO., LTD.",12976170.00000,USD,12976170.00000,454165950.00000,10180000.00000,USD,10180000.00000,320670000.00000,10182390.00000,10182390.00000,320745285.00000,10180000.00000,320670000.00000,THC22-5046.0,"TIME CHARTER OF ONE (1) AHTS VESSEL 80-95 TONS BOLLARD PULL TO
SUPPORT PRODUCTION OF G2/61",Live,2022-02-23 00:00:00.000,2027-04-22 00:00:00.000,12976170,USD,THC22-5046,OLG-21-0026 TIME CHARTER OF ONE (1) AHTS VESSEL 80-95 TONS BOLLARD PULL TO SUPPORT PRODUCTION OF G2/61,2022-02-23,2027-04-22,"SC MANAGEMENT CO., LTD.",12976170,USD
"2021",MPP-TH-21-00316,MPP-TH-21-00316/G1-61,THC21-5281,OMS-20-0040 MSA with PTT Digital for G1/61,2021-09-07,2025-12-31,PTT DIGITAL SOLUTIONS COMPANY LIMITED,240000000.00000,THB,6857142.85714,240000000.00000,7619047.62000,USD,7619047.62000,240000000.03000,7619047.62000,7619047.62000,240000000.03000,7619047.62000,240000000.03000,THC21-5281.0,MSA with PTT Digital for G1/61,Live,2021-09-07 00:00:00.000,2025-12-31 00:00:00.000,240000000,THB,THC21-5281,OMS-20-0040 MSA with PTT Digital for G1/61,2021-09-07,2025-12-31,PTT DIGITAL SOLUTIONS COMPANY LIMITED,253950000,THB
"2021",MPP-TH-21-00316,MPP-TH-21-00316/G2-61,THC21-5282,OMS-20-0040 สัญญาบริการด้านดิจิทัล เพื่อโครงการจี G2/61,2021-09-01,2025-12-31,PTT DIGITAL SOLUTIONS COMPANY LIMITED,50000000.00000,THB,1428571.42857,50000000.00000,1120000.00000,USD,1120000.00000,35280000.00000,1120000.00000,1120000.00000,35280000.00000,1120000.00000,35280000.00000,THC21-5282.0,MSA for Digital Services for G2/61,Live,2021-09-01 00:00:00.000,2025-12-31 00:00:00.000,50000000,THB,THC21-5282,OMS-20-0040 สัญญาบริการด้านดิจิทัล เพื่อโครงการจี G2/61,2021-09-01,2025-12-31,PTT DIGITAL SOLUTIONS COMPANY LIMITED,56750000,THB
"2021",MPP-TH-21-00324,MPP-TH-21-00324/Non-PSC,THC21-5399,FFM-21-0002 Car Rental for Carpool and Operation Sites (e-bidding),2022-02-01,2027-01-31,"SOUTHEAST CAPITAL CO.,LTD.",167902000.00000,USD,167902000.00000,167902000.00000,167902000.00000,USD,167902000.00000,167902000.00000,167902000.00000,167902000.00000,167902000.00000,167902000.00000,167902000.00000,THC21-5399.0,Car Rental for Carpool and Operation Sites (e-bidding),Live,2022-02-01 00:00:00.000,2027-01-31 00:00:00.000,108706000,THB,THC21-5399,FFM-21-0002 Car Rental for Carpool and Operation Sites (e-bidding),2022-02-01,2027-01-31,"SOUTHEAST CAPITAL CO.,LTD.",108028904,THB
"2021",MPP-TH-21-00346,MPP-TH-21-00346/Non-PSC,THC21-5347,OLG-21-0025 Time charter of four (4) crew boats to support production of G2/61,2022-02-23,2027-04-22,TRUTH MARITIME SERVICES COMPANY LIMITED,17240000.00000,USD,17240000.00000,579551908.00000,17240000.00000,USD,17240000.00000,579551908.00000,17240000.00000,17240000.00000,579551908.00000,17240000.00000,579551908.00000,THC21-5347.0,Time charter of four (4) crew boats to support production of G2/61,Live,2022-02-23 00:00:00.000,2027-04-22 00:00:00.000,13496416,USD,THC21-5347,OLG-21-0025 Time charter of four (4) crew boats to support production of G2/61,2022-02-23,2027-04-22,TRUTH MARITIME SERVICES COMPANY LIMITED,13496416,USD
"2021",MPP-TH-21-00351,MPP-TH-21-00351/G1-61,THC21-5026,OTF-21-0046 Provision of Offshore Slickline Services for G1/61 Asset,2022-01-24,2027-04-23,MPC KINETIC WIRELINE SERVICES LIMITED,18702888.00000,USD,18702888.00000,654601080.00000,18700000.00000,USD,18700000.00000,589050000.00000,18700000.00000,18700000.00000,589050000.00000,18700000.00000,589050000.00000,THC21-5026.0,Provision of Offshore Slickline Services for G1/61 Asset,Live,2022-01-24 00:00:00.000,2027-04-23 00:00:00.000,18702888,USD,THC21-5026,OTF-21-0046 Provision of Offshore Slickline Services for G1/61 Asset,2022-01-24,2027-04-23,MPC KINETIC WIRELINE SERVICES LIMITED,1,USD
"2021",MPP-TH-21-00351,MPP-TH-21-00351/G1-61,THC22-5305,OTF-21-0046 Provision of Offshore Slickline Services for G1/61 Asset (Call-Off),2022-01-24,2027-04-23,"MPC FUTURE CO., LTD",18702888.00000,USD,18702888.00000,654601080.00000,18702888.00000,USD,18702888.00000,589140972.00000,18702888.00000,18702888.00000,589140972.00000,18702888.00000,589140972.00000,THC22-5305.0,Provision of Offshore Slickline Services for G1/61 Asset (Call-Off),Live,2022-01-24 00:00:00.000,2027-04-23 00:00:00.000,18702888,USD,THC22-5305,OTF-21-0046 Provision of Offshore Slickline Services for G1/61 Asset (Call-Off),2022-01-24,2027-04-23,"MPC FUTURE CO., LTD",19367228,USD
"2021",MPP-TH-21-00383,MPP-TH-21-00383/G1-61,THC22-5131,OMS-22-0001 The Provision of IT and Network Communication Service for Rigs of G1/61 and G2/61,2022-03-28,2027-12-31,PTT DIGITAL SOLUTIONS COMPANY LIMITED,253209500.00000,THB,7234557.14286,253209500.00000,6090000.00000,USD,6090000.00000,191835000.00000,6090000.00000,6090000.00000,191835000.00000,6090000.00000,191835000.00000,THC22-5131.0,The Provision of IT and Network Communication Service for Rigs of G1/61 and G2/61,Live,2022-03-28 00:00:00.000,2027-08-14 00:00:00.000,253209500,THB,THC22-5131,OMS-22-0001 The Provision of IT and Network Communication Service for Rigs of G1/61 and G2/61,2022-03-28,2027-12-31,PTT DIGITAL SOLUTIONS COMPANY LIMITED,279242060,THB
"2022",MPP-TH-22-00027,MPP-TH-22-00027/G2-61,"2022.0162",Price Agreement for The Supply of Mercury Removal Filter (40” L) in Condensate for G2/61,2022-12-30,2025-12-30,"SNU SOLUTIONS PROVIDER CO.,LTD",432000.00000,USD,432000.00000,15120000.00000,430000.00000,USD,430000.00000,13115000.00000,432000.00000,432000.00000,13176000.00000,430000.00000,13115000.00000,"2022.0162.0",Price Agreement for The Supply of Mercury Removal Filter (40” L) in Condensate for G2/61,Live,2022-12-30 00:00:00.000,2025-12-29 00:00:00.000,432000,USD,"2022.0162",Price Agreement for The Supply of Mercury Removal Filter (40” L) in Condensate for G2/61,2022-12-30,2025-12-29,"SNU SOLUTIONS PROVIDER CO.,LTD",432000,USD
"2022",MPP-TH-22-00039,MPP-TH-22-00039/G1-61,"2022.0084",The Provision of Funan Central Processing Platform(FUCPP) Distributed Control System(DCS) Controller,2023-06-30,2025-12-31,HONEYWELL SYSTEMS(THAILAND)LTD.,66351000.00000,THB,1895742.85714,66351000.00000,1460000.00000,USD,1460000.00000,44530000.00000,1460000.00000,1460000.00000,44530000.00000,1460000.00000,44530000.00000,"2022.0084.2",The Provision of Funan Central Processing Platform(FUCPP) Distributed Control System(DCS) Controller,Live,2023-06-30 00:00:00.000,2025-12-30 00:00:00.000,66351000,THB,"2022.0084",The Provision of Funan Central Processing Platform(FUCPP) Distributed Control System(DCS) Controller,2023-06-30,2025-12-30,HONEYWELL SYSTEMS(THAILAND)LTD.,66351000,THB
"2022",MPP-TH-22-00058,MPP-TH-22-00058/G1-61,"2022.0032","Provision of Maintenance, Inspection & General Services for G1/61, G2/61 and Arthit",2022-12-08,2026-03-07,"B.E.S. ENERGY RESOURCES CO.,LTD",464043830.00000,THB,13258395.14286,464043830.00000,5790000.00000,USD,5790000.00000,176595000.00000,5790000.00000,5790000.00000,176595000.00000,5790000.00000,176595000.00000,"2022.0032.2","Provision of Maintenance, Inspection & General Services for G1/61, G2/61 and Arthit",Live,2022-12-08 00:00:00.000,2026-03-07 00:00:00.000,464043830,THB,"2022.0032","Provision of Maintenance, Inspection & General Services for G1/61, G2/61 and Arthit",2022-12-08,2026-03-07,"B.E.S. ENERGY RESOURCES CO.,LTD",464043830,THB
"2022",MPP-TH-22-00058,MPP-TH-22-00058/G2-61,"2022.0032","Provision of Maintenance, Inspection & General Services for G1/61, G2/61 and Arthit",2022-12-08,2026-03-07,"B.E.S. ENERGY RESOURCES CO.,LTD",464043830.00000,THB,13258395.14286,464043830.00000,6030000.00000,USD,6030000.00000,183915000.00000,6030000.00000,6030000.00000,183915000.00000,6030000.00000,183915000.00000,"2022.0032.2","Provision of Maintenance, Inspection & General Services for G1/61, G2/61 and Arthit",Live,2022-12-08 00:00:00.000,2026-03-07 00:00:00.000,464043830,THB,"2022.0032","Provision of Maintenance, Inspection & General Services for G1/61, G2/61 and Arthit",2022-12-08,2026-03-07,"B.E.S. ENERGY RESOURCES CO.,LTD",464043830,THB
"2022",MPP-TH-22-00083,MPP-TH-22-00083/G1-61,"2023.0260",Amendment of 2023.0260.2,2023-06-01,2025-06-30,SCHENKER (THAI) LTD.,2653220.78000,USD,2653220.78000,92862727.30000,1040000.00000,USD,1040000.00000,31720000.00000,1040000.00000,1040000.00000,31720000.00000,1040000.00000,31720000.00000,"2023.0260.3",Amendment of 2023.0260.2,Live,2023-06-01 00:00:00.000,2026-06-30 00:00:00.000,2653220.78,USD,"2023.0260",Amendment of 2023.0260.2,2023-06-01,2026-06-30,SCHENKER (THAI) LTD.,2653220.78,USD
"2022",MPP-TH-22-00083,MPP-TH-22-00083/G2-61,"2023.0260",Amendment of 2023.0260.2,2023-06-01,2025-06-30,SCHENKER (THAI) LTD.,2653220.78000,USD,2653220.78000,92862727.30000,680000.00000,USD,680000.00000,20740000.00000,680000.00000,680000.00000,20740000.00000,680000.00000,20740000.00000,"2023.0260.3",Amendment of 2023.0260.2,Live,2023-06-01 00:00:00.000,2026-06-30 00:00:00.000,2653220.78,USD,"2023.0260",Amendment of 2023.0260.2,2023-06-01,2026-06-30,SCHENKER (THAI) LTD.,2653220.78,USD
"2022",MPP-TH-22-00085,MPP-TH-22-00085/G2-61,"2022.0087","Provision of Offshore Catering Services for G2, Non-G2/61, Arthit, G8/50, G12/48 and PRP",2023-04-01,2028-06-30,MM Catering Company Limited,201642000.00000,THB,5761200.00000,201642000.00000,20060000.00000,USD,20060000.00000,611830000.00000,17230000.00000,17230000.00000,525515000.00000,20060000.00000,611830000.00000,"2022.0087.3","Provision of Offshore Catering Services for G2, Non-G2/61, Arthit, G8/50, G12/48 and PRP",Approved,2023-04-01 00:00:00.000,2024-07-31 00:00:00.000,201642000,THB,"2022.0087","Provision of Offshore Catering Services for G2, Non-G2/61, Arthit, G8/50, G12/48 and PRP",2023-04-01,2028-06-30,MM CATERING COMPANY LIMITED,855542000,THB
"2022",MPP-TH-22-00085,MPP-TH-22-00085/G2-61,"2022.0088","Provision of Offshore Housekeeping Services for G2, Non-G2/61, Arthit, G8/50, G12/48 and PRP",2023-04-01,2028-06-30,MM Catering Company Limited,42021000.00000,THB,1200600.00000,42021000.00000,20060000.00000,USD,20060000.00000,611830000.00000,2830000.00000,2830000.00000,86315000.00000,20060000.00000,611830000.00000,"2022.0088.3","Provision of Offshore Laundry, Cleaning, and Housekeeping Services for G2, Non-G2/61, Arthit, G8/50, G12/48 and PRP",Approved,2023-04-01 00:00:00.000,2024-07-31 00:00:00.000,42021000,THB,"2022.0088","Provision of Offshore Housekeeping Services for G2, Non-G2/61, Arthit, G8/50, G12/48 and PRP",2023-04-01,2028-06-30,MM CATERING COMPANY LIMITED,141421000,THB
"2022",MPP-TH-22-00145,MPP-TH-22-00145/Non-PSC,"2022.0055",The Provision of Supply Base Manpower Support Services For PSB Songkhla and Ranong,,,"MM LOGISTICS CO., LTD.",1550000.00000,USD,1550000.00000,51437370.00000,1550000.00000,USD,1550000.00000,51437370.00000,1550000.00000,1550000.00000,51437370.00000,1550000.00000,51437370.00000,"2022.0055.0",The Provision of Supply Base Manpower Support Services For PSB Songkhla and Ranong,Live,2022-12-01 00:00:00.000,2027-12-31 00:00:00.000,127938012,THB,"2022.0055",The Provision of Supply Base Manpower Support Services For PSB Songkhla and Ranong,2022-12-01,2027-12-31,"MM LOGISTICS CO., LTD.",127938012,THB
"2022",MPP-TH-22-00152,MPP-TH-22-00152/Non-PSC,"2022.0047",Supply of Pumping Units and Provision of Services for Onshore Well Operations (Call-off),,,GREATWALL DRILLING COMPANY (THAILAND) LIMITED,14538787.00000,USD,14538787.00000,482475462.10980,14538787.00000,USD,14538787.00000,482475462.10980,14538787.00000,14538787.00000,482475462.10980,14538787.00000,482475462.10980,"2022.0047.1",Supply of Pumping Units and Provision of Services for Onshore Well Operations (Call-off),Live,2023-01-15 00:00:00.000,2028-01-14 00:00:00.000,11603399,USD,"2022.0047",Supply of Pumping Units and Provision of Services for Onshore Well Operations (Call-off),2023-01-15,2028-01-14,GREATWALL DRILLING COMPANY (THAILAND) LIMITED,11603399,USD
"2022",MPP-TH-22-00174,MPP-TH-22-00174/Non-PSC,"2023.0561",Supply of Polymer for S1 EOR Project in Sirikit Main Area,,,"SNF (CHINA) FLOCCULANT CO.,LTD",6000000.00000,USD,6000000.00000,199112400.00000,6000000.00000,USD,6000000.00000,199112400.00000,6000000.00000,6000000.00000,199112400.00000,6000000.00000,199112400.00000,"2023.0561.2",Supply of Polymer for S1 EOR Project in Sirikit Main Area,Approved,2023-01-01 00:00:00.000,2023-12-31 00:00:00.000,2574000,USD,,,,,,,
"2022",MPP-TH-22-00224,MPP-TH-22-00224/G2-61,"2022.0081",Service for Multifunction Printer PTTEP ED (G2/61),2023-02-01,2028-02-29,"FUJIFILM BUSINESS INNOVATION (THAILAND) CO., LTD.",5715780.00000,THB,163308.00000,5715780.00000,187402.62000,USD,187402.62000,5715779.91000,190000.00000,190000.00000,5795000.00000,0.00000,0.00000,"2022.0081.1",Service for Multifunction Printer PTTEP ED (G2/61) Amendment 1,Live,2023-02-01 00:00:00.000,2028-02-29 00:00:00.000,7213360,THB,"2022.0081",Service for Multifunction Printer PTTEP ED (G2/61) Amendment 1,2023-02-01,2028-02-29,"FUJIFILM BUSINESS INNOVATION (THAILAND) CO., LTD.",7213360,THB
"2022",MPP-TH-22-00228,MPP-TH-22-00228/G2-61,THC22-5131,OMS-22-0001 The Provision of IT and Network Communication Service for Rigs of G1/61 and G2/61,2022-03-28,2027-12-31,PTT DIGITAL SOLUTIONS COMPANY LIMITED,253209500.00000,THB,7234557.14286,253209500.00000,1200000.00000,USD,1200000.00000,36600000.00000,1200000.00000,1200000.00000,36600000.00000,1200000.00000,36600000.00000,THC22-5131.0,The Provision of IT and Network Communication Service for Rigs of G1/61 and G2/61,Live,2022-03-28 00:00:00.000,2027-08-14 00:00:00.000,253209500,THB,THC22-5131,OMS-22-0001 The Provision of IT and Network Communication Service for Rigs of G1/61 and G2/61,2022-03-28,2027-12-31,PTT DIGITAL SOLUTIONS COMPANY LIMITED,279242060,THB
"2022",MPP-TH-22-00277,MPP-TH-22-00277/G1-61,"2023.0182",Provision of Offshore Weather Forecasts and Meteorological Services,2023-06-08,2028-06-07,OFFSHORE WEATHER SERVICES PTY LTD.,1724400.00000,USD,1724400.00000,60354000.00000,680000.00000,USD,680000.00000,20740000.00000,680000.00000,680000.00000,20740000.00000,680000.00000,20740000.00000,"2023.0182.0",Provision of Offshore Weather Forecasts and Meteorological Services,Live,2023-06-08 00:00:00.000,2028-06-07 00:00:00.000,1729000,USD,"2023.0182",Provision of Offshore Weather Forecasts and Meteorological Services,2023-06-08,2028-06-07,OFFSHORE WEATHER SERVICES PTY LTD.,1729000,USD
"2022",MPP-TH-22-00277,MPP-TH-22-00277/G2-61,"2023.0182",Provision of Offshore Weather Forecasts and Meteorological Services,2023-06-08,2028-06-07,OFFSHORE WEATHER SERVICES PTY LTD.,1724400.00000,USD,1724400.00000,60354000.00000,480000.00000,USD,480000.00000,14640000.00000,480000.00000,480000.00000,14640000.00000,480000.00000,14640000.00000,"2023.0182.0",Provision of Offshore Weather Forecasts and Meteorological Services,Live,2023-06-08 00:00:00.000,2028-06-07 00:00:00.000,1729000,USD,"2023.0182",Provision of Offshore Weather Forecasts and Meteorological Services,2023-06-08,2028-06-07,OFFSHORE WEATHER SERVICES PTY LTD.,1729000,USD
"2022",MPP-TH-22-00279,MPP-TH-22-00279/G1-61,"2022.0095",Provision of Gas Lift Compressor Type B and Commissioning for G1/61,2023-08-01,2026-07-31,EMERGING EPC SDN BHD,4631000.00000,USD,4631000.00000,162085000.00000,4630000.00000,USD,4630000.00000,141215000.00000,4630000.00000,4630000.00000,141215000.00000,4630000.00000,141215000.00000,"2022.0095.0",Provision of Gas Lift Compressor Type B and Commissioning for G1/61,Live,2023-07-15 00:00:00.000,2026-07-14 00:00:00.000,4631000,USD,"2022.0095",Provision of Gas Lift Compressor Type B and Commissioning for G1/61,2023-07-15,2026-07-14,EMERGING EPC SDN BHD,4631000,USD
"2022",MPP-TH-22-00284,MPP-TH-22-00284/G2-61,"2022.0133",Supply of Air Liquide CO2 Membrane for G2/61 (G2S) in 2024,2023-06-01,2026-05-31,AIR LIQUIDE ADVANCED TECHNOLOGIES U.S. LLC.,3366360.00000,USD,3366360.00000,117822600.00000,3366360.00000,USD,3366360.00000,102673980.00000,3366360.00000,3366360.00000,102673980.00000,3366360.00000,102673980.00000,"2022.0133.0",Supply of Air Liquide CO2 Membrane for G2/61 (G2S) in 2024,Live,2023-06-01 00:00:00.000,2026-05-31 00:00:00.000,3366360,USD,"2022.0133",Supply of Air Liquide CO2 Membrane for G2/61 (G2S) in 2024,2023-06-01,2026-05-31,AIR LIQUIDE ADVANCED TECHNOLOGIES U.S. LLC.,3366360,USD
"2022",MPP-TH-22-00285,MPP-TH-22-00285/G1-61,"2023.0177",Amendment no.1 of Provision of Marine Advisor Services for G1/61 Asset (Call-Off),2023-08-01,2026-07-31,"TRIPLE SEA MARINE SERVICE CO., LTD.",2585779.00000,USD,2585779.00000,90502265.00000,1339000.00000,USD,1339000.00000,40839500.00000,1339000.00000,1339000.00000,40839500.00000,1339000.00000,40839500.00000,"2023.0177.1",Amendment no.1 of Provision of Marine Advisor Services for G1/61 Asset (Call-Off),Live,2023-08-01 00:00:00.000,2026-07-31 00:00:00.000,2585779,USD,"2023.0177",Amendment no.1 of Provision of Marine Advisor Services for G1/61 Asset (Call-Off),2023-08-01,2026-07-31,"TRIPLE SEA MARINE SERVICE CO., LTD.",2585779,USD
"2022",MPP-TH-22-00285,MPP-TH-22-00285/G2-61,"2023.0178",Amendment no.1 of Provision of Marine Advisor Services for G2/61 Asset (Call-Off),2023-08-01,2026-07-31,"TRIPLE SEA MARINE SERVICE CO., LTD.",1448158.00000,USD,1448158.00000,50685530.00000,1118000.00000,USD,1118000.00000,34099000.00000,1118000.00000,1118000.00000,34099000.00000,1118000.00000,34099000.00000,"2023.0178.1",Amendment no.1 of Provision of Marine Advisor Services for G2/61 Asset (Call-Off),Live,2023-08-01 00:00:00.000,2026-07-31 00:00:00.000,1448158,USD,"2023.0178",Amendment no.1 of Provision of Marine Advisor Services for G2/61 Asset (Call-Off),2023-08-01,2026-07-31,"TRIPLE SEA MARINE SERVICE CO., LTD.",1448158,USD
"2022",MPP-TH-22-00288,MPP-TH-22-00288/G2-61,"2023.0212",Pipeline Integrity Management (G2) Study,2023-03-01,2026-02-28,TECHNIP ENERGIES (THAILAND) LTD.,583054.00000,USD,583054.00000,20406890.00000,580000.00000,USD,580000.00000,17690000.00000,580000.00000,580000.00000,17690000.00000,580000.00000,17690000.00000,"2023.0212.0",Pipeline Integrity Management (G2) Study,Live,2023-03-01 00:00:00.000,2026-02-28 00:00:00.000,583054,USD,"2023.0212",Pipeline Integrity Management (G2) Study,2023-03-01,2026-02-28,TECHNIP ENERGIES (THAILAND) LTD.,583054,USD
"2022",MPP-TH-22-00289,MPP-TH-22-00289/G1-61,"2022.0085",Provision of One (1) 80-90 Ton Bollard Pull AHTS to Support Development Drilling Campaign,2022-12-20,2025-12-25,VROON OFFSHORE SERVICES PTE LTD,3178767.46000,USD,3178767.46000,111256861.10000,4577232.00000,USD,4577232.00000,139605576.00000,4577232.00000,4577232.00000,139605576.00000,4577232.00000,139605576.00000,"2022.0085.4",Provision of One (1) 80-90 Ton Bollard Pull AHTS to Support Development Drilling Campaign,Approved,2022-12-20 00:00:00.000,2025-12-25 00:00:00.000,3476496.39,USD,"2022.0085",Provision of One (1) 80-90 Ton Bollard Pull AHTS to Support Development Drilling Campaign,2022-12-20,2025-12-25,VROON OFFSHORE SERVICES PTE LTD,10495832,USD
"2022",MPP-TH-22-00289,MPP-TH-22-00289/G2-61,"2022.0085",Provision of One (1) 80-90 Ton Bollard Pull AHTS to Support Development Drilling Campaign,2022-12-20,2025-12-25,VROON OFFSHORE SERVICES PTE LTD,3178767.46000,USD,3178767.46000,111256861.10000,4577232.00000,USD,4577232.00000,139605576.00000,4577232.00000,4577232.00000,139605576.00000,4577232.00000,139605576.00000,"2022.0085.4",Provision of One (1) 80-90 Ton Bollard Pull AHTS to Support Development Drilling Campaign,Approved,2022-12-20 00:00:00.000,2025-12-25 00:00:00.000,3476496.39,USD,"2022.0085",Provision of One (1) 80-90 Ton Bollard Pull AHTS to Support Development Drilling Campaign,2022-12-20,2025-12-25,VROON OFFSHORE SERVICES PTE LTD,10495832,USD
"2022",MPP-TH-22-00290,MPP-TH-22-00290/G1-61,"2023.0199",Provision of One (1) Crew boat to Support Production G1/61  TMS 14,2023-03-25,2028-03-31,TRUTH MARITIME SERVICES COMPANY LIMITED,4633174.00000,USD,4633174.00000,162161090.00000,4380000.00000,USD,4380000.00000,133590000.00000,4379440.00000,4379440.00000,133572920.00000,4380000.00000,133590000.00000,"2023.0199.0","Provision of One (1) Crew boat to Support Production G1/61 ""TMS 14""",Live,2023-02-15 00:00:00.000,2028-04-06 00:00:00.000,4633174,USD,"2023.0199",Provision of One (1) Crew boat to Support Production G1/61  TMS 14,2023-02-15,2028-04-06,TRUTH MARITIME SERVICES COMPANY LIMITED,4633174,USD
"2022",MPP-TH-22-00293,MPP-TH-22-00293/G2-61,"2023.0189",PROVISION OF CREW BOAT TO SUPPORT OFFSHORE OPERATION FOR G2/61,2023-02-04,2028-03-07,TRUTH MARITIME SERVICES COMPANY LIMITED,2813016.00000,USD,2813016.00000,98455560.00000,5045806.00000,USD,5045806.00000,153897083.00000,2530000.00000,2530000.00000,77165000.00000,5045806.00000,153897083.00000,"2023.0189.0",PROVISION OF CREW BOAT TO SUPPORT OFFSHORE OPERATION FOR G2/61,Live,2023-02-04 00:00:00.000,2026-03-07 00:00:00.000,2813016,USD,"2023.0189",PROVISION OF CREW BOAT TO SUPPORT OFFSHORE OPERATION FOR G2/61,2023-02-04,2026-03-07,TRUTH MARITIME SERVICES COMPANY LIMITED,2813016,USD
"2022",MPP-TH-22-00297,MPP-TH-22-00297/Non-PSC,"2022.0049",Provision of Cementing equipment and services for onshore well Plug and Abandon (Call-Off),,,CHINA OILFIELD SERVICES LIMITED,1400000.00000,USD,1400000.00000,50480780.00000,1400000.00000,USD,1400000.00000,50480780.00000,1400000.00000,1400000.00000,50480780.00000,1400000.00000,50480780.00000,"2022.0049.1",Provision of Cementing equipment and services for onshore well Plug and Abandon (Call-Off),Live,2023-02-01 00:00:00.000,2026-01-31 00:00:00.000,2371093,USD,"2022.0049",Provision of Cementing equipment and services for onshore well Plug and Abandon (Call-Off),2023-02-01,2026-01-31,CHINA OILFIELD SERVICES LIMITED,2371093,USD
"2022",MPP-TH-22-00314,MPP-TH-22-00314/G1-61,"2022.0105","Provision of Clean/Decon of Used Tubulars, Well Equipment and Subsea Wellhead contaminated with Hg",2023-03-25,2028-03-24,Insee Ecocycle Company Limited,102745229.00000,THB,2935577.97143,102745229.00000,370000.00000,USD,370000.00000,11285000.00000,370000.00000,370000.00000,11285000.00000,370000.00000,11285000.00000,"2022.0105.0","Provision of Clean/Decon of Used Tubulars, Well Equipment and Subsea Wellhead contaminated with Hg",Live,2023-03-25 00:00:00.000,2028-03-24 00:00:00.000,11333304,THB,"2022.0105","Provision of Clean/Decon of Used Tubulars, Well Equipment and Subsea Wellhead contaminated with Hg",2023-03-25,2028-03-24,INSEE ECOCYCLE COMPANY LIMITED,102745229,THB
"2022",MPP-TH-22-00314,MPP-TH-22-00314/G1-61,"2022.0105","Provision of Clean/Decon of Used Tubulars, Well Equipment and Subsea Wellhead contaminated with Hg",2023-03-25,2028-03-24,Insee Ecocycle Company Limited,102745229.00000,THB,2935577.97143,102745229.00000,370000.00000,USD,370000.00000,11285000.00000,370000.00000,370000.00000,11285000.00000,370000.00000,11285000.00000,"2022.0105.1","Provision of Clean/Decon of Used Tubulars, Well Equipment and Subsea Wellhead contaminated with Hg",Live,2023-03-25 00:00:00.000,2028-03-24 00:00:00.000,102745229,THB,"2022.0105","Provision of Clean/Decon of Used Tubulars, Well Equipment and Subsea Wellhead contaminated with Hg",2023-03-25,2028-03-24,INSEE ECOCYCLE COMPANY LIMITED,102745229,THB
"2022",MPP-TH-22-00314,MPP-TH-22-00314/G2-61,"2022.0106","Provision of Clean/Decon of Used Tubulars, Well Equipment and Subsea Wellhead contaminated",2023-03-25,2028-03-24,Insee Ecocycle Company Limited,151011090.00000,THB,4314602.57143,151011090.00000,2440000.00000,USD,2440000.00000,74420000.00000,2440000.00000,2440000.00000,74420000.00000,2440000.00000,74420000.00000,"2022.0106.0","Provision of Clean/Decon of Used Tubulars, Well Equipment and Subsea Wellhead contaminated",Live,2023-03-25 00:00:00.000,2028-03-24 00:00:00.000,74451090,THB,"2022.0106","Provision of Clean/Decon of Used Tubulars, Well Equipment and Subsea Wellhead contaminated",2023-03-25,2028-03-24,INSEE ECOCYCLE COMPANY LIMITED,151011090,THB
"2022",MPP-TH-22-00317,MPP-TH-22-00317/G1-61,"2022.0075",Provision of Offshore Drilling Rig for Block G1/61 and G2/61 2023-2024 (RIG 13),2023-03-01,2024-01-31,Energy Drilling Pte Ltd,22508000.00000,USD,22508000.00000,787780000.00000,15310000.00000,USD,15310000.00000,466955000.00000,15310000.00000,15310000.00000,466955000.00000,15310000.00000,466955000.00000,"2022.0075.2",Provision of Offshore Drilling Rig for Block G1/61 and G2/61 2023-2024 (RIG#13),Approved,2023-03-01 00:00:00.000,2024-01-31 00:00:00.000,22508000,USD,"2022.0075",Provision of Offshore Drilling Rig for Block G1/61 and G2/61 2023-2024 (RIG 13),2023-03-01,2024-01-31,ENERGY DRILLING PTE LTD,21680500,USD
"2022",MPP-TH-22-00317,MPP-TH-22-00317/G2-61,"2022.0075",Provision of Offshore Drilling Rig for Block G1/61 and G2/61 2023-2024 (RIG 13),2023-03-01,2024-01-31,Energy Drilling Pte Ltd,22508000.00000,USD,22508000.00000,787780000.00000,6370000.00000,USD,6370000.00000,194285000.00000,6370000.00000,6370000.00000,194285000.00000,6370000.00000,194285000.00000,"2022.0075.2",Provision of Offshore Drilling Rig for Block G1/61 and G2/61 2023-2024 (RIG#13),Approved,2023-03-01 00:00:00.000,2024-01-31 00:00:00.000,22508000,USD,"2022.0075",Provision of Offshore Drilling Rig for Block G1/61 and G2/61 2023-2024 (RIG 13),2023-03-01,2024-01-31,ENERGY DRILLING PTE LTD,21680500,USD
"2022",MPP-TH-22-00320,MPP-TH-22-00320/G2-61,"2023.0232",Supply of Swagelok Products (2023-2024) for G2/61 Asset,2023-03-15,2024-12-31,"M.J. BANGKOK VALVE & FITTING CO., LTD.",891300.00000,USD,891300.00000,31195500.00000,980000.00000,USD,980000.00000,29890000.00000,981300.00000,981300.00000,29929650.00000,980000.00000,29890000.00000,"2023.0232.0",Supply of Swagelok Products (2023-2024) for G2/61 Asset,Live,2023-03-15 00:00:00.000,1848-11-21 00:50:52.000,981300,USD,"2023.0232",Supply of Swagelok Products (2023-2024) for G2/61 Asset,2023-03-15,2024-12-31,"M.J. BANGKOK VALVE & FITTING CO., LTD.",891300,USD
"2022",MPP-TH-22-00333,MPP-TH-22-00333/G1-61,THC21-5122,OTF-21-0030 Provision H2S Protection and Training Services to support offshore drilling operation G1/61 and G2/61 (2021-2026),2021-11-01,2026-12-31,Rutledge Omni Services Pte Ltd,2012565.00000,USD,2012565.00000,70439775.00000,462703.00000,USD,462703.00000,14112441.50000,462703.00000,462703.00000,14112441.50000,462703.00000,14112441.50000,THC21-5122.0,Provision H2S Protection and Training Services to support offshore drilling operation G1/61 and G2/6,Live,2022-01-01 00:00:00.000,2026-12-31 00:00:00.000,2012565,USD,THC21-5122,OTF-21-0030 Provision H2S Protection and Training Services to support offshore drilling operation G1/61 and G2/61 (2021-2026),2021-11-01,2026-12-31,RUTLEDGE OMNI SERVICES PTE LTD,3543816,USD
"2023",MPP-TH-23-00003,MPP-TH-23-00003/G2-61,"2024.0879",Provision of Offshore Drilling Rig for Drilling Campaign 2025-2030 (RIG 6 - 2nd contract),2025-02-20,2030-03-31,SAPURA DRILLING ASIA LIMITED,153774202.00000,USD,153774202.00000,5382097070.00000,153770000.00000,USD,153770000.00000,5381950000.00000,153770000.00000,153770000.00000,5381950000.00000,153770000.00000,5381950000.00000,"2024.0879.0",Provision of Offshore Drilling Rig for Drilling Campaign 2025-2030 (RIG#6 - 2nd contract),Live,2025-02-20 00:00:00.000,2030-05-31 00:00:00.000,153774202,USD,"2024.0879",Provision of Offshore Drilling Rig for Drilling Campaign 2025-2030 (RIG 6 - 2nd contract),2025-02-20,2030-05-31,SAPURA DRILLING ASIA LIMITED,153774202,USD
"2023",MPP-TH-23-00004,MPP-TH-23-00004/G2-61,"2022.0130",Provision of Offshore Drilling Rig for Block G2/61 Drilling Campaign 2024-2027 (RIG 8),2023-07-01,2027-02-28,Energy Drilling Pte Ltd,122267250.00000,USD,122267250.00000,4279353750.00000,122267250.00000,USD,122267250.00000,4279353750.00000,122267250.00000,122267250.00000,4279353750.00000,122267250.00000,4279353750.00000,"2022.0130.1",Provision of Offshore Drilling Rig for Block G2/61 Drilling Campaign 2024-2027 (RIG#8),Live,2023-07-01 00:00:00.000,2027-02-28 00:00:00.000,122267250,USD,"2022.0130",Provision of Offshore Drilling Rig for Block G2/61 Drilling Campaign 2024-2027 (RIG 8),2023-07-01,2027-02-28,ENERGY DRILLING PTE LTD,122267250,USD
"2023",MPP-TH-23-00007,MPP-TH-23-00007/G2-61,"2023.0457",Provision of Offshore Solid Control Services (Rig 8),2023-12-01,2027-02-28,NATIONAL OILWELL VARCO (THAILAND) LTD.,1838270.00000,USD,1838270.00000,64339450.00000,1840000.00000,USD,1840000.00000,64400000.00000,1840000.00000,1840000.00000,64400000.00000,1840000.00000,64400000.00000,"2023.0457.0",Provision of Offshore Solid Control Services (Rig#8),Live,2023-12-01 00:00:00.000,2027-02-28 00:00:00.000,1838270,USD,"2023.0457",Provision of Offshore Solid Control Services (Rig 8),2023-12-01,2027-02-28,NATIONAL OILWELL VARCO (THAILAND) LTD.,1838270,USD
"2023",MPP-TH-23-00009,MPP-TH-23-00009/G2-61,"2023.0441",Provision of Offshore Cementing Services (Rig T-15),2023-12-01,2027-02-28,SCHLUMBERGER OVERSEAS S.A.,8143289.00000,USD,8143289.00000,285015115.00000,8143289.00000,USD,8143289.00000,285015115.00000,8140000.00000,8140000.00000,284900000.00000,8140000.00000,284900000.00000,"2023.0441.1",Provision of Offshore Cementing Services (Rig T-15),Live,2023-12-01 00:00:00.000,2027-02-28 00:00:00.000,8143289,USD,"2023.0441",Provision of Offshore Cementing Services (Rig T-15),2023-12-01,2027-02-28,SCHLUMBERGER OVERSEAS S.A.,8143289,USD
"2023",MPP-TH-23-00016,MPP-TH-23-00016/G1-61,"2023.0588",Amendment of 2023.0588.0,2024-02-01,2027-01-31,SCHLUMBERGER OVERSEAS S.A.,440750.00000,USD,440750.00000,15426250.00000,440000.00000,USD,440000.00000,15400000.00000,440000.00000,440000.00000,15400000.00000,440000.00000,15400000.00000,"2023.0588.1",Amendment of 2023.0588.0,Live,2024-02-01 00:00:00.000,2027-01-31 00:00:00.000,440750,USD,"2023.0588",Amendment of 2023.0588.0,2024-02-01,2027-01-31,SCHLUMBERGER OVERSEAS S.A.,440750,USD
"2023",MPP-TH-23-00019,MPP-TH-23-00019/G1-61,"2023.0545",Provision of Electric Line Cased-hole Equipment and Services for G1/61 [Package 1],2024-09-01,2028-04-30,HALLIBURTON ENERGY SERVICES INC.,31930430.00000,USD,31930430.00000,1117565050.00000,31930430.00000,USD,31930430.00000,1117565050.00000,31930430.00000,31930430.00000,1117565050.00000,31930430.00000,1117565050.00000,"2023.0545.0",Provision of Electric Line Cased-hole Equipment and Services for G1/61 [Package 1],Live,2024-09-01 00:00:00.000,2028-04-30 00:00:00.000,31930430,USD,"2023.0545",Provision of Electric Line Cased-hole Equipment and Services for G1/61 [Package 1],2024-09-01,2028-04-30,HALLIBURTON ENERGY SERVICES INC.,31930430,USD
"2023",MPP-TH-23-00019,MPP-TH-23-00019/G1-61,"2023.0546",Provision of Electric Line Cased-hole Equipment and Services for G1/61 [Package 2],2024-09-01,2028-04-30,"WEATHERFORD KSP CO., LTD.",20681725.00000,USD,20681725.00000,723860375.00000,20681725.00000,USD,20681725.00000,723860375.00000,31930430.00000,31930430.00000,1117565050.00000,31930430.00000,1117565050.00000,"2023.0546.0",Provision of Electric Line Cased-hole Equipment and Services for G1/61 [Package 2],Live,2024-09-01 00:00:00.000,2028-04-30 00:00:00.000,20681725,USD,"2023.0546",Provision of Electric Line Cased-hole Equipment and Services for G1/61 [Package 2],2024-09-01,2028-04-30,"WEATHERFORD KSP CO., LTD.",20681725,USD
"2023",MPP-TH-23-00023,MPP-TH-23-00023/G1-61,"2023.0619",Amendment of 2023.0619.0 Provision of Offshore WHXT Services (2024-2029) for G161,2024-08-01,2029-07-31,"WEFIC Ocean Equipment Manufacturing CO., LTD.",11864861.75000,USD,11864861.75000,415270161.25000,40620000.00000,USD,40620000.00000,1421700000.00000,40620000.00000,40620000.00000,1421700000.00000,40620000.00000,1421700000.00000,"2023.0619.1",Amendment of 2023.0619.0 Provision of Offshore WHXT Services (2024-2029) for G161,Live,2024-08-01 00:00:00.000,2029-07-31 00:00:00.000,11864861.75,USD,"2023.0619",Amendment of 2023.0619.0 Provision of Offshore WHXT Services (2024-2029) for G161,2024-08-01,2029-07-31,"WEFIC OCEAN EQUIPMENT MANUFACTURING CO., LTD.",11864861.75,USD
"2023",MPP-TH-23-00023,MPP-TH-23-00023/G1-61,"2023.0620",Supply of Offshore Wellhead and Christmas Tree (2024-2029) for G1/61,2024-08-01,2029-07-31,"WEFIC Ocean Equipment Manufacturing CO., LTD.",31040000.00000,USD,31040000.00000,1045985920.00000,40620000.00000,USD,40620000.00000,1421700000.00000,40620000.00000,40620000.00000,1421700000.00000,40620000.00000,1421700000.00000,"2023.0620.0",Supply of Offshore Wellhead and Christmas Tree (2024-2029) for G1/61,Live,2024-08-01 00:00:00.000,2029-07-31 00:00:00.000,28752890.1,USD,"2023.0620",Supply of Offshore Wellhead and Christmas Tree (2024-2029) for G1/61,2024-08-01,2029-07-31,"WEFIC OCEAN EQUIPMENT MANUFACTURING CO., LTD.",28752890.100000001,USD
"2023",MPP-TH-23-00024,MPP-TH-23-00024/G2-61,"2023.0621",Amendment of 2023.0621.0 Provision of Offshore Wellhead and Christmas Tree (2024-2029) for G2/61,2024-08-01,2029-07-31,"WEFIC Ocean Equipment Manufacturing CO., LTD.",31040000.00000,USD,31040000.00000,1045985920.00000,25900000.00000,USD,25900000.00000,906500000.00000,25890000.00000,25890000.00000,906150000.00000,25890000.00000,906150000.00000,"2023.0621.1",Amendment of 2023.0621.0 Provision of Offshore Wellhead and Christmas Tree (2024-2029) for G2/61,Live,2024-08-01 00:00:00.000,2029-07-31 00:00:00.000,9292340.13,USD,"2023.0621",Amendment of 2023.0621.0 Provision of Offshore Wellhead and Christmas Tree (2024-2029) for G2/61,2024-08-01,2029-07-31,"WEFIC OCEAN EQUIPMENT MANUFACTURING CO., LTD.",9292340.130000001,USD
"2023",MPP-TH-23-00024,MPP-TH-23-00024/G2-61,"2023.0622",Supply of Offshore Wellhead and Christmas Tree (2024-2029) for G2/61,2024-08-01,2029-07-31,"WEFIC Ocean Equipment Manufacturing CO., LTD.",31040000.00000,USD,31040000.00000,1045985920.00000,25900000.00000,USD,25900000.00000,906500000.00000,25890000.00000,25890000.00000,906150000.00000,25890000.00000,906150000.00000,"2023.0622.0",Supply of Offshore Wellhead and Christmas Tree (2024-2029) for G2/61,Live,2024-08-01 00:00:00.000,2029-07-31 00:00:00.000,16597456.9,USD,"2023.0622",Supply of Offshore Wellhead and Christmas Tree (2024-2029) for G2/61,2024-08-01,2029-07-31,"WEFIC OCEAN EQUIPMENT MANUFACTURING CO., LTD.",16597456.9,USD
"2023",MPP-TH-23-00025,MPP-TH-23-00025/G1-65,"2023.0592",Provision of Offshore Casing and Tubular Running Services (Amendment No. 1),2024-03-01,2027-05-31,EXPRO OVERSEAS INC,12725958.00000,USD,12725958.00000,445408530.00000,220000.00000,USD,220000.00000,7700000.00000,220000.00000,220000.00000,7700000.00000,220000.00000,7700000.00000,"2023.0592.1",Provision of Offshore Casing and Tubular Running Services (Amendment No. 1),Live,2024-03-01 00:00:00.000,2027-05-31 00:00:00.000,12725958,USD,"2023.0592",Provision of Offshore Casing and Tubular Running Services (Amendment No. 1),2024-03-01,2027-05-31,EXPRO OVERSEAS INC,12725958,USD
"2023",MPP-TH-23-00025,MPP-TH-23-00025/G2-61,"2023.0592",Provision of Offshore Casing and Tubular Running Services (Amendment No. 1),2024-03-01,2027-05-31,EXPRO OVERSEAS INC,12725958.00000,USD,12725958.00000,445408530.00000,6230000.00000,USD,6230000.00000,218050000.00000,6230000.00000,6230000.00000,218050000.00000,6230000.00000,218050000.00000,"2023.0592.1",Provision of Offshore Casing and Tubular Running Services (Amendment No. 1),Live,2024-03-01 00:00:00.000,2027-05-31 00:00:00.000,12725958,USD,"2023.0592",Provision of Offshore Casing and Tubular Running Services (Amendment No. 1),2024-03-01,2027-05-31,EXPRO OVERSEAS INC,12725958,USD
"2023",MPP-TH-23-00026,MPP-TH-23-00026/G1-61,"2023.0592",Provision of Offshore Casing and Tubular Running Services (Amendment No. 1),2024-03-01,2027-05-31,EXPRO OVERSEAS INC,12725958.00000,USD,12725958.00000,445408530.00000,2300000.00000,USD,2300000.00000,80500000.00000,2300000.00000,2300000.00000,80500000.00000,2300000.00000,80500000.00000,"2023.0592.1",Provision of Offshore Casing and Tubular Running Services (Amendment No. 1),Live,2024-03-01 00:00:00.000,2027-05-31 00:00:00.000,12725958,USD,"2023.0592",Provision of Offshore Casing and Tubular Running Services (Amendment No. 1),2024-03-01,2027-05-31,EXPRO OVERSEAS INC,12725958,USD
"2023",MPP-TH-23-00026,MPP-TH-23-00026/G1-61,"2023.0593",Provision of Offshore Casing & Tubular Running Services (Package B),2024-03-01,2027-05-31,"WEATHERFORD KSP CO., LTD.",9705900.00000,USD,9705900.00000,339706500.00000,9710000.00000,USD,9710000.00000,339850000.00000,9710000.00000,9710000.00000,339850000.00000,9710000.00000,339850000.00000,"2023.0593.1",Provision of Offshore Casing & Tubular Running Services (Package B),Live,2024-03-01 00:00:00.000,2027-05-31 00:00:00.000,9705900,USD,"2023.0593",Provision of Offshore Casing & Tubular Running Services (Package B),2024-03-01,2027-05-31,"WEATHERFORD KSP CO., LTD.",9705900,USD
"2023",MPP-TH-23-00027,MPP-TH-23-00027/G1-61,"2023.0468",Provision of Fishing and Well Abandonment Services for Offshore Drilling Operations,2023-12-01,2027-12-31,"WEATHERFORD KSP CO., LTD.",9397686.00000,USD,9397686.00000,328919010.00000,3100000.00000,USD,3100000.00000,108500000.00000,3100000.00000,3100000.00000,108500000.00000,3100000.00000,108500000.00000,"2023.0468.1",Provision of Fishing and Well Abandonment Services for Offshore Drilling Operations,Live,2023-12-01 00:00:00.000,2027-12-31 00:00:00.000,9397686,USD,"2023.0468",Provision of Fishing and Well Abandonment Services for Offshore Drilling Operations,2023-12-01,2027-12-31,"WEATHERFORD KSP CO., LTD.",9397686,USD
"2023",MPP-TH-23-00027,MPP-TH-23-00027/G1-65,"2023.0468",Provision of Fishing and Well Abandonment Services for Offshore Drilling Operations,2023-12-01,2027-12-31,"WEATHERFORD KSP CO., LTD.",9397686.00000,USD,9397686.00000,328919010.00000,280000.00000,USD,280000.00000,9800000.00000,280000.00000,280000.00000,9800000.00000,280000.00000,9800000.00000,"2023.0468.1",Provision of Fishing and Well Abandonment Services for Offshore Drilling Operations,Live,2023-12-01 00:00:00.000,2027-12-31 00:00:00.000,9397686,USD,"2023.0468",Provision of Fishing and Well Abandonment Services for Offshore Drilling Operations,2023-12-01,2027-12-31,"WEATHERFORD KSP CO., LTD.",9397686,USD
"2023",MPP-TH-23-00027,MPP-TH-23-00027/G2-61,"2023.0468",Provision of Fishing and Well Abandonment Services for Offshore Drilling Operations,2023-12-01,2027-12-31,"WEATHERFORD KSP CO., LTD.",9397686.00000,USD,9397686.00000,328919010.00000,2820000.00000,USD,2820000.00000,98700000.00000,2820000.00000,2820000.00000,98700000.00000,2820000.00000,98700000.00000,"2023.0468.1",Provision of Fishing and Well Abandonment Services for Offshore Drilling Operations,Live,2023-12-01 00:00:00.000,2027-12-31 00:00:00.000,9397686,USD,"2023.0468",Provision of Fishing and Well Abandonment Services for Offshore Drilling Operations,2023-12-01,2027-12-31,"WEATHERFORD KSP CO., LTD.",9397686,USD
"2023",MPP-TH-23-00030,MPP-TH-23-00030/G1-61,"2023.0352",Provision of QA/QC Services for Offshore Drilling Campaign (2023-2026) (Call-off),2023-09-01,2026-08-31,"THAI PETROLEUM SUPPORT CO.,LTD.",6419440.00000,USD,6419440.00000,224680400.00000,1925832.00000,USD,1925832.00000,67404120.00000,1925832.00000,1925832.00000,67404120.00000,1925832.00000,67404120.00000,"2023.0352.2",Provision of QA/QC Services for Offshore Drilling Campaign (2023-2026) (Call-off),Live,2023-09-01 00:00:00.000,2026-08-31 00:00:00.000,6419440,USD,"2023.0352",Provision of QA/QC Services for Offshore Drilling Campaign (2023-2026) (Call-off),2023-09-01,2026-08-31,"THAI PETROLEUM SUPPORT CO.,LTD.",6419440,USD
"2023",MPP-TH-23-00030,MPP-TH-23-00030/G2-61,"2023.0352",Provision of QA/QC Services for Offshore Drilling Campaign (2023-2026) (Call-off),2023-09-01,2026-08-31,"THAI PETROLEUM SUPPORT CO.,LTD.",6419440.00000,USD,6419440.00000,224680400.00000,3851664.00000,USD,3851664.00000,134808240.00000,3851664.00000,3851664.00000,134808240.00000,3851664.00000,134808240.00000,"2023.0352.2",Provision of QA/QC Services for Offshore Drilling Campaign (2023-2026) (Call-off),Live,2023-09-01 00:00:00.000,2026-08-31 00:00:00.000,6419440,USD,"2023.0352",Provision of QA/QC Services for Offshore Drilling Campaign (2023-2026) (Call-off),2023-09-01,2026-08-31,"THAI PETROLEUM SUPPORT CO.,LTD.",6419440,USD
"2023",MPP-TH-23-00032,MPP-TH-23-00032/G1-61,"2023.0414",Supply of Mono Trip Gas Lift Completion Goods and Provision of Service,2024-03-01,2026-12-31,BAKER HUGHES OPERATIONS (THAILAND) LIMITED,19971156.00000,USD,19971156.00000,698990460.00000,19971156.00000,USD,19971156.00000,698990460.00000,19970000.00000,19970000.00000,698950000.00000,19970000.00000,698950000.00000,"2023.0414.0",Supply of Mono Trip Gas Lift Completion Goods and Provision of Service,Live,2024-03-01 00:00:00.000,2026-12-31 00:00:00.000,19971156,USD,"2023.0414",Supply of Mono Trip Gas Lift Completion Goods and Provision of Service,2024-03-01,2026-12-31,BAKER HUGHES OPERATIONS (THAILAND) LIMITED,19971156,USD
"2023",MPP-TH-23-00050,MPP-TH-23-00050/G1-61,"2023.0275",Provision of Transportation & Installation Services for Bundled Phases 3 (Installation 2025-2026),2024-03-01,2027-08-31,GUANGZHOU SALVAGE,555583459.00000,USD,555583459.00000,19445421065.00000,,USD,,,,,,299320000.00000,10476200000.00000,"2023.0275.1",Provision of Transportation & Installation Services for Bundled Phases 3 (Installation 2025-2026),Live,2024-03-01 00:00:00.000,2027-08-31 00:00:00.000,555583459,USD,"2023.0275",Provision of Transportation & Installation Services for Bundled Phases 3 (Installation 2025-2026),2024-03-01,2027-08-31,GUANGZHOU SALVAGE,555583459,USD
"2023",MPP-TH-23-00050,MPP-TH-23-00050/G2-61,"2023.0275",Provision of Transportation & Installation Services for Bundled Phases 3 (Installation 2025-2026),2024-03-01,2027-08-31,GUANGZHOU SALVAGE,555583459.00000,USD,555583459.00000,19445421065.00000,211000000.00000,USD,211000000.00000,211000000.00000,211000000.00000,211000000.00000,211000000.00000,211000000.00000,211000000.00000,"2023.0275.1",Provision of Transportation & Installation Services for Bundled Phases 3 (Installation 2025-2026),Live,2024-03-01 00:00:00.000,2027-08-31 00:00:00.000,555583459,USD,"2023.0275",Provision of Transportation & Installation Services for Bundled Phases 3 (Installation 2025-2026),2024-03-01,2027-08-31,GUANGZHOU SALVAGE,555583459,USD
"2023",MPP-TH-23-00058,MPP-TH-23-00058/G1-61,"2022.0140",Provision of Offshore Construction and Operation Support Services at Funan and Satun Fields (Call-of,2023-11-01,2029-01-31,"TANTAWAN CONSTRUCTION AND SERVICE CO., LTD.",905028364.02000,THB,25857953.25771,905028364.02000,25640000.00000,USD,25640000.00000,897400000.00000,25640000.00000,25640000.00000,897400000.00000,25640000.00000,897400000.00000,"2022.0140.0",Provision of Offshore Construction and Operation Support Services at Funan and Satun Fields (Call-of,Live,2023-11-01 00:00:00.000,2029-01-31 00:00:00.000,891357669,THB,"2022.0140",Provision of Offshore Construction and Operation Support Services at Funan and Satun Fields (Call-of,2023-11-01,2029-01-31,"TANTAWAN CONSTRUCTION AND SERVICE CO., LTD.",905028364.019999981,THB
"2023",MPP-TH-23-00058,MPP-TH-23-00058/G1-61,"2022.0140",Provision of Offshore Construction and Operation Support Services at Funan and Satun Fields (Call-of,2023-11-01,2029-01-31,"TANTAWAN CONSTRUCTION AND SERVICE CO., LTD.",905028364.02000,THB,25857953.25771,905028364.02000,25640000.00000,USD,25640000.00000,897400000.00000,25640000.00000,25640000.00000,897400000.00000,25640000.00000,897400000.00000,"2022.0140.1",Provision of Offshore Construction and Operation Support Services at Funan and Satun Fields (Call-of,Live,2023-11-01 00:00:00.000,2029-01-31 00:00:00.000,905028364.02,THB,"2022.0140",Provision of Offshore Construction and Operation Support Services at Funan and Satun Fields (Call-of,2023-11-01,2029-01-31,"TANTAWAN CONSTRUCTION AND SERVICE CO., LTD.",905028364.019999981,THB
"2023",MPP-TH-23-00058,MPP-TH-23-00058/G1-61,"2022.0141",Provision of Offshore Construction and Operation Support Services at Erawan Field (Call-off),2023-11-01,2029-01-31,"EXPERTEAM CO., LTD.",926809194.13000,THB,26480262.68943,926809194.13000,26270000.00000,USD,26270000.00000,919450000.00000,26270000.00000,26270000.00000,919450000.00000,26270000.00000,919450000.00000,"2022.0141.1",Provision of Offshore Construction and Operation Support Services at Erawan Field (Call-off),Live,2023-11-01 00:00:00.000,2029-01-31 00:00:00.000,919304985,THB,"2022.0141",Provision of Offshore Construction and Operation Support Services at Erawan Field (Call-off),2023-11-01,2029-01-31,"EXPERTEAM CO., LTD.",926809194.129999995,THB
"2023",MPP-TH-23-00058,MPP-TH-23-00058/G1-61,"2022.0141",Provision of Offshore Construction and Operation Support Services at Erawan Field (Call-off),2023-11-01,2029-01-31,"EXPERTEAM CO., LTD.",926809194.13000,THB,26480262.68943,926809194.13000,26270000.00000,USD,26270000.00000,919450000.00000,26270000.00000,26270000.00000,919450000.00000,26270000.00000,919450000.00000,"2022.0141.2",Provision of Offshore Construction and Operation Support Services at Erawan Field (Call-off),Live,2023-11-01 00:00:00.000,2029-01-31 00:00:00.000,926809194.13,THB,"2022.0141",Provision of Offshore Construction and Operation Support Services at Erawan Field (Call-off),2023-11-01,2029-01-31,"EXPERTEAM CO., LTD.",926809194.129999995,THB
"2023",MPP-TH-23-00058,MPP-TH-23-00058/G1-61,"2022.0142",Provision of Offshore Construction and Operation Support Services at Platong Field (Call-off),2023-11-01,2029-01-31,UNITHAI SHIPYARD AND ENGINEERING LTD.,918614148.50000,THB,26246118.52857,918614148.50000,25710000.00000,USD,25710000.00000,899850000.00000,25710000.00000,25710000.00000,899850000.00000,25710000.00000,899850000.00000,"2022.0142.0",Provision of Offshore Construction and Operation Support Services at Platong Field (Call-off),Live,2023-11-01 00:00:00.000,2029-01-31 00:00:00.000,903522175,THB,"2022.0142",Provision of Offshore Construction and Operation Support Services at Platong Field (Call-off),2023-11-01,2029-01-31,UNITHAI SHIPYARD AND ENGINEERING LTD.,918614148.5,THB
"2023",MPP-TH-23-00058,MPP-TH-23-00058/G1-61,"2022.0142",Provision of Offshore Construction and Operation Support Services at Platong Field (Call-off),2023-11-01,2029-01-31,UNITHAI SHIPYARD AND ENGINEERING LTD.,918614148.50000,THB,26246118.52857,918614148.50000,25710000.00000,USD,25710000.00000,899850000.00000,25710000.00000,25710000.00000,899850000.00000,25710000.00000,899850000.00000,"2022.0142.1",Provision of Offshore Construction and Operation Support Services at Platong Field (Call-off),Live,2023-11-01 00:00:00.000,2029-01-31 00:00:00.000,918614148.5,THB,"2022.0142",Provision of Offshore Construction and Operation Support Services at Platong Field (Call-off),2023-11-01,2029-01-31,UNITHAI SHIPYARD AND ENGINEERING LTD.,918614148.5,THB
"2023",MPP-TH-23-00072,MPP-TH-23-00072/G2-61,"2023.0354",Provision of EPCIC for new Flare Gas Recovery Unit (FGRU) Installation for G2/61,2024-05-01,2026-12-31,SAPURA ENERGY (THAILAND) LIMITED.,19730977.40000,USD,19730977.40000,690584209.00000,19730000.00000,USD,19730000.00000,690550000.00000,19730000.00000,19730000.00000,690550000.00000,19730000.00000,690550000.00000,"2023.0354.0",Provision of EPCIC for new Flare Gas Recovery Unit (FGRU) Installation for G2/61,Live,2024-05-01 00:00:00.000,2026-12-31 00:00:00.000,3946195.48,USD,"2023.0354",Provision of EPCIC for new Flare Gas Recovery Unit (FGRU) Installation for G2/61,2024-05-01,2026-12-31,SAPURA ENERGY (THAILAND) LIMITED.,19730977.399999999,USD
"2023",MPP-TH-23-00072,MPP-TH-23-00072/G2-61,"2023.0354",Provision of EPCIC for new Flare Gas Recovery Unit (FGRU) Installation for G2/61,2024-05-01,2026-12-31,SAPURA ENERGY (THAILAND) LIMITED.,19730977.40000,USD,19730977.40000,690584209.00000,19730000.00000,USD,19730000.00000,690550000.00000,19730000.00000,19730000.00000,690550000.00000,19730000.00000,690550000.00000,"2023.0354.1",Provision of EPCIC for new Flare Gas Recovery Unit (FGRU) Installation for G2/61,Live,2024-05-01 00:00:00.000,2026-12-31 00:00:00.000,19730977.4,USD,"2023.0354",Provision of EPCIC for new Flare Gas Recovery Unit (FGRU) Installation for G2/61,2024-05-01,2026-12-31,SAPURA ENERGY (THAILAND) LIMITED.,19730977.399999999,USD
"2023",MPP-TH-23-00076,MPP-TH-23-00076/G1-61,"2023.0201","Provision of Project Management, Construction and SSHE Supervision Services for G1/61",2023-07-01,2026-07-31,OGAS SOLUTIONS (THAILAND) COMPANY LIMITED,6192457.82000,USD,176927.36629,6192457.82000,180000.00000,USD,180000.00000,180000.00000,180000.00000,180000.00000,180000.00000,180000.00000,180000.00000,"2023.0201.3","Provision of Project Management, Construction and SSHE Supervision Services for G1/61",Live,2023-07-01 00:00:00.000,2026-07-31 00:00:00.000,6192457.82,THB,"2023.0201","Provision of Project Management, Construction and SSHE Supervision Services for G1/61",2023-07-01,2026-07-31,"OGAS SOLUTIONS (THAILAND) CO.,LTD.",6192457.82,THB
"2023",MPP-TH-23-00076,MPP-TH-23-00076/G1-61,"2024.0815","Provision of Project Management, Construction and SSHE Supervision Services for G1/61",2024-04-01,2026-07-31,"SEAOWL (THAILAND) CO., LTD.",,USD,,,,USD,,,710000.00000,710000.00000,24850000.00000,0.00000,0.00000,"2024.0815.2","Provision of Project Management, Construction and SSHE Supervision Services for G1/61",Live,2024-04-01 00:00:00.000,2026-07-31 00:00:00.000,53607047.89,THB,"2024.0815","Provision of Project Management, Construction and SSHE Supervision Services for G1/61",2024-04-01,2026-07-31,"SEAOWL (THAILAND) CO., LTD.",53607047.890000001,THB
"2023",MPP-TH-23-00076,MPP-TH-23-00076/G2-61,"2023.0201","Provision of Project Management, Construction and SSHE Supervision Services for G1/61",2023-07-01,2026-07-31,OGAS SOLUTIONS (THAILAND) COMPANY LIMITED,6192457.82000,USD,176927.36629,6192457.82000,,USD,,,180000.00000,180000.00000,6300000.00000,180000.00000,6300000.00000,"2023.0201.3","Provision of Project Management, Construction and SSHE Supervision Services for G1/61",Live,2023-07-01 00:00:00.000,2026-07-31 00:00:00.000,6192457.82,THB,"2023.0201","Provision of Project Management, Construction and SSHE Supervision Services for G1/61",2023-07-01,2026-07-31,"OGAS SOLUTIONS (THAILAND) CO.,LTD.",6192457.82,THB
"2023",MPP-TH-23-00076,MPP-TH-23-00076/G2-61,"2023.0375","Provision of Project Management, Construction and SSHE Supervision Services for G2/61",2023-07-01,2026-07-31,"OGAS SOLUTIONS (THAILAND) CO.,LTD.",6087604.32000,THB,173931.55200,6087604.32000,170000.00000,USD,170000.00000,170000.00000,170000.00000,170000.00000,170000.00000,170000.00000,170000.00000,"2023.0375.3","Provision of Project Management, Construction and SSHE Supervision Services for G2/61",Live,2023-07-01 00:00:00.000,2026-07-31 00:00:00.000,6087604.32,THB,"2023.0375","Provision of Project Management, Construction and SSHE Supervision Services for G2/61",2023-07-01,2026-07-31,"OGAS SOLUTIONS (THAILAND) CO.,LTD.",6087604.32,THB
"2023",MPP-TH-23-00076,MPP-TH-23-00076/G2-61,"2024.0815","Provision of Project Management, Construction and SSHE Supervision Services for G1/61",2024-04-01,2026-07-31,"SEAOWL (THAILAND) CO., LTD.",,USD,,,,USD,,,710000.00000,710000.00000,24850000.00000,710000.00000,24850000.00000,"2024.0815.2","Provision of Project Management, Construction and SSHE Supervision Services for G1/61",Live,2024-04-01 00:00:00.000,2026-07-31 00:00:00.000,53607047.89,THB,"2024.0815","Provision of Project Management, Construction and SSHE Supervision Services for G1/61",2024-04-01,2026-07-31,"SEAOWL (THAILAND) CO., LTD.",53607047.890000001,THB
"2023",MPP-TH-23-00076,MPP-TH-23-00076/G2-61,"2024.0819","Provision of Project Management, Construction and SSHE Supervision Services for G2/61",2024-04-01,2026-07-31,"Seaowl (Thailand) Co., Ltd.",51768435.84000,THB,1479098.16686,51768435.84000,1479000.00000,USD,1479000.00000,51765000.00000,1479000.00000,1479000.00000,51765000.00000,0.00000,0.00000,"2024.0819.2","Provision of Project Management, Construction and SSHE Supervision Services for G2/61",Live,2024-04-01 00:00:00.000,2026-07-31 00:00:00.000,51768435.84,THB,"2024.0819","Provision of Project Management, Construction and SSHE Supervision Services for G2/61",2024-04-01,2026-07-31,"SEAOWL (THAILAND) CO., LTD.",51768435.840000004,THB
"2023",MPP-TH-23-00076,MPP-TH-23-00076/Non-PSC,"2023.0376","Provision of Project Management, Construction and SSHE Supervision Services for Arthit Asset",2023-07-01,2026-07-31,OGAS SOLUTIONS (THAILAND) COMPANY LIMITED,,USD,,,,USD,,,912634.09114,912634.09114,31942193.19000,912634.09114,31942193.19000,"2023.0376.4","Provision of Project Management, Construction and SSHE Supervision Services for Arthit Asset",Live,2023-07-01 00:00:00.000,2026-07-31 00:00:00.000,2038418.63,THB,"2023.0376","Provision of Project Management, Construction and SSHE Supervision Services for Arthit Asset",2023-07-01,2026-07-31,"OGAS SOLUTIONS (THAILAND) CO.,LTD.",2038418.63,THB
"2023",MPP-TH-23-00076,MPP-TH-23-00076/Non-PSC,"2024.0820","Provision of Project Management, Construction and SSHE Supervision Services for Arthit Asset",2024-04-01,2026-07-31,"SEAOWL (THAILAND) CO., LTD.",,USD,,,,USD,,,854393.55886,854393.55886,29903774.56000,854393.55886,29903774.56000,"2024.0820.2","Provision of Project Management, Construction and SSHE Supervision Services for Arthit Asset",Live,2024-04-01 00:00:00.000,2026-07-31 00:00:00.000,30265196.87,THB,"2024.0820","Provision of Project Management, Construction and SSHE Supervision Services for Arthit Asset",2024-04-01,2026-07-31,"SEAOWL (THAILAND) CO., LTD.",30265196.870000001,THB
"2023",MPP-TH-23-00081,MPP-TH-23-00081/G1-61,"2023.0652",Supply of Choke Valve for G1/61,2024-03-15,2027-03-14,MASTER FLO VALVE INC.,1535064.00000,USD,1535064.00000,53727240.00000,1535064.00000,USD,1535064.00000,53727240.00000,1535064.00000,1535064.00000,53727240.00000,1535064.00000,53727240.00000,"2023.0652.0",Supply of Choke Valve for G1/61,Live,2024-03-15 00:00:00.000,2027-03-14 00:00:00.000,1535064,USD,"2023.0652",Supply of Choke Valve for G1/61,2024-03-15,2027-03-14,MASTER FLO VALVE INC.,1535064,USD
"2023",MPP-TH-23-00091,MPP-TH-23-00091/G1-61,"2023.0208",Provision of Catalyst change out call off service for G1/61,2023-06-01,2026-05-31,"CR3 (Thailand) Co., Ltd.",74302577.00000,THB,2122930.77143,74302577.00000,2120000.00000,USD,2120000.00000,74200000.00000,2120000.00000,2120000.00000,74200000.00000,2120000.00000,74200000.00000,"2023.0208.0",Provision of Catalyst change out call off service for G1/61,Live,2023-06-01 00:00:00.000,2026-05-31 00:00:00.000,74302577,THB,"2023.0208",Provision of Catalyst change out call off service for G1/61,2023-06-01,2026-05-31,"CR3 (THAILAND) CO., LTD.",74302577,THB
"2023",MPP-TH-23-00091,MPP-TH-23-00091/G2-61,"2023.0209",Provision of Catalyst change out call off service for G2/61,2023-06-01,2026-05-31,"CR3 (Thailand) Co., Ltd.",104041185.00000,THB,2972605.28571,104041185.00000,2970000.00000,USD,2970000.00000,103950000.00000,2970000.00000,2970000.00000,103950000.00000,2970000.00000,103950000.00000,"2023.0209.0",Provision of Catalyst change out call off service for G2/61,Live,2023-06-01 00:00:00.000,2026-05-31 00:00:00.000,104041185,THB,"2023.0209",Provision of Catalyst change out call off service for G2/61,2023-06-01,2026-05-31,"CR3 (THAILAND) CO., LTD.",104041185,THB
"2023",MPP-TH-23-00094,MPP-TH-23-00094/G1-61,"2023.0333",G1 Provision of Corrosion Under Riser Clamp Inspection by LRUT Technique,2023-09-07,2026-09-06,Dexon Technology Public Company Limited,33765774.00000,THB,964736.40000,33765774.00000,964000.00000,USD,964000.00000,33740000.00000,964000.00000,964000.00000,33740000.00000,964000.00000,33740000.00000,"2023.0333.0",G1 Provision of Corrosion Under Riser Clamp Inspection by LRUT Technique,Live,2023-09-07 00:00:00.000,2026-09-06 00:00:00.000,33765774,THB,"2023.0333",G1 Provision of Corrosion Under Riser Clamp Inspection by LRUT Technique,2023-09-07,2026-09-06,DEXON TECHNOLOGY PUBLIC COMPANY LIMITED,33765774,THB
"2023",MPP-TH-23-00094,MPP-TH-23-00094/G2-61,"2023.0334",G2 Provision of Corrosion Under Riser Clamp Inspection by LRUT Technique,2023-09-07,2026-09-06,Dexon Technology Public Company Limited,11833568.00000,THB,338101.94286,11833568.00000,338000.00000,USD,338000.00000,11830000.00000,338000.00000,338000.00000,11830000.00000,338000.00000,11830000.00000,"2023.0334.0",G2 Provision of Corrosion Under Riser Clamp Inspection by LRUT Technique,Live,2023-09-07 00:00:00.000,2026-09-06 00:00:00.000,11833568,THB,"2023.0334",G2 Provision of Corrosion Under Riser Clamp Inspection by LRUT Technique,2023-09-07,2026-09-06,DEXON TECHNOLOGY PUBLIC COMPANY LIMITED,11833568,THB
"2023",MPP-TH-23-00097,MPP-TH-23-00097/G1-61,"2023.0496","Provision of Booster Compressor Operation, and Maintenance Services for G1/61",2023-11-01,2027-01-31,EXPRO OVERSEAS INC,1726114203.00000,THB,49317548.65714,1726114203.00000,49317000.00000,USD,49317000.00000,1726095000.00000,49317000.00000,49317000.00000,1726095000.00000,49317000.00000,1726095000.00000,"2023.0496.1","Provision of Booster Compressor Operation, and Maintenance Services for G1/61",Live,2023-11-01 00:00:00.000,2027-01-31 00:00:00.000,1726114203,THB,"2023.0496","Provision of Booster Compressor Operation, and Maintenance Services for G1/61",2023-11-01,2027-01-31,EXPRO OVERSEAS INC,1726114203,THB
"2023",MPP-TH-23-00103,MPP-TH-23-00103/G1-61,"2024.0686","Amendment of Provision of One 80-130 TBP AHTS to Support Development Drilling for G2/61, G1/61 and Other Assets (2024.0686 Bourbon Jindamanee)",2024-04-25,2026-04-24,BOURBON OFFSHORE ASIA PTE LTD,9818900.00000,USD,9818900.00000,343661500.00000,290000.00000,USD,290000.00000,10150000.00000,290000.00000,290000.00000,10150000.00000,290000.00000,10150000.00000,"2024.0686.1","Amendment of Provision of One 80-130 TBP AHTS to Support Development Drilling for G2/61, G1/61 and Other Assets (2024.0686 Bourbon Jindamanee)",Live,2024-04-29 00:00:00.000,2026-04-28 00:00:00.000,9818900,USD,"2024.0686","Amendment of Provision of One 80-130 TBP AHTS to Support Development Drilling for G2/61, G1/61 and Other Assets (2024.0686 Bourbon Jindamanee)",2024-04-29,2026-04-28,BOURBON OFFSHORE ASIA PTE LTD,9818900,USD
"2023",MPP-TH-23-00103,MPP-TH-23-00103/G2-61,"2024.0686","Amendment of Provision of One 80-130 TBP AHTS to Support Development Drilling for G2/61, G1/61 and Other Assets (2024.0686 Bourbon Jindamanee)",2024-04-25,2026-04-24,BOURBON OFFSHORE ASIA PTE LTD,9818900.00000,USD,9818900.00000,343661500.00000,9430000.00000,USD,9430000.00000,330050000.00000,9430000.00000,9430000.00000,330050000.00000,9430000.00000,330050000.00000,"2024.0686.1","Amendment of Provision of One 80-130 TBP AHTS to Support Development Drilling for G2/61, G1/61 and Other Assets (2024.0686 Bourbon Jindamanee)",Live,2024-04-29 00:00:00.000,2026-04-28 00:00:00.000,9818900,USD,"2024.0686","Amendment of Provision of One 80-130 TBP AHTS to Support Development Drilling for G2/61, G1/61 and Other Assets (2024.0686 Bourbon Jindamanee)",2024-04-29,2026-04-28,BOURBON OFFSHORE ASIA PTE LTD,9818900,USD
"2023",MPP-TH-23-00104,MPP-TH-23-00104/G1-61,"2023.0245","Provision of Three (3) 80-90 Ton Bollard Pull AHTS to Support Development Drilling for G1/61, G2/61",2023-09-10,2026-09-09,BOURBON OFFSHORE ASIA PTE LTD,33756600.00000,USD,33756600.00000,1181481000.00000,32406336.00000,USD,32406336.00000,1134221760.00000,32406336.00000,32406336.00000,1134221760.00000,32406336.00000,1134221760.00000,"2023.0245.1","Amendment no.1 - Provision of Three (3) 80-90 Ton Bollard Pull AHTS to Support Development Drilling for G1/61, G2/61 and Other Assets",Live,2023-09-10 00:00:00.000,2026-09-09 00:00:00.000,33756600,USD,"2023.0245","Amendment no.1 - Provision of Three (3) 80-90 Ton Bollard Pull AHTS to Support Development Drilling for G1/61, G2/61 and Other Assets",2023-09-10,2026-09-09,BOURBON OFFSHORE ASIA PTE LTD,33756600,USD
"2023",MPP-TH-23-00104,MPP-TH-23-00104/G2-61,"2023.0245","Provision of Three (3) 80-90 Ton Bollard Pull AHTS to Support Development Drilling for G1/61, G2/61",2023-09-10,2026-09-09,BOURBON OFFSHORE ASIA PTE LTD,33756600.00000,USD,33756600.00000,1181481000.00000,1012698.00000,USD,1012698.00000,35444430.00000,1012698.00000,1012698.00000,35444430.00000,1012698.00000,35444430.00000,"2023.0245.1","Amendment no.1 - Provision of Three (3) 80-90 Ton Bollard Pull AHTS to Support Development Drilling for G1/61, G2/61 and Other Assets",Live,2023-09-10 00:00:00.000,2026-09-09 00:00:00.000,33756600,USD,"2023.0245","Amendment no.1 - Provision of Three (3) 80-90 Ton Bollard Pull AHTS to Support Development Drilling for G1/61, G2/61 and Other Assets",2023-09-10,2026-09-09,BOURBON OFFSHORE ASIA PTE LTD,33756600,USD
"2023",MPP-TH-23-00107,MPP-TH-23-00107/G2-61,"2024.0721",Amendmen 1 Charter of One (1) 60-75 Tons Bollard Pull AHTS to Support Offshore Activities and P&A,2023-08-30,2024-12-02,BRITOIL OFFSHORE (SINGAPORE) PTE. LTD.,,USD,,,2041764.00000,USD,2041764.00000,71461740.00000,2041764.00000,2041764.00000,71461740.00000,2041764.00000,71461740.00000,"2024.0721.4",Extension of 2024.0721 Provision of one (1) 60-75 Tons Bollard Pull AHTS to Support Offshore Activities and P&A (BOS Atlanta),Signed,2023-08-03 00:00:00.000,2024-12-02 00:00:00.000,2948926.19,USD,"2024.0721",Extension of 2024.0721 Provision of one (1) 60-75 Tons Bollard Pull AHTS to Support Offshore Activities and P&A (BOS Atlanta),2023-08-03,2024-12-02,BRITOIL OFFSHORE (SINGAPORE) PTE. LTD.,2948926.19,USD
"2023",MPP-TH-23-00108,MPP-TH-23-00108/G2-61,"2023.0594",Provision of one (1) accommodation work barge to support offshore G2/61 and Arthit,2024-02-15,2025-01-31,TWO OFFSHORE MARINE SDN. BHD.,9580500.00000,USD,9580500.00000,335317500.00000,3303290.00000,USD,3303290.00000,115615150.00000,3303290.00000,3303290.00000,115615150.00000,3303290.00000,115615150.00000,"2023.0594.1",Provision of one (1) accommodation work barge to support offshore G2/61 and Arthit,Approved,2024-02-15 00:00:00.000,2025-01-31 00:00:00.000,9580500,USD,"2023.0594",Provision of one (1) accommodation work barge to support offshore G2/61 and Arthit,2024-02-15,2025-10-31,TWO OFFSHORE MARINE SDN. BHD.,9580500,USD
"2023",MPP-TH-23-00109,MPP-TH-23-00109/G2-61,"2023.0471","Contract Amendment 1 of 2023.0471 Provision of One (1) PSV DP-2 to Support Offshore Activities for Arthit, G1/61 and G2/61 Assets (Call-Off)",2023-12-16,2025-10-31,"SC MANAGEMENT CO., LTD.",13258215.00000,USD,13258215.00000,464037525.00000,3178601.00000,USD,3178601.00000,111251035.00000,3178601.00000,3178601.00000,111251035.00000,3178601.00000,111251035.00000,"2023.0471.2","Contract Amendment 2 of 2023.0471 Provision of One (1) PSV DP-2 to Support Offshore Activities for Arthit, G1/61 and G2/61 Assets (Call-Off)",Live,2023-12-16 00:00:00.000,2026-01-29 00:00:00.000,13258215,USD,"2023.0471","Contract Amendment 2 of 2023.0471 Provision of One (1) PSV DP-2 to Support Offshore Activities for Arthit, G1/61 and G2/61 Assets (Call-Off)",2023-12-16,2026-01-29,"SC MANAGEMENT CO., LTD.",13258215,USD
"2023",MPP-TH-23-00110,MPP-TH-23-00110/G1-61,"2023.0471","Contract Amendment 1 of 2023.0471 Provision of One (1) PSV DP-2 to Support Offshore Activities for Arthit, G1/61 and G2/61 Assets (Call-Off)",2023-12-16,2025-10-31,"SC MANAGEMENT CO., LTD.",13258215.00000,USD,13258215.00000,464037525.00000,2712047.00000,USD,2712047.00000,94921645.00000,2712047.00000,2712047.00000,94921645.00000,2712047.00000,94921645.00000,"2023.0471.2","Contract Amendment 2 of 2023.0471 Provision of One (1) PSV DP-2 to Support Offshore Activities for Arthit, G1/61 and G2/61 Assets (Call-Off)",Live,2023-12-16 00:00:00.000,2026-01-29 00:00:00.000,13258215,USD,"2023.0471","Contract Amendment 2 of 2023.0471 Provision of One (1) PSV DP-2 to Support Offshore Activities for Arthit, G1/61 and G2/61 Assets (Call-Off)",2023-12-16,2026-01-29,"SC MANAGEMENT CO., LTD.",13258215,USD
"2023",MPP-TH-23-00111,MPP-TH-23-00111/G2-61,"2023.0366",Provision of One Crew Boat to Support Offshore Activities for Arthit and Other Assets  SC Glory 1,2023-11-19,2026-11-18,"SC MANAGEMENT CO., LTD.",3076880.00000,USD,3076880.00000,107690800.00000,404012.00000,USD,404012.00000,14140420.00000,404012.00000,404012.00000,14140420.00000,404012.00000,14140420.00000,"2023.0366.0","Provision of One Crew Boat to Support Offshore Activities for Arthit and Other Assets ""SC Glory 1""""",Live,2023-11-19 00:00:00.000,2026-11-18 00:00:00.000,3076880,USD,"2023.0366",Provision of One Crew Boat to Support Offshore Activities for Arthit and Other Assets  SC Glory 1,2023-11-19,2026-11-18,"SC MANAGEMENT CO., LTD.",3076880,USD
"2023",MPP-TH-23-00111,MPP-TH-23-00111/G2-61,"2023.0503",Provision of One Crew Boat to Support Offshore Activities for Arthit and Other Assets  SC Glory 3,2023-11-19,2028-11-18,"SC MANAGEMENT CO., LTD.",5118090.00000,USD,5118090.00000,179133150.00000,404012.00000,USD,404012.00000,14140420.00000,404012.00000,404012.00000,14140420.00000,404012.00000,14140420.00000,"2023.0503.0","Provision of One Crew Boat to Support Offshore Activities for Arthit and Other Assets ""SC Glory 3""",Live,2023-11-19 00:00:00.000,2028-11-18 00:00:00.000,5118090,USD,"2023.0503",Provision of One Crew Boat to Support Offshore Activities for Arthit and Other Assets  SC Glory 3,2023-11-19,2028-11-18,"SC MANAGEMENT CO., LTD.",5118090,USD
"2023",MPP-TH-23-00112,MPP-TH-23-00112/G1-61,"2023.0478",Amendment 2 - Provision of One (1) Medium Speed Boat to Support Offshore Operations,2024-01-03,2029-03-31,TRUTH MARITIME SERVICES COMPANY LIMITED,10646514.00000,USD,10646514.00000,372627990.00000,6858029.00000,USD,6858029.00000,240031015.00000,6858029.00000,6858029.00000,240031015.00000,6858029.00000,240031015.00000,"2023.0478.0",PROVISION OF ONE (1) MEDIUM SPEED BOAT TO SUPPORT PRODUCTION,Live,2024-01-03 00:00:00.000,2029-03-31 00:00:00.000,10287114,USD,"2023.0478",Amendment 2 - Provision of One (1) Medium Speed Boat to Support Offshore Operations,2024-01-03,2029-03-31,TRUTH MARITIME SERVICES COMPANY LIMITED,10646514,USD
"2023",MPP-TH-23-00112,MPP-TH-23-00112/G1-61,"2023.0478",Amendment 2 - Provision of One (1) Medium Speed Boat to Support Offshore Operations,2024-01-03,2029-03-31,TRUTH MARITIME SERVICES COMPANY LIMITED,10646514.00000,USD,10646514.00000,372627990.00000,6858029.00000,USD,6858029.00000,240031015.00000,6858029.00000,6858029.00000,240031015.00000,6858029.00000,240031015.00000,"2023.0478.2",Amendment 2 - Provision of One (1) Medium Speed Boat to Support Offshore Operations,Live,2024-01-03 00:00:00.000,2029-03-31 00:00:00.000,10646514,USD,"2023.0478",Amendment 2 - Provision of One (1) Medium Speed Boat to Support Offshore Operations,2024-01-03,2029-03-31,TRUTH MARITIME SERVICES COMPANY LIMITED,10646514,USD
"2023",MPP-TH-23-00112,MPP-TH-23-00112/G2-61,"2023.0478",Amendment 2 - Provision of One (1) Medium Speed Boat to Support Offshore Operations,2024-01-03,2029-03-31,TRUTH MARITIME SERVICES COMPANY LIMITED,10646514.00000,USD,10646514.00000,372627990.00000,2571779.00000,USD,2571779.00000,90012265.00000,2571779.00000,2571779.00000,90012265.00000,2571779.00000,90012265.00000,"2023.0478.0",PROVISION OF ONE (1) MEDIUM SPEED BOAT TO SUPPORT PRODUCTION,Live,2024-01-03 00:00:00.000,2029-03-31 00:00:00.000,10287114,USD,"2023.0478",Amendment 2 - Provision of One (1) Medium Speed Boat to Support Offshore Operations,2024-01-03,2029-03-31,TRUTH MARITIME SERVICES COMPANY LIMITED,10646514,USD
"2023",MPP-TH-23-00112,MPP-TH-23-00112/G2-61,"2023.0478",Amendment 2 - Provision of One (1) Medium Speed Boat to Support Offshore Operations,2024-01-03,2029-03-31,TRUTH MARITIME SERVICES COMPANY LIMITED,10646514.00000,USD,10646514.00000,372627990.00000,2571779.00000,USD,2571779.00000,90012265.00000,2571779.00000,2571779.00000,90012265.00000,2571779.00000,90012265.00000,"2023.0478.2",Amendment 2 - Provision of One (1) Medium Speed Boat to Support Offshore Operations,Live,2024-01-03 00:00:00.000,2029-03-31 00:00:00.000,10646514,USD,"2023.0478",Amendment 2 - Provision of One (1) Medium Speed Boat to Support Offshore Operations,2024-01-03,2029-03-31,TRUTH MARITIME SERVICES COMPANY LIMITED,10646514,USD
"2023",MPP-TH-23-00113,MPP-TH-23-00113/G1-61,"2023.0424",Int. Freight Forwarding services for oversized cargos (call-off),2023-10-16,2026-10-15,"DEUGRO PROJECTS (THAILAND) CO., LTD",3270528.00000,USD,3270528.00000,114468480.00000,3270000.00000,USD,3270000.00000,114450000.00000,3270528.00000,3270528.00000,114468480.00000,3270528.00000,114468480.00000,"2023.0424.1",Int. Freight Forwarding services for oversized cargos (call-off),Live,2023-10-16 00:00:00.000,2026-10-15 00:00:00.000,3270528,USD,"2023.0424",Int. Freight Forwarding services for oversized cargos (call-off),2023-10-16,2026-10-15,"DEUGRO PROJECTS (THAILAND) CO., LTD",3270528,USD
"2023",MPP-TH-23-00113,MPP-TH-23-00113/G1-61,"2023.0425",Int. Freight Forwarding services for oversized cargos (call-off),2023-10-16,2026-10-15,SCHENKER (THAI) LTD.,3270528.00000,USD,3270528.00000,114468480.00000,3270000.00000,USD,3270000.00000,114450000.00000,3270528.00000,3270528.00000,114468480.00000,3270528.00000,114468480.00000,"2023.0425.1",Int. Freight Forwarding services for oversized cargos (call-off),Live,2023-10-16 00:00:00.000,2026-10-15 00:00:00.000,3270528,USD,"2023.0425",Int. Freight Forwarding services for oversized cargos (call-off),2023-10-16,2026-10-15,SCHENKER (THAI) LTD.,3270528,USD
"2023",MPP-TH-23-00113,MPP-TH-23-00113/G2-61,"2023.0424",Int. Freight Forwarding services for oversized cargos (call-off),2023-10-16,2026-10-15,"DEUGRO PROJECTS (THAILAND) CO., LTD",3270528.00000,USD,3270528.00000,114468480.00000,3270000.00000,USD,3270000.00000,114450000.00000,3270000.00000,3270000.00000,114450000.00000,3270000.00000,114450000.00000,"2023.0424.1",Int. Freight Forwarding services for oversized cargos (call-off),Live,2023-10-16 00:00:00.000,2026-10-15 00:00:00.000,3270528,USD,"2023.0424",Int. Freight Forwarding services for oversized cargos (call-off),2023-10-16,2026-10-15,"DEUGRO PROJECTS (THAILAND) CO., LTD",3270528,USD
"2023",MPP-TH-23-00113,MPP-TH-23-00113/G2-61,"2023.0425",Int. Freight Forwarding services for oversized cargos (call-off),2023-10-16,2026-10-15,SCHENKER (THAI) LTD.,3270528.00000,USD,3270528.00000,114468480.00000,3270000.00000,USD,3270000.00000,114450000.00000,3270000.00000,3270000.00000,114450000.00000,3270000.00000,114450000.00000,"2023.0425.1",Int. Freight Forwarding services for oversized cargos (call-off),Live,2023-10-16 00:00:00.000,2026-10-15 00:00:00.000,3270528,USD,"2023.0425",Int. Freight Forwarding services for oversized cargos (call-off),2023-10-16,2026-10-15,SCHENKER (THAI) LTD.,3270528,USD
"2023",MPP-TH-23-00131,MPP-TH-23-00131/G1-61,"2023.0210",Provision of Digital Trunk Radio System Rental for G2/61 (G2N),2023-05-15,2028-12-14,PTT DIGITAL SOLUTIONS COMPANY LIMITED,66419725.00000,THB,1897706.42857,66419725.00000,1890000.00000,USD,1890000.00000,66150000.00000,1890000.00000,1890000.00000,66150000.00000,1890000.00000,66150000.00000,"2023.0210.0",Provision of Digital Trunk Radio System Rental for G2/61,Live,2023-05-15 00:00:00.000,2028-12-14 00:00:00.000,66307225,THB,"2023.0210",Provision of Digital Trunk Radio System Rental for G2/61 (G2N),2023-05-15,2029-06-30,PTT DIGITAL SOLUTIONS COMPANY LIMITED,66419725,THB
"2023",MPP-TH-23-00131,MPP-TH-23-00131/G1-61,"2023.0210",Provision of Digital Trunk Radio System Rental for G2/61 (G2N),2023-05-15,2028-12-14,PTT DIGITAL SOLUTIONS COMPANY LIMITED,66419725.00000,THB,1897706.42857,66419725.00000,1890000.00000,USD,1890000.00000,66150000.00000,1890000.00000,1890000.00000,66150000.00000,1890000.00000,66150000.00000,"2023.0210.1",Provision of Digital Trunk Radio System Rental for G2/61 (G2N),Live,2023-05-15 00:00:00.000,2029-06-30 00:00:00.000,66419725,THB,"2023.0210",Provision of Digital Trunk Radio System Rental for G2/61 (G2N),2023-05-15,2029-06-30,PTT DIGITAL SOLUTIONS COMPANY LIMITED,66419725,THB
"2023",MPP-TH-23-00131,MPP-TH-23-00131/G2-61,"2023.0210",Provision of Digital Trunk Radio System Rental for G2/61 (G2N),2023-05-15,2028-12-14,PTT DIGITAL SOLUTIONS COMPANY LIMITED,66419725.00000,THB,1897706.42857,66419725.00000,1890000.00000,USD,1890000.00000,66150000.00000,1890000.00000,1890000.00000,66150000.00000,1890000.00000,66150000.00000,"2023.0210.0",Provision of Digital Trunk Radio System Rental for G2/61,Live,2023-05-15 00:00:00.000,2028-12-14 00:00:00.000,66307225,THB,"2023.0210",Provision of Digital Trunk Radio System Rental for G2/61 (G2N),2023-05-15,2029-06-30,PTT DIGITAL SOLUTIONS COMPANY LIMITED,66419725,THB
"2023",MPP-TH-23-00131,MPP-TH-23-00131/G2-61,"2023.0210",Provision of Digital Trunk Radio System Rental for G2/61 (G2N),2023-05-15,2028-12-14,PTT DIGITAL SOLUTIONS COMPANY LIMITED,66419725.00000,THB,1897706.42857,66419725.00000,1890000.00000,USD,1890000.00000,66150000.00000,1890000.00000,1890000.00000,66150000.00000,1890000.00000,66150000.00000,"2023.0210.1",Provision of Digital Trunk Radio System Rental for G2/61 (G2N),Live,2023-05-15 00:00:00.000,2029-06-30 00:00:00.000,66419725,THB,"2023.0210",Provision of Digital Trunk Radio System Rental for G2/61 (G2N),2023-05-15,2029-06-30,PTT DIGITAL SOLUTIONS COMPANY LIMITED,66419725,THB
"2023",MPP-TH-23-00132,MPP-TH-23-00132/G2-61,"2023.0202",THE PROVISION OF NETWORK EQUIPMENT AND SERVICES FOR G2/61,2023-05-15,2029-02-28,PTT DIGITAL SOLUTIONS COMPANY LIMITED,33526000.00000,THB,957885.71429,33526000.00000,960000.00000,USD,960000.00000,33600000.00000,960000.00000,960000.00000,33600000.00000,960000.00000,33600000.00000,"2023.0202.0",THE PROVISION OF NETWORK EQUIPMENT AND SERVICES FOR G2/61,Live,2023-05-15 00:00:00.000,2029-02-28 00:00:00.000,33526000,THB,"2023.0202",THE PROVISION OF NETWORK EQUIPMENT AND SERVICES FOR G2/61,2023-05-15,2029-02-28,PTT DIGITAL SOLUTIONS COMPANY LIMITED,33526000,THB
"2023",MPP-TH-23-00142,MPP-TH-23-00142/G1-61,"2023.0480","Provision of Supervisory QA/QC Services for Rig Move, GSI, GTI to Support Offshore Operation G1/61",2023-09-01,2025-12-31,BOSS OFFSHORE SDN BHD,254150.00000,USD,254150.00000,8895250.00000,254000.00000,USD,254000.00000,8890000.00000,250000.00000,250000.00000,8750000.00000,250000.00000,8750000.00000,"2023.0480.0","Provision of Supervisory QA/QC Services for Rig Move, GSI, GTI to Support Offshore Operation G1/61",Live,2023-09-01 00:00:00.000,2025-12-31 00:00:00.000,254150,USD,"2023.0480","Provision of Supervisory QA/QC Services for Rig Move, GSI, GTI to Support Offshore Operation G1/61",2023-09-01,2025-12-31,BOSS OFFSHORE SDN BHD,254150,USD
"2023",MPP-TH-23-00142,MPP-TH-23-00142/G2-61,"2023.0481","Provision of Supervisory QA/QC Services for Rig Move, GSI, GTI to Support Offshore Operation G2/61",2023-09-01,2025-12-31,BOSS OFFSHORE SDN BHD,442000.00000,USD,442000.00000,15470000.00000,442000.00000,USD,442000.00000,15470000.00000,442000.00000,442000.00000,15470000.00000,442000.00000,15470000.00000,"2023.0481.0","Provision of Supervisory QA/QC Services for Rig Move, GSI, GTI to Support Offshore Operation G2/61",Live,2023-09-01 00:00:00.000,2025-12-31 00:00:00.000,442000,USD,"2023.0481","Provision of Supervisory QA/QC Services for Rig Move, GSI, GTI to Support Offshore Operation G2/61",2023-09-01,2025-12-31,BOSS OFFSHORE SDN BHD,442000,USD
"2023",MPP-TH-23-00143,MPP-TH-23-00143/G1-61,"2023.0586","Provision of Envi Lab SV. for Offshore Effluent/Drilling Mud&Cutting Monitor G1-G2/61, G1-G3/65, ART",2024-01-01,2026-12-31,"STS GREEN CO., LTD.",162331600.00000,THB,4638045.71429,162331600.00000,3330000.00000,USD,3330000.00000,116550000.00000,3330000.00000,3330000.00000,116550000.00000,3330000.00000,116550000.00000,"2023.0586.0","Provision of Envi Lab SV. for Offshore Effluent/Drilling Mud&Cutting Monitor G1-G2/61, G1-G3/65, ART",Live,2024-01-01 00:00:00.000,2026-12-31 00:00:00.000,162331600,THB,"2023.0586","Provision of Envi Lab SV. for Offshore Effluent/Drilling Mud&Cutting Monitor G1-G2/61, G1-G3/65, ART",2024-01-01,2026-12-31,"STS GREEN CO., LTD.",162331600,THB
"2023",MPP-TH-23-00143,MPP-TH-23-00143/G2-61,"2023.0586","Provision of Envi Lab SV. for Offshore Effluent/Drilling Mud&Cutting Monitor G1-G2/61, G1-G3/65, ART",2024-01-01,2026-12-31,"STS GREEN CO., LTD.",162331600.00000,THB,4638045.71429,162331600.00000,1010000.00000,USD,1010000.00000,35350000.00000,1010000.00000,1010000.00000,35350000.00000,1010000.00000,35350000.00000,"2023.0586.0","Provision of Envi Lab SV. for Offshore Effluent/Drilling Mud&Cutting Monitor G1-G2/61, G1-G3/65, ART",Live,2024-01-01 00:00:00.000,2026-12-31 00:00:00.000,162331600,THB,"2023.0586","Provision of Envi Lab SV. for Offshore Effluent/Drilling Mud&Cutting Monitor G1-G2/61, G1-G3/65, ART",2024-01-01,2026-12-31,"STS GREEN CO., LTD.",162331600,THB
"2023",MPP-TH-23-00152,MPP-TH-23-00152/G1-61,"2023.0195",Provision of Supply Base Services at Songkhla for G1/61 (Call-off),2023-07-01,2028-06-30,PTTEP INTERNATIONAL LIMITED,2096307222.00000,THB,59894492.05714,2096307222.00000,59890000.00000,USD,59890000.00000,2096150000.00000,59890000.00000,59890000.00000,2096150000.00000,59890000.00000,2096150000.00000,"2023.0195.0",Provision of Supply Base Services at Songkhla for G1/61 (Call-off),Live,2023-07-01 00:00:00.000,2028-06-30 00:00:00.000,2096307222,THB,"2023.0195",Provision of Supply Base Services at Songkhla for G1/61 (Call-off),2023-07-01,2028-06-30,PTTEP INTERNATIONAL LIMITED,2096307222,THB
"2023",MPP-TH-23-00152,MPP-TH-23-00152/G2-61,"2023.0196",Provision of Supply Base Services at Songkhla for G2/61 (Call-off),2023-07-01,2028-06-30,PTTEP INTERNATIONAL LIMITED,1348370040.00000,THB,38524858.28571,1348370040.00000,38520000.00000,USD,38520000.00000,1348200000.00000,38520000.00000,38520000.00000,1348200000.00000,38520000.00000,1348200000.00000,"2023.0196.0",Provision of Supply Base Services at Songkhla for G2/61 (Call-off),Live,2023-07-01 00:00:00.000,2028-06-30 00:00:00.000,1348370040,THB,"2023.0196",Provision of Supply Base Services at Songkhla for G2/61 (Call-off),2023-07-01,2028-06-30,PTTEP INTERNATIONAL LIMITED,1348370040,THB
"2023",MPP-TH-23-00170,MPP-TH-23-00170/Non-PSC,"2023.0327",Supply of Onshore Downhole Completion Equipment (Call-Off),,,"Zhongman Petroleum and Natural Gas Group Corp., Ltd.",11700000.00000,USD,11700000.00000,399762090.00000,11700000.00000,USD,11700000.00000,399762090.00000,11700000.00000,11700000.00000,399762090.00000,11700000.00000,399762090.00000,"2023.0327.1",Supply of Onshore Downhole Completion Equipment (Call-Off),Live,2023-11-01 00:00:00.000,2027-10-31 00:00:00.000,6242924,USD,"2023.0327",Supply of Onshore Downhole Completion Equipment (Call-Off),2023-11-01,2027-10-31,"ZHONGMAN PETROLEUM AND NATURAL GAS GROUP CORP., LTD.",6242924,USD
"2023",MPP-TH-23-00174,MPP-TH-23-00174/Non-PSC,"2023.0380",Provision of Water Truck Services for Support Thai Onshore Well Operations (Call-off),,,"YIM SIAM ENGINEERING CO., LTD.",800000.00000,USD,800000.00000,27334160.00000,800000.00000,USD,800000.00000,27334160.00000,800000.00000,800000.00000,27334160.00000,800000.00000,27334160.00000,"2023.0380.1",Provision of Water Truck Services for Support Thai Onshore Well Operations (Call-off),Live,2023-09-16 00:00:00.000,2026-11-15 00:00:00.000,48666600,THB,"2023.0380",Provision of Water Truck Services for Support Thai Onshore Well Operations (Call-off),2023-09-16,2026-11-15,"YIM SIAM ENGINEERING CO., LTD.",48666600,THB
"2023",MPP-TH-23-00178,MPP-TH-23-00178/Non-PSC,"2024.0728",Provision of Slickline Services for Onshore Well Operations (Call off),,,EXPRO OVERSEAS INC,4000000.00000,USD,4000000.00000,136670800.00000,4000000.00000,USD,4000000.00000,136670800.00000,4000000.00000,4000000.00000,136670800.00000,4000000.00000,136670800.00000,"2024.0728.1",Provision of Slickline Services for Onshore Well Operations (Call off),Live,2024-04-05 00:00:00.000,2027-05-15 00:00:00.000,12691043,USD,"2024.0728",Provision of Slickline Services for Onshore Well Operations (Call off),2024-04-05,2027-05-15,EXPRO OVERSEAS INC,12691043,USD
"2023",MPP-TH-23-00181,MPP-TH-23-00181/Non-PSC,"2023.0466",Provision of Produced Water Disposal Services for Sinphuhorm,,,TPI Polene Public Company Limited,920000.00000,USD,920000.00000,31434284.00000,920000.00000,USD,920000.00000,31434284.00000,920000.00000,920000.00000,31434284.00000,920000.00000,31434284.00000,"2023.0466.0",Provision of Produced Water Disposal Services for Sinphuhorm,Live,2024-01-01 00:00:00.000,2026-12-31 00:00:00.000,17750000,THB,"2023.0466",Provision of Produced Water Disposal Services for Sinphuhorm,2024-01-01,2026-12-31,TPI POLENE PUBLIC COMPANY LIMITED,17750000,THB
"2023",MPP-TH-23-00184,MPP-TH-23-00184/Non-PSC,"2023.0291",The Provision of Cargo Carrying Units (CCU) Rental Contract for PSB Songkhla,,,OEG ASIA PACIFIC PTE LTD,2400000.00000,USD,2400000.00000,82002480.00000,2400000.00000,USD,2400000.00000,82002480.00000,2400000.00000,2400000.00000,82002480.00000,2400000.00000,82002480.00000,"2023.0291.1",The Provision of Cargo Carrying Units (CCU) Rental Contract for PSB Songkhla,Live,2023-07-01 00:00:00.000,2026-06-30 00:00:00.000,205040797.06,THB,"2023.0291",The Provision of Cargo Carrying Units (CCU) Rental Contract for PSB Songkhla,2023-07-01,2026-06-30,OEG ASIA PACIFIC PTE LTD,205040797.060000002,THB
"2023",MPP-TH-23-00184,MPP-TH-23-00184/Non-PSC,"2023.0388",The Provision of Cargo Carrying Units (CCU) Rental Contract for PSB Songkhla,,,"SK SHORESIDE SERVICES CO., LTD.",2400000.00000,USD,2400000.00000,82002480.00000,2400000.00000,USD,2400000.00000,82002480.00000,2400000.00000,2400000.00000,82002480.00000,2400000.00000,82002480.00000,"2023.0388.0",The Provision of Cargo Carrying Units (CCU) Rental Contract for PSB Songkhla,Live,2023-07-01 00:00:00.000,2026-06-30 00:00:00.000,4148432,THB,"2023.0388",The Provision of Cargo Carrying Units (CCU) Rental Contract for PSB Songkhla,2023-07-01,2026-06-30,"SK SHORESIDE SERVICES CO., LTD.",4148432,THB
"2023",MPP-TH-23-00186,MPP-TH-23-00186/Non-PSC,"2023.0295",Provision of Inspection Services for S1 Assets,,,"SIWA TESTING INSPECTION & CONSULTING CO., LTD.",9460000.00000,USD,9460000.00000,323226442.00000,9460000.00000,USD,9460000.00000,323226442.00000,9460000.00000,9460000.00000,323226442.00000,9460000.00000,323226442.00000,"2023.0295.0",Provision of Inspection Services for S1 Assets,Live,2023-07-01 00:00:00.000,2026-07-31 00:00:00.000,336683720,THB,"2023.0295",Provision of Inspection Services for S1 Assets,2023-07-01,2026-07-31,"SIWA TESTING INSPECTION & CONSULTING CO., LTD.",336683720,THB
"2023",MPP-TH-23-00191,MPP-TH-23-00191/Non-PSC,"2023.0570",Provision of S1 Piping Repair and Replacement Services (Call-Off),,,"TESCO ENGINEERS CO., LTD.",6035714.29000,USD,6035714.29000,206226475.14643,6035714.29000,USD,6035714.29000,206226475.14643,6035714.29000,6035714.29000,206226475.14643,6035714.29000,206226475.14643,"2023.0570.0",Provision of S1 Piping Repair and Replacement Services (Call-Off),Live,2024-03-01 00:00:00.000,2027-03-31 00:00:00.000,225270190,THB,"2023.0570",Provision of S1 Piping Repair and Replacement Services (Call-Off),2024-03-01,2027-03-31,"TESCO ENGINEERS CO., LTD.",225270190,THB
"2023",MPP-TH-23-00193,MPP-TH-23-00193/Non-PSC,"2023.0447",Provision of S1 Asset Security Services for Tambol Lankrabue,,,"RAKSAKWAMPLODPAICHINNARADKOSANG CO., LTD.",2423069.57000,USD,2423069.57000,82790714.14689,2423069.57000,USD,2423069.57000,82790714.14689,2423069.57000,2423069.57000,82790714.14689,2423069.57000,82790714.14689,"2023.0447.0",Provision of S1 Asset Security Services for Tambol Lankrabue,Live,2023-08-01 00:00:00.000,2026-07-31 00:00:00.000,77780868.81,THB,"2023.0447",Provision of S1 Asset Security Services for Tambol Lankrabue,2023-08-01,2026-07-31,"RAKSAKWAMPLODPAICHINNARADKOSANG CO., LTD.",77780868.810000002,THB
"2023",MPP-TH-23-00194,MPP-TH-23-00194/Non-PSC,"2023.0448",Provision of S1 Asset Security Services for Tambol Bung Tap Raet,,,"SECURITY GUARD P.P.S 2022 Co.,Ltd.",1734108.11000,USD,1734108.11000,59250485.67005,1734108.11000,USD,1734108.11000,59250485.67005,1734108.11000,1734108.11000,59250485.67005,1734108.11000,59250485.67005,"2023.0448.0",Provision of S1 Asset Security Services for Tambol Bung Tap Raet,Live,2023-11-01 00:00:00.000,2026-10-31 00:00:00.000,55236930.38,THB,"2023.0448",Provision of S1 Asset Security Services for Tambol Bung Tap Raet,2023-11-01,2026-10-31,"SECURITY GUARD P.P.S 2022 CO.,LTD.",55236930.380000003,THB
"2023",MPP-TH-23-00195,MPP-TH-23-00195/Non-PSC,"2024.0681",Provision of Security Guard Services at S1 & L22/43,,,Security ggi.group Co.Ltd.,7916798.66000,USD,7916798.66000,270498801.57528,7916798.66000,USD,7916798.66000,270498801.57528,7916798.66000,7916798.66000,270498801.57528,7916798.66000,270498801.57528,"2024.0681.0",Provision of Security Guard Services at S1 & L22/43,Live,2024-02-01 00:00:00.000,2027-01-31 00:00:00.000,242100000,THB,"2024.0681",Provision of Security Guard Services at S1 & L22/43,2024-02-01,2027-01-31,SECURITY GGI.GROUP CO.LTD.,242100000,THB
"2023",MPP-TH-23-00196,MPP-TH-23-00196/Non-PSC,"2023.0310",Amendment of Provision of S1 Catering Service,,,SEA OIL PUBLIC COMPANY LIMITED,3246181.71000,USD,3246181.71000,110914562.81277,3246181.71000,USD,3246181.71000,110914562.81277,3246181.71000,3246181.71000,110914562.81277,3246181.71000,110914562.81277,"2023.0310.2",Amendment of Provision of S1 Catering Service,Live,2023-05-01 00:00:00.000,2026-06-30 00:00:00.000,119930400,THB,"2023.0310",Amendment of Provision of S1 Catering Service,2023-05-01,2026-06-30,SEA OIL PUBLIC COMPANY LIMITED,119930400,THB
"2023",MPP-TH-23-00196,MPP-TH-23-00196/Non-PSC,"2023.0311","Amendment of Provision of S1 Laundry, Cleaning, and Housekeeping Services",,,SEA OIL PUBLIC COMPANY LIMITED,3246181.71000,USD,3246181.71000,110914562.81277,3246181.71000,USD,3246181.71000,110914562.81277,3246181.71000,3246181.71000,110914562.81277,3246181.71000,110914562.81277,"2023.0311.2","Amendment of Provision of S1 Laundry, Cleaning, and Housekeeping Services",Live,2023-05-01 00:00:00.000,2026-06-30 00:00:00.000,59045040,THB,"2023.0311","Amendment of Provision of S1 Laundry, Cleaning, and Housekeeping Services",2023-05-01,2026-06-30,SEA OIL PUBLIC COMPANY LIMITED,59045040,THB
"2023",MPP-TH-23-00197,MPP-TH-23-00197/Non-PSC,"2023.0311","Amendment of Provision of S1 Laundry, Cleaning, and Housekeeping Services",,,SEA OIL PUBLIC COMPANY LIMITED,3246181.71000,USD,3246181.71000,110914562.81277,1716422.40000,USD,1716422.40000,58646205.63648,1716422.40000,1716422.40000,58646205.63648,1716422.40000,58646205.63648,"2023.0311.2","Amendment of Provision of S1 Laundry, Cleaning, and Housekeeping Services",Live,2023-05-01 00:00:00.000,2026-06-30 00:00:00.000,59045040,THB,"2023.0311","Amendment of Provision of S1 Laundry, Cleaning, and Housekeeping Services",2023-05-01,2026-06-30,SEA OIL PUBLIC COMPANY LIMITED,59045040,THB
"2023",MPP-TH-23-00200,MPP-TH-23-00200/Non-PSC,"2023.0566",Provision of Facility Management Services at Sinphuhorm,,,SEA OIL PUBLIC COMPANY LIMITED,1569626.56000,USD,1569626.56000,53630529.41411,1569626.56000,USD,1569626.56000,53630529.41411,1569626.56000,1569626.56000,53630529.41411,1569626.56000,53630529.41411,"2023.0566.1",Provision of Facility Management Services at Sinphuhorm,Live,2024-01-01 00:00:00.000,2028-12-31 00:00:00.000,61216517,THB,"2023.0566",Provision of Facility Management Services at Sinphuhorm,2024-01-01,2028-12-31,SEA OIL PUBLIC COMPANY LIMITED,61216517,THB
"2023",MPP-TH-23-00228,MPP-TH-23-00228/Non-PSC,"2023.0337","Provision of Plantation Service for Mangrove Forestation Project 4,007.15 Rai",,,SEAMAN COMPANY LIMITED,739485.71000,USD,739485.71000,24919189.45558,739485.71000,USD,739485.71000,24919189.45558,739485.71000,739485.71000,24919189.45558,739485.71000,24919189.45558,"2023.0337.3","Amendment 2 - งานจ้างโครงการการปลูกป่าชายเลนเพื่อคาร์บอนเครดิต แปลงปลูกปี 2565 พื้นที่รวม 4,007.15 ไร่ โดยวิธีคัดเลือก",Approved,2023-05-26 00:00:00.000,2033-05-25 00:00:00.000,125594224.3,THB,"2023.0337","Provision of Plantation Service for Mangrove Forestation Project 4,007.15 Rai",2023-05-26,2033-05-25,SEAMAN COMPANY LIMITED,125594224.299999997,THB
"2023",MPP-TH-23-00246,MPP-TH-23-00246/Non-PSC,"2023.0176",Provision of New Wellsite Location and Site Preparation Call-Out Services Contract for Onshore Asset,,,"THE JEARK JIRM CO., LTD.",18000000.00000,USD,18000000.00000,606564000.00000,18000000.00000,USD,18000000.00000,606564000.00000,18000000.00000,18000000.00000,606564000.00000,18000000.00000,606564000.00000,"2023.0176.1",Provision of New Wellsite Location and Site Preparation Call-Out Services Contract for Onshore Asset,Live,2023-05-16 00:00:00.000,2026-05-15 00:00:00.000,654650000,THB,"2023.0176",Provision of New Wellsite Location and Site Preparation Call-Out Services Contract for Onshore Asset,2023-05-16,2026-05-15,"THE JEARK JIRM CO., LTD.",654650000,THB
"2023",MPP-TH-23-00264,MPP-TH-23-00264/G2-61,"2023.0639",The Provision of MS Surface Laptop Rental,2024-04-15,2025-01-31,"SVOA PUBLIC CO., LTD.",224103000.00000,USD,224103000.00000,224103000.00000,905000.00000,USD,905000.00000,31675000.00000,905000.00000,905000.00000,31675000.00000,905892.00000,31706220.00000,"2023.0639.0",The Provision of MS Surface Laptop Rental,Live,2024-01-22 00:00:00.000,2027-11-15 00:00:00.000,187495560,THB,"2023.0639",The Provision of MS Surface Laptop Rental,2024-01-22,2027-11-15,"SVOA PUBLIC CO., LTD.",187495560,THB
"2023",MPP-TH-23-00267,MPP-TH-23-00267/Non-PSC,"2023.0544",The Provision of Hosting Facility for Subsurface Hardware and Supercomputer,,,TRUE INTERNET CORPORATION COMPANY LIMITED,8428019.05000,USD,8428019.05000,284007385.94690,8428019.05000,USD,8428019.05000,284007385.94690,8428019.05000,8428019.05000,284007385.94690,8428019.05000,284007385.94690,"2023.0544.0",The Provision of Hosting Facility for Subsurface Hardware and Supercomputer,Live,2024-01-01 00:00:00.000,2027-04-30 00:00:00.000,292904000,THB,"2023.0544",The Provision of Hosting Facility for Subsurface Hardware and Supercomputer,2024-01-01,2027-10-31,TRUE INTERNET CORPORATION COMPANY LIMITED,314356000,THB
"2023",MPP-TH-23-00267,MPP-TH-23-00267/Non-PSC,"2023.0544",The Provision of Hosting Facility for Subsurface Hardware and Supercomputer,,,TRUE INTERNET CORPORATION COMPANY LIMITED,8428019.05000,USD,8428019.05000,284007385.94690,8428019.05000,USD,8428019.05000,284007385.94690,8428019.05000,8428019.05000,284007385.94690,8428019.05000,284007385.94690,"2023.0544.1",The Provision of Hosting Facility for Subsurface Hardware and Supercomputer,Live,2024-01-01 00:00:00.000,2027-10-31 00:00:00.000,314356000,THB,"2023.0544",The Provision of Hosting Facility for Subsurface Hardware and Supercomputer,2024-01-01,2027-10-31,TRUE INTERNET CORPORATION COMPANY LIMITED,314356000,THB
"2023",MPP-TH-23-00268,MPP-TH-23-00268/Non-PSC,"2024.0726",The Provision of Hybrid Supercomputer System for PTTEP Subsurface,,,"Metro Professional Products Co., Ltd.",45000000.00000,USD,45000000.00000,1516410000.00000,45000000.00000,USD,45000000.00000,1516410000.00000,45000000.00000,45000000.00000,1516410000.00000,45000000.00000,1516410000.00000,"2024.0726.1",The Provision of Hybrid Supercomputer System for PTTEP Subsurface,Live,2024-08-01 00:00:00.000,2027-10-31 00:00:00.000,20296000,USD,"2024.0726",The Provision of Hybrid Supercomputer System for PTTEP Subsurface,2024-08-01,2027-10-31,"METRO PROFESSIONAL PRODUCTS CO., LTD.",20296000,USD
"2023",MPP-TH-23-00272,MPP-TH-23-00272/Non-PSC,"2023.0620",Supply of Offshore Wellhead and Christmas Tree (2024-2029) for G1/61,2024-08-01,2029-07-31,"WEFIC Ocean Equipment Manufacturing CO., LTD.",31040000.00000,USD,31040000.00000,1045985920.00000,31040000.00000,USD,31040000.00000,1045985920.00000,31040000.00000,31040000.00000,1045985920.00000,31040000.00000,1045985920.00000,"2023.0620.0",Supply of Offshore Wellhead and Christmas Tree (2024-2029) for G1/61,Live,2024-08-01 00:00:00.000,2029-07-31 00:00:00.000,28752890.1,USD,"2023.0620",Supply of Offshore Wellhead and Christmas Tree (2024-2029) for G1/61,2024-08-01,2029-07-31,"WEFIC OCEAN EQUIPMENT MANUFACTURING CO., LTD.",28752890.100000001,USD
"2023",MPP-TH-23-00272,MPP-TH-23-00272/Non-PSC,"2023.0621",Amendment of 2023.0621.0 Provision of Offshore Wellhead and Christmas Tree (2024-2029) for G2/61,2024-08-01,2029-07-31,"WEFIC Ocean Equipment Manufacturing CO., LTD.",31040000.00000,USD,31040000.00000,1045985920.00000,31040000.00000,USD,31040000.00000,1045985920.00000,31040000.00000,31040000.00000,1045985920.00000,31040000.00000,1045985920.00000,"2023.0621.1",Amendment of 2023.0621.0 Provision of Offshore Wellhead and Christmas Tree (2024-2029) for G2/61,Live,2024-08-01 00:00:00.000,2029-07-31 00:00:00.000,9292340.13,USD,"2023.0621",Amendment of 2023.0621.0 Provision of Offshore Wellhead and Christmas Tree (2024-2029) for G2/61,2024-08-01,2029-07-31,"WEFIC OCEAN EQUIPMENT MANUFACTURING CO., LTD.",9292340.130000001,USD
"2023",MPP-TH-23-00272,MPP-TH-23-00272/Non-PSC,"2023.0622",Supply of Offshore Wellhead and Christmas Tree (2024-2029) for G2/61,2024-08-01,2029-07-31,"WEFIC Ocean Equipment Manufacturing CO., LTD.",31040000.00000,USD,31040000.00000,1045985920.00000,31040000.00000,USD,31040000.00000,1045985920.00000,31040000.00000,31040000.00000,1045985920.00000,31040000.00000,1045985920.00000,"2023.0622.0",Supply of Offshore Wellhead and Christmas Tree (2024-2029) for G2/61,Live,2024-08-01 00:00:00.000,2029-07-31 00:00:00.000,16597456.9,USD,"2023.0622",Supply of Offshore Wellhead and Christmas Tree (2024-2029) for G2/61,2024-08-01,2029-07-31,"WEFIC OCEAN EQUIPMENT MANUFACTURING CO., LTD.",16597456.9,USD
"2023",MPP-TH-23-00272,MPP-TH-23-00272/Non-PSC,"2023.0623",Amendment of 2023.0623.0 Provision of Offshore Wellhead and Christmas Tree (2024-2029) for Arthit,,,"WEFIC Ocean Equipment Manufacturing CO., LTD.",31040000.00000,USD,31040000.00000,1045985920.00000,31040000.00000,USD,31040000.00000,1045985920.00000,31040000.00000,31040000.00000,1045985920.00000,31040000.00000,1045985920.00000,"2023.0623.1",Amendment of 2023.0623.0 Provision of Offshore Wellhead and Christmas Tree (2024-2029) for Arthit,Live,2024-08-01 00:00:00.000,2029-07-31 00:00:00.000,4513188.08,USD,"2023.0623",Amendment of 2023.0623.0 Provision of Offshore Wellhead and Christmas Tree (2024-2029) for Arthit,2024-08-01,2029-07-31,"WEFIC OCEAN EQUIPMENT MANUFACTURING CO., LTD.",4513188.08,USD
"2023",MPP-TH-23-00272,MPP-TH-23-00272/Non-PSC,"2023.0624",Supply of Offshore Wellhead and Christmas Tree (2024-2029) for Arthit,,,"WEFIC Ocean Equipment Manufacturing CO., LTD.",31040000.00000,USD,31040000.00000,1045985920.00000,31040000.00000,USD,31040000.00000,1045985920.00000,31040000.00000,31040000.00000,1045985920.00000,31040000.00000,1045985920.00000,"2023.0624.0",Supply of Offshore Wellhead and Christmas Tree (2024-2029) for Arthit,Live,2024-08-01 00:00:00.000,2029-07-31 00:00:00.000,8683536.2,USD,"2023.0624",Supply of Offshore Wellhead and Christmas Tree (2024-2029) for Arthit,2024-08-01,2029-07-31,"WEFIC OCEAN EQUIPMENT MANUFACTURING CO., LTD.",8683536.199999999,USD
"2023",MPP-TH-23-00280,MPP-TH-23-00280/Non-PSC,"2023.0294","Provision of Mud Logging Services for Offshore Operation 2024-2027 (G1/61,G2/61 and Arthit)",2023-11-01,2026-12-31,SCHLUMBERGER OVERSEAS S.A.,4035000.00000,USD,4035000.00000,135971430.00000,4035000.00000,USD,4035000.00000,135971430.00000,4035000.00000,4035000.00000,135971430.00000,4035000.00000,135971430.00000,"2023.0294.1","Provision of Mud Logging Services for Offshore Operation 2024-2027 (G1/61,G2/61 and Arthit)",Live,2023-11-01 00:00:00.000,2026-12-31 00:00:00.000,6455148,USD,"2023.0294","Provision of Mud Logging Services for Offshore Operation 2024-2027 (G1/61,G2/61 and Arthit)",2023-11-01,2026-12-31,SCHLUMBERGER OVERSEAS S.A.,6455148,USD
"2023",MPP-TH-23-00289,MPP-TH-23-00289/Non-PSC,"2023.0532",The Provision of Rail Tank Wagon Maintenance and Repair Services,,,"ASIA ENGINEERING AND SERVICE (THAILAND) CO., LTD.",1431646.86000,USD,1431646.86000,48243635.88828,1431646.86000,USD,1431646.86000,48243635.88828,1431646.86000,1431646.86000,48243635.88828,1431646.86000,48243635.88828,"2023.0532.0",The Provision of Rail Tank Wagon Maintenance and Repair Services,Live,2023-12-01 00:00:00.000,2027-02-28 00:00:00.000,109660070,THB,"2023.0532",The Provision of Rail Tank Wagon Maintenance and Repair Services,2023-12-01,2027-02-28,"ASIA ENGINEERING AND SERVICE (THAILAND) CO., LTD.",109660070,THB
"2023",MPP-TH-23-00290,MPP-TH-23-00290/Non-PSC,"2023.0440",The Provision of Transportation of Crude Oil and Produced Water Services for S1 and PTTEP1 Asset,,,"BRK INTERTRANSPORT CO.,LTD",32571647.27000,USD,32571647.27000,1097599369.70446,32571647.27000,USD,32571647.27000,1097599369.70446,32571647.27000,32571647.27000,1097599369.70446,32571647.27000,1097599369.70446,"2023.0440.3",The Provision of Transportation of Crude Oil and Produced Water Services for S1 and PTTEP1 Asset,Live,2024-01-01 00:00:00.000,2026-12-31 00:00:00.000,576435530,THB,"2023.0440",The Provision of Transportation of Crude Oil and Produced Water Services for S1 and PTTEP1 Asset,2024-01-01,2026-12-31,"BRK INTERTRANSPORT CO.,LTD",576435530,THB
"2023",MPP-TH-23-00319,MPP-TH-23-00319/Non-PSC,"2023.0344",Provision of Drilling and Well Services Waste Management Services for Onshore Rigs,,,Insee Ecocycle Company Limited,4960000.00000,USD,4960000.00000,167142080.00000,4960000.00000,USD,4960000.00000,167142080.00000,4960000.00000,4960000.00000,167142080.00000,4960000.00000,167142080.00000,"2023.0344.1",Provision of Drilling and Well Services Waste Management Services for Onshore Rigs,Live,2023-09-01 00:00:00.000,2026-03-31 00:00:00.000,404332428,THB,"2023.0344",Provision of Drilling and Well Services Waste Management Services for Onshore Rigs,2023-09-01,2026-03-31,INSEE ECOCYCLE COMPANY LIMITED,404332428,THB
"2023",MPP-TH-23-00326,MPP-TH-23-00326/Non-PSC,"2023.0314",Provision of DD MWD LWD and RSS Services for Arthit Asset (Rig#2) (Call-Off),,,HALLIBURTON ENERGY SERVICES INC.,38350000.00000,USD,38350000.00000,1292318300.00000,38350000.00000,USD,38350000.00000,1292318300.00000,38350000.00000,38350000.00000,1292318300.00000,38350000.00000,1292318300.00000,"2023.0314.0",Provision of DD MWD LWD and RSS Services for Arthit Asset (Rig#2) (Call-Off),Live,2023-10-01 00:00:00.000,2027-07-01 00:00:00.000,34521052,USD,"2023.0314",Provision of DD MWD LWD and RSS Services for Arthit Asset (Rig 2) (Call-Off),2023-10-01,2027-07-01,HALLIBURTON ENERGY SERVICES INC.,34521052,USD
"2023",MPP-TH-23-00330,MPP-TH-23-00330/Non-PSC,"2023.0339",Supply of High Speed Diesel for Onshore Assets,,,Star Fuels Marketing Limited,31890000.00000,USD,31890000.00000,1074629220.00000,31890000.00000,USD,31890000.00000,1074629220.00000,31890000.00000,31890000.00000,1074629220.00000,31890000.00000,1074629220.00000,"2023.0339.0",Supply of High Speed Diesel for Onshore Assets,Live,2024-01-01 00:00:00.000,2025-12-31 00:00:00.000,497881700,THB,"2023.0339",Supply of High Speed Diesel for Onshore Assets,2024-01-01,2025-12-31,STAR FUELS MARKETING LIMITED,497881700,THB
"2023",MPP-TH-23-00331,MPP-TH-23-00331/Non-PSC,"2023.0332",Provision of Coiled Tubing Services for Onshore Assets (Call-Off) 2023-2026,,,HALLIBURTON ENERGY SERVICES INC.,12650000.00000,USD,12650000.00000,426279700.00000,12650000.00000,USD,12650000.00000,426279700.00000,12650000.00000,12650000.00000,426279700.00000,12650000.00000,426279700.00000,"2023.0332.1",Provision of Coiled Tubing Services for Onshore Assets (Call-Off) 2023-2026,Live,2023-09-01 00:00:00.000,2026-11-30 00:00:00.000,19861670,USD,"2023.0332",Provision of Coiled Tubing Services for Onshore Assets (Call-Off) 2023-2026,2023-09-01,2026-11-30,HALLIBURTON ENERGY SERVICES INC.,19861670,USD
"2023",MPP-TH-23-00337,MPP-TH-23-00337/Non-PSC,"2023.0537",Provision of Onshore Electric Line Cased-Hole Service (Amendment No.1),,,GREATWALL DRILLING COMPANY (THAILAND) LIMITED,17900000.00000,USD,17900000.00000,603194200.00000,17900000.00000,USD,17900000.00000,603194200.00000,17900000.00000,17900000.00000,603194200.00000,17900000.00000,603194200.00000,"2023.0537.1",Provision of Onshore Electric Line Cased-Hole Service (Amendment No.1),Approved,2024-02-01 00:00:00.000,2027-10-31 00:00:00.000,9247711,USD,"2023.0537",Provision of Onshore Electric Line Cased-Hole Service,2024-02-01,2027-10-31,GREATWALL DRILLING COMPANY (THAILAND) LIMITED,9148061,USD
"2023",MPP-TH-23-00342,MPP-TH-23-00342/G1-61,"2023.0229",Provision of Fabrication of Anode Sled for G1/61 (Call-Off),2023-11-01,2026-10-31,"TESCO ENGINEERS CO., LTD.",2350986.00000,USD,2350986.00000,82284510.00000,2350000.00000,USD,2350000.00000,82250000.00000,2350000.00000,2350000.00000,82250000.00000,2350000.00000,82250000.00000,"2023.0229.0",Provision of Fabrication of Anode Sled for G1/61 (Call-Off),Live,2023-11-01 00:00:00.000,2026-11-01 00:00:00.000,2350986,USD,"2023.0229",Provision of Fabrication of Anode Sled for G1/61 (Call-Off),2023-11-01,2026-11-01,"TESCO ENGINEERS CO., LTD.",2350986,USD
"2023",MPP-TH-23-00345,MPP-TH-23-00345/Non-PSC,"2023.0243","Facility Management at PTIC,RDCC,RASC, PSRC",,,ENERGY COMPLEX COMPANY LIMITED,40200000.00000,USD,40200000.00000,40200000.00000,40200000.00000,USD,40200000.00000,40200000.00000,40200000.00000,40200000.00000,40200000.00000,40200000.00000,40200000.00000,"2023.0243.2","Amendment 2-Facility Management at PTIC,RDCC,RASC, PSRC",Live,2023-04-01 00:00:00.000,2026-03-31 00:00:00.000,49223325.52,THB,"2023.0243","Amendment 2-Facility Management at PTIC,RDCC,RASC, PSRC",2023-04-01,2026-03-31,ENERGY COMPLEX COMPANY LIMITED,49223325.520000003,THB
"2023",MPP-TH-23-00349,MPP-TH-23-00349/Non-PSC,"2023.0226",Property and Land Lease Agreement for PSB Free Zone Area,,,WANTANA SAKARIN,82858650.00000,USD,82858650.00000,82858650.00000,82858650.00000,USD,82858650.00000,82858650.00000,82858650.00000,82858650.00000,82858650.00000,82858650.00000,82858650.00000,"2023.0226.0",Property and Land Lease Agreement for PSB Free Zone Area,Live,2024-04-01 00:00:00.000,2039-03-31 00:00:00.000,82500000,THB,"2023.0226",Property and Land Lease Agreement for PSB Free Zone Area,2024-04-01,2039-03-31,WANTANA  SAKARIN,82500000,THB
"2023",MPP-TH-23-00366,MPP-TH-23-00366/G1-61,"2023.0270","Provision of DD, MWD, LWD and RSS Services for Rig 14 (Call-off)",2023-10-01,2025-12-31,HALLIBURTON ENERGY SERVICES INC.,17635963.00000,USD,17635963.00000,617258705.00000,17344408.00000,USD,17344408.00000,607054280.00000,17344408.00000,17344408.00000,607054280.00000,17344408.00000,607054280.00000,"2023.0270.3","Provision of DD, MWD, LWD and RSS Services for Rig#14 (Call-off)",Live,2023-10-01 00:00:00.000,2025-12-31 00:00:00.000,19266640,USD,"2023.0270","Provision of DD, MWD, LWD and RSS Services for Rig 14 (Call-off)",2023-10-01,2025-12-31,HALLIBURTON ENERGY SERVICES INC.,19266640,USD
"2023",MPP-TH-23-00374,MPP-TH-23-00374/G1-61,"2023.0643","Provision of Marine Environmental Survey for G1/61, G2/61, G1/65, G3/65, G12/48, and Arthit Assets",2024-01-01,2026-12-31,"STS GREEN CO., LTD.",114070000.00000,THB,3259142.85714,114070000.00000,1460000.00000,USD,1460000.00000,51100000.00000,1460000.00000,1460000.00000,51100000.00000,1460000.00000,51100000.00000,"2023.0643.2","Provision of Marine Environmental Survey for G1/61, G2/61, G1/65, G3/65, G12/48, and Arthit Assets",Live,2024-01-01 00:00:00.000,2026-12-31 00:00:00.000,114070000,THB,"2023.0643","Provision of Marine Environmental Survey for G1/61, G2/61, G1/65, G3/65, G12/48, and Arthit Assets",2024-01-01,2026-12-31,"STS GREEN CO., LTD.",114070000,THB
"2023",MPP-TH-23-00374,MPP-TH-23-00374/G2-61,"2023.0643","Provision of Marine Environmental Survey for G1/61, G2/61, G1/65, G3/65, G12/48, and Arthit Assets",2024-01-01,2026-12-31,"STS GREEN CO., LTD.",114070000.00000,THB,3259142.85714,114070000.00000,820000.00000,USD,820000.00000,28700000.00000,820000.00000,820000.00000,28700000.00000,820000.00000,28700000.00000,"2023.0643.2","Provision of Marine Environmental Survey for G1/61, G2/61, G1/65, G3/65, G12/48, and Arthit Assets",Live,2024-01-01 00:00:00.000,2026-12-31 00:00:00.000,114070000,THB,"2023.0643","Provision of Marine Environmental Survey for G1/61, G2/61, G1/65, G3/65, G12/48, and Arthit Assets",2024-01-01,2026-12-31,"STS GREEN CO., LTD.",114070000,THB
"2023",MPP-TH-23-00378,MPP-TH-23-00378/G1-61,"2023.0398",Supply of Industrial and Specialty gases for G1/61,2024-01-01,2028-12-31,"BANGKOK INDUSTRIAL GAS CO., LTD.",274994900.00000,THB,7856997.14286,274994900.00000,7856997.00000,USD,7856997.00000,274994895.00000,224571.42857,224571.42857,7860000.00000,224571.42857,7860000.00000,"2023.0398.0",Supply of Industrial and Specialty gases for G1/61,Live,2024-01-01 00:00:00.000,2029-01-01 00:00:00.000,274994900,THB,"2023.0398",Supply of Industrial and Specialty gases for G1/61,2024-01-01,2029-01-01,"BANGKOK INDUSTRIAL GAS CO., LTD.",274994900,THB
"2023",MPP-TH-23-00378,MPP-TH-23-00378/G2-61,"2023.0625",Supply of Industrial and Specialty gases for G2/61,2024-01-01,2028-12-31,"BANGKOK INDUSTRIAL GAS CO., LTD.",33618975.00000,THB,960542.14286,33618975.00000,960542.00000,USD,960542.00000,33618970.00000,960542.00000,960542.00000,33618970.00000,960542.00000,33618970.00000,"2023.0625.0",Supply of Industrial and Specialty gases for G2/61,Live,2024-01-01 00:00:00.000,2029-01-01 00:00:00.000,33618975,THB,"2023.0625",Supply of Industrial and Specialty gases for G2/61,2024-01-01,2029-01-01,"BANGKOK INDUSTRIAL GAS CO., LTD.",33618975,THB
"2023",MPP-TH-23-00383,MPP-TH-23-00383/G1-61,"2023.0455",Internal Variation for Cost Allocation: CTR No. 2023.0455 Solid Control (Rig 14),2023-12-01,2026-03-31,NATIONAL OILWELL VARCO (THAILAND) LTD.,1396846.00000,USD,1396846.00000,48889610.00000,1301302.50000,USD,1301302.50000,45545587.50000,1300000.00000,1300000.00000,45500000.00000,1300000.00000,45500000.00000,"2023.0455.2",Internal Variation for Cost Allocation: CTR No. 2023.0455 Solid Control (Rig#14),Live,2023-12-01 00:00:00.000,2026-03-31 00:00:00.000,1396846,USD,"2023.0455",Internal Variation for Cost Allocation: CTR No. 2023.0455 Solid Control (Rig 14),2023-12-01,2026-03-31,NATIONAL OILWELL VARCO (THAILAND) LTD.,1396846,USD
"2023",MPP-TH-23-00384,MPP-TH-23-00384/G2-61,"2023.0640",Provision of Offshore Solid Control Services (Rig 15),2024-04-15,2026-01-14,SCOMI OILTOOLS (THAILAND) LTD.,950210.00000,USD,950210.00000,33257350.00000,630000.00000,USD,630000.00000,22050000.00000,630000.00000,630000.00000,22050000.00000,630000.00000,22050000.00000,"2023.0640.1",Provision of Offshore Solid Control Services (Rig#15),Live,2024-04-15 00:00:00.000,2026-01-14 00:00:00.000,981170,USD,"2023.0640",Provision of Offshore Solid Control Services (Rig 15),2024-04-15,2026-01-14,SCOMI OILTOOLS (THAILAND) LTD.,981170,USD
"2023",MPP-TH-23-00387,MPP-TH-23-00387/G2-61,"2023.0324","Provision of DD, MWD, LWD and RSS Services for Rig15 (Call-off)",2023-11-01,2025-12-31,"WEATHERFORD KSP CO., LTD.",13255608.00000,USD,13255608.00000,463946280.00000,5420000.00000,USD,5420000.00000,189700000.00000,5420000.00000,5420000.00000,189700000.00000,5420000.00000,189700000.00000,"2023.0324.3","Amendment 2 - Provision of DD, MWD, LWD and RSS Services for Rig15 (Call-off)",Live,2023-11-01 00:00:00.000,2026-03-31 00:00:00.000,14644529,USD,"2023.0324","Amendment 2 - Provision of DD, MWD, LWD and RSS Services for Rig15 (Call-off)",2023-11-01,2026-03-31,"WEATHERFORD KSP CO., LTD.",14644529,USD
"2023",MPP-TH-23-00398,MPP-TH-23-00398/G1-61,THC21-5095,OTF-21-0011 Provision of Offshore Drilling Rig for Bongkot and G2/61 Drilling Campaign 2022-2025 (RIG 6),2021-09-17,2025-02-15,SAPURA DRILLING ASIA LIMITED,61968600.00000,USD,61968600.00000,2168901000.00000,12571055.00000,USD,12571055.00000,439986925.00000,12571055.00000,12571055.00000,439986925.00000,12571055.00000,439986925.00000,THC21-5095.1,Provision of Offshore Drilling Rig for Bongkot and Block G2/61’s Drilling Campaign 2022-2025 (RIG#6),Signed,2021-09-17 00:00:00.000,2025-02-15 00:00:00.000,61968600,USD,THC21-5095,OTF-21-0011 Provision of Offshore Drilling Rig for Bongkot and G2/61 Drilling Campaign 2022-2025 (RIG 6),2021-09-17,2025-02-15,SAPURA DRILLING ASIA LIMITED,61968600,USD
"2023",MPP-TH-23-00405,MPP-TH-23-00405/G1-61,"2023.0539","Vibration Measurement and Analysis, and Pipe Support Design",2023-10-03,2027-10-02,"PROMPT SOLUTIONS CO.,LTD.",17525000.00000,THB,500714.28571,17525000.00000,501000.00000,USD,501000.00000,17535000.00000,501000.00000,501000.00000,17535000.00000,501000.00000,17535000.00000,"2023.0539.0","Vibration Measurement and Analysis, and Pipe Support Design",Live,2023-10-03 00:00:00.000,2027-10-02 00:00:00.000,17525000,THB,"2023.0539","Vibration Measurement and Analysis, and Pipe Support Design",2023-10-03,2027-10-02,"PROMPT SOLUTIONS CO.,LTD.",17525000,THB
"2023",MPP-TH-23-00408,MPP-TH-23-00408/Non-PSC,"2023.0433",Price Agreement for the Supply of Pipe for Onshore assets,,,VAN LEEUWEN PIPE AND TUBE (THAILAND) LTD.,160000000.00000,USD,160000000.00000,160000000.00000,160000000.00000,USD,160000000.00000,160000000.00000,160000000.00000,160000000.00000,160000000.00000,160000000.00000,160000000.00000,"2023.0433.0",Price Agreement for the Supply of Pipe for Onshore assets,Live,2024-01-01 00:00:00.000,2027-01-01 00:00:00.000,124991454,THB,"2023.0433",Price Agreement for the Supply of Pipe for Onshore assets,2024-01-01,2027-01-01,VAN LEEUWEN PIPE AND TUBE (THAILAND) LTD.,124991454,THB
"2023",MPP-TH-23-00409,MPP-TH-23-00409/G2-61,"2023.0412",Provision of One (1) Accommodation Work Barge to Support Offshore Activities,2023-11-01,2025-07-31,TRUTH MARITIME SERVICES COMPANY LIMITED,18169048.00000,USD,18169048.00000,635916680.00000,13233033.00000,USD,13233033.00000,463156155.00000,13233033.00000,13233033.00000,463156155.00000,13233033.00000,463156155.00000,"2023.0412.3",Provision of One (1) Accommodation Work Barge to Support Offshore Activities,Live,2023-11-01 00:00:00.000,2025-12-31 00:00:00.000,18169048,USD,"2023.0412",Provision of One (1) Accommodation Work Barge to Support Offshore Activities,2023-11-01,2025-12-31,TRUTH MARITIME SERVICES COMPANY LIMITED,18169048,USD
"2023",MPP-TH-23-00410,MPP-TH-23-00410/G2-61,"2023.0439",Amendment no.2 of Provision of One (1) 60-75 Tons Bollard Pull AHTS to Support Offshore Activities,2023-11-01,2025-07-31,UNIWISE OFFSHORE LTD.,5763764.00000,USD,5763764.00000,201731740.00000,3860024.00000,USD,3860024.00000,135100840.00000,3860024.00000,3860024.00000,135100840.00000,3860024.00000,135100840.00000,"2023.0439.4",Amendment no.2 of Provision of One (1) 60-75 Tons Bollard Pull AHTS to Support Offshore Activities,Live,2023-12-12 00:00:00.000,2026-02-13 00:00:00.000,5763764,USD,"2023.0439",Amendment no.2 of Provision of One (1) 60-75 Tons Bollard Pull AHTS to Support Offshore Activities,2023-12-12,2026-02-13,UNIWISE OFFSHORE LTD.,5763764,USD
"2023",MPP-TH-23-00411,MPP-TH-23-00411/Non-PSC,"2023.0521",PRICE AGREEMENT FOR SUPPLY OF CONTROL VALVE / REGULATOR (I18) FOR ONSHORE OPERATIONS,,,INCYAM COMPANY LIMITED,1474669.00000,USD,1474669.00000,51663406.27910,1474669.00000,USD,1474669.00000,51663406.27910,1474669.00000,1474669.00000,51663406.27910,1474669.00000,51663406.27910,"2023.0521.0",PRICE AGREEMENT FOR SUPPLY OF CONTROL VALVE / REGULATOR (I18) FOR ONSHORE OPERATIONS,Live,2024-03-16 00:00:00.000,2027-03-15 00:00:00.000,1407149,USD,"2023.0521",PRICE AGREEMENT FOR SUPPLY OF CONTROL VALVE / REGULATOR (I18) FOR ONSHORE OPERATIONS,2024-03-16,2027-03-15,INCYAM COMPANY LIMITED,1407149,USD
"2023",MPP-TH-23-00420,MPP-TH-23-00420/G1-61,"2023.0452",Price Agreement for the Supply of Material for Stock Replenishment_QTEC,2024-03-15,2026-03-14,"QTEC TECHNOLOGY CO., LTD.",52382780.00000,THB,1496650.85714,52382780.00000,570000.00000,USD,570000.00000,19950000.00000,570000.00000,570000.00000,19950000.00000,570000.00000,19950000.00000,"2023.0452.1",Amendment of 2023.0452.0,Approved,2024-03-15 00:00:00.000,2026-03-14 00:00:00.000,52382780,THB,"2023.0452",Price Agreement for the Supply of Material for Stock Replenishment_QTEC,2024-03-15,2026-03-14,"QTEC TECHNOLOGY CO., LTD.",52382780,THB
"2023",MPP-TH-23-00420,MPP-TH-23-00420/G1-61,"2024.0754",Amendment of 2024.0754.0,2024-03-15,2026-03-14,"ALL SUPPLY SOLUTION CO., LTD",3286264.00000,THB,93893.25714,3286264.00000,40000.00000,USD,40000.00000,1400000.00000,40000.00000,40000.00000,1400000.00000,40000.00000,1400000.00000,"2024.0754.1",Amendment of 2024.0754.0,Live,2024-03-15 00:00:00.000,2026-03-14 00:00:00.000,3286264,THB,"2024.0754",Amendment of 2024.0754.0,2024-03-15,2026-03-14,"ALL SUPPLY SOLUTION CO., LTD",3286264,THB
"2023",MPP-TH-23-00420,MPP-TH-23-00420/G1-61,"2024.0755",Price Agreement for the Supply of Material for Stock Replenishment_PSS,2024-03-15,2026-03-14,"PREMIER SUPPLY AND SERVICE CO.,LTD.",43142012.00000,THB,1232628.91429,43142012.00000,480000.00000,USD,480000.00000,16800000.00000,480000.00000,480000.00000,16800000.00000,480000.00000,16800000.00000,"2024.0755.0",Price Agreement for the Supply of Material for Stock Replenishment_PSS,Live,2024-03-15 00:00:00.000,2026-03-14 00:00:00.000,43142012,THB,"2024.0755",Price Agreement for the Supply of Material for Stock Replenishment_PSS,2024-03-15,2026-03-14,"PREMIER SUPPLY AND SERVICE CO.,LTD.",43142012,THB
"2023",MPP-TH-23-00420,MPP-TH-23-00420/G1-61,"2024.0756",Price Agreement for the Supply of Material for Stock Replenishment_Systano,2024-03-15,2026-03-14,"SYSTANO CO.,LTD.",10793288.00000,THB,308379.65714,10793288.00000,30000.00000,USD,30000.00000,1050000.00000,30000.00000,30000.00000,1050000.00000,30000.00000,1050000.00000,"2024.0756.1",Amendment of 2024.0756.0,Approved,2024-03-15 00:00:00.000,2026-03-14 00:00:00.000,10793288,THB,"2024.0756",Price Agreement for the Supply of Material for Stock Replenishment_Systano,2024-03-15,2026-03-14,"SYSTANO CO.,LTD.",10793288,THB
"2023",MPP-TH-23-00420,MPP-TH-23-00420/G1-61,"2024.0757",Price Agreement for the Supply of Material for Stock Replenishment_UGS,2024-03-15,2026-03-14,"UGS SALES AND SERVICES CO.,LTD",10541084.00000,THB,301173.82857,10541084.00000,130000.00000,USD,130000.00000,4550000.00000,130000.00000,130000.00000,4550000.00000,130000.00000,4550000.00000,"2024.0757.1",Amendment of 2024.0757.0,Approved,2024-03-15 00:00:00.000,2026-03-14 00:00:00.000,10541084,THB,"2024.0757",Price Agreement for the Supply of Material for Stock Replenishment_UGS,2024-03-15,2026-03-14,"UGS SALES AND SERVICES CO.,LTD",10541084,THB
"2023",MPP-TH-23-00420,MPP-TH-23-00420/G2-61,"2023.0452",Price Agreement for the Supply of Material for Stock Replenishment_QTEC,2024-03-15,2026-03-14,"QTEC TECHNOLOGY CO., LTD.",52382780.00000,THB,1496650.85714,52382780.00000,640000.00000,USD,640000.00000,22400000.00000,640000.00000,640000.00000,22400000.00000,640000.00000,22400000.00000,"2023.0452.1",Amendment of 2023.0452.0,Approved,2024-03-15 00:00:00.000,2026-03-14 00:00:00.000,52382780,THB,"2023.0452",Price Agreement for the Supply of Material for Stock Replenishment_QTEC,2024-03-15,2026-03-14,"QTEC TECHNOLOGY CO., LTD.",52382780,THB
"2023",MPP-TH-23-00420,MPP-TH-23-00420/G2-61,"2024.0754",Amendment of 2024.0754.0,2024-03-15,2026-03-14,"ALL SUPPLY SOLUTION CO., LTD",3286264.00000,THB,93893.25714,3286264.00000,20000.00000,USD,20000.00000,700000.00000,20000.00000,20000.00000,700000.00000,20000.00000,700000.00000,"2024.0754.1",Amendment of 2024.0754.0,Live,2024-03-15 00:00:00.000,2026-03-14 00:00:00.000,3286264,THB,"2024.0754",Amendment of 2024.0754.0,2024-03-15,2026-03-14,"ALL SUPPLY SOLUTION CO., LTD",3286264,THB
"2023",MPP-TH-23-00420,MPP-TH-23-00420/G2-61,"2024.0755",Price Agreement for the Supply of Material for Stock Replenishment_PSS,2024-03-15,2026-03-14,"PREMIER SUPPLY AND SERVICE CO.,LTD.",43142012.00000,THB,1232628.91429,43142012.00000,560000.00000,USD,560000.00000,19600000.00000,560000.00000,560000.00000,19600000.00000,560000.00000,19600000.00000,"2024.0755.0",Price Agreement for the Supply of Material for Stock Replenishment_PSS,Live,2024-03-15 00:00:00.000,2026-03-14 00:00:00.000,43142012,THB,"2024.0755",Price Agreement for the Supply of Material for Stock Replenishment_PSS,2024-03-15,2026-03-14,"PREMIER SUPPLY AND SERVICE CO.,LTD.",43142012,THB
"2023",MPP-TH-23-00420,MPP-TH-23-00420/G2-61,"2024.0756",Price Agreement for the Supply of Material for Stock Replenishment_Systano,2024-03-15,2026-03-14,"SYSTANO CO.,LTD.",10793288.00000,THB,308379.65714,10793288.00000,160000.00000,USD,160000.00000,5600000.00000,160000.00000,160000.00000,5600000.00000,160000.00000,5600000.00000,"2024.0756.1",Amendment of 2024.0756.0,Approved,2024-03-15 00:00:00.000,2026-03-14 00:00:00.000,10793288,THB,"2024.0756",Price Agreement for the Supply of Material for Stock Replenishment_Systano,2024-03-15,2026-03-14,"SYSTANO CO.,LTD.",10793288,THB
"2023",MPP-TH-23-00420,MPP-TH-23-00420/G2-61,"2024.0757",Price Agreement for the Supply of Material for Stock Replenishment_UGS,2024-03-15,2026-03-14,"UGS SALES AND SERVICES CO.,LTD",10541084.00000,THB,301173.82857,10541084.00000,120000.00000,USD,120000.00000,4200000.00000,120000.00000,120000.00000,4200000.00000,120000.00000,4200000.00000,"2024.0757.1",Amendment of 2024.0757.0,Approved,2024-03-15 00:00:00.000,2026-03-14 00:00:00.000,10541084,THB,"2024.0757",Price Agreement for the Supply of Material for Stock Replenishment_UGS,2024-03-15,2026-03-14,"UGS SALES AND SERVICES CO.,LTD",10541084,THB
"2023",MPP-TH-23-00426,MPP-TH-23-00426/G1-61,"2023.0421",Provision of Offshore Casing and Tubular Running Services,2023-11-01,2027-02-28,"WEATHERFORD KSP CO., LTD.",2890426.50000,USD,2890426.50000,101164927.50000,1090027.17000,USD,1090027.17000,38150950.95000,1090000.00000,1090000.00000,38150000.00000,1090000.00000,38150000.00000,"2023.0421.3",Provision of Offshore Casing and Tubular Running Services,Live,2023-11-01 00:00:00.000,2027-02-28 00:00:00.000,2890426.5,USD,"2023.0421",Provision of Offshore Casing and Tubular Running Services,2023-11-01,2027-02-28,"WEATHERFORD KSP CO., LTD.",2890426.5,USD
"2023",MPP-TH-23-00426,MPP-TH-23-00426/G2-61,"2023.0421",Provision of Offshore Casing and Tubular Running Services,2023-11-01,2027-02-28,"WEATHERFORD KSP CO., LTD.",2890426.50000,USD,2890426.50000,101164927.50000,1729534.23000,USD,1729534.23000,60533698.05000,1730000.00000,1730000.00000,60550000.00000,1730000.00000,60550000.00000,"2023.0421.3",Provision of Offshore Casing and Tubular Running Services,Live,2023-11-01 00:00:00.000,2027-02-28 00:00:00.000,2890426.5,USD,"2023.0421",Provision of Offshore Casing and Tubular Running Services,2023-11-01,2027-02-28,"WEATHERFORD KSP CO., LTD.",2890426.5,USD
"2023",MPP-TH-23-00427,MPP-TH-23-00427/G1-61,"2023.0294","Provision of Mud Logging Services for Offshore Operation 2024-2027 (G1/61,G2/61 and Arthit)",2023-11-01,2026-12-31,SCHLUMBERGER OVERSEAS S.A.,4035000.00000,USD,4035000.00000,135971430.00000,1020599.00000,USD,1020599.00000,35720965.00000,1020599.00000,1020599.00000,35720965.00000,1020599.00000,35720965.00000,"2023.0294.1","Provision of Mud Logging Services for Offshore Operation 2024-2027 (G1/61,G2/61 and Arthit)",Live,2023-11-01 00:00:00.000,2026-12-31 00:00:00.000,6455148,USD,"2023.0294","Provision of Mud Logging Services for Offshore Operation 2024-2027 (G1/61,G2/61 and Arthit)",2023-11-01,2026-12-31,SCHLUMBERGER OVERSEAS S.A.,6455148,USD
"2023",MPP-TH-23-00428,MPP-TH-23-00428/G2-61,"2023.0294","Provision of Mud Logging Services for Offshore Operation 2024-2027 (G1/61,G2/61 and Arthit)",2023-11-01,2026-12-31,SCHLUMBERGER OVERSEAS S.A.,4035000.00000,USD,4035000.00000,135971430.00000,2101919.00000,USD,2101919.00000,73567165.00000,2100000.00000,2100000.00000,73500000.00000,2100000.00000,73500000.00000,"2023.0294.1","Provision of Mud Logging Services for Offshore Operation 2024-2027 (G1/61,G2/61 and Arthit)",Live,2023-11-01 00:00:00.000,2026-12-31 00:00:00.000,6455148,USD,"2023.0294","Provision of Mud Logging Services for Offshore Operation 2024-2027 (G1/61,G2/61 and Arthit)",2023-11-01,2026-12-31,SCHLUMBERGER OVERSEAS S.A.,6455148,USD
"2023",MPP-TH-23-00433,MPP-TH-23-00433/G1-65,"2023.0432",Provision of Offshore Jack-up Drilling Rig for Drilling Campaign 2024-2026 (RIG 15),2024-04-15,2026-01-14,ADES Holding For Drilling Services Ltd,70370250.00000,USD,70370250.00000,2462958750.00000,1100000.00000,USD,1100000.00000,1100000.00000,1100000.00000,1100000.00000,1100000.00000,1100000.00000,1100000.00000,"2023.0432.1",Amendment no.1 of 2023.0432.0,Approved,2024-04-15 00:00:00.000,2026-01-14 00:00:00.000,70370250,USD,"2023.0432",Provision of Offshore Jack-up Drilling Rig for Drilling Campaign 2024-2026 (RIG 15),2024-04-15,2026-01-14,ADES HOLDING FOR DRILLING SERVICES LTD,70370250,USD
"2023",MPP-TH-23-00433,MPP-TH-23-00433/G2-61,"2023.0432",Provision of Offshore Jack-up Drilling Rig for Drilling Campaign 2024-2026 (RIG 15),2024-04-15,2026-01-14,ADES Holding For Drilling Services Ltd,70370250.00000,USD,70370250.00000,2462958750.00000,23680000.00000,USD,23680000.00000,23680000.00000,23680000.00000,23680000.00000,23680000.00000,23680000.00000,23680000.00000,"2023.0432.1",Amendment no.1 of 2023.0432.0,Approved,2024-04-15 00:00:00.000,2026-01-14 00:00:00.000,70370250,USD,"2023.0432",Provision of Offshore Jack-up Drilling Rig for Drilling Campaign 2024-2026 (RIG 15),2024-04-15,2026-01-14,ADES HOLDING FOR DRILLING SERVICES LTD,70370250,USD
"2023",MPP-TH-23-00433,MPP-TH-23-00433/G3-65,"2023.0432",Provision of Offshore Jack-up Drilling Rig for Drilling Campaign 2024-2026 (RIG 15),2024-04-15,2026-01-14,ADES Holding For Drilling Services Ltd,70370250.00000,USD,70370250.00000,2462958750.00000,,USD,,,,,,10959301.00000,383575535.00000,"2023.0432.1",Amendment no.1 of 2023.0432.0,Approved,2024-04-15 00:00:00.000,2026-01-14 00:00:00.000,70370250,USD,"2023.0432",Provision of Offshore Jack-up Drilling Rig for Drilling Campaign 2024-2026 (RIG 15),2024-04-15,2026-01-14,ADES HOLDING FOR DRILLING SERVICES LTD,70370250,USD
"2023",MPP-TH-23-00434,MPP-TH-23-00434/G1-65,"2024.0684",Provision of Offshore Cementing Services (Rig 15),2024-04-16,2026-01-15,BAKER HUGHES OPERATIONS (THAILAND) LIMITED,4628534.43000,USD,4628534.43000,161998705.05000,840000.00000,USD,840000.00000,29400000.00000,840000.00000,840000.00000,29400000.00000,840000.00000,29400000.00000,"2024.0684.1",Provision of Offshore Cementing Services (Rig#15) - Amendment No.1,Approved,2024-04-16 00:00:00.000,2026-03-23 00:00:00.000,4628534.43,USD,"2024.0684",Provision of Offshore Cementing Services (Rig 15),2024-04-16,2026-01-15,BAKER HUGHES OPERATIONS (THAILAND) LIMITED,4628534.43,USD
"2023",MPP-TH-23-00434,MPP-TH-23-00434/G3-65,"2024.0684",Provision of Offshore Cementing Services (Rig 15),2024-04-16,2026-01-15,BAKER HUGHES OPERATIONS (THAILAND) LIMITED,4628534.43000,USD,4628534.43000,161998705.05000,720000.00000,USD,720000.00000,25200000.00000,720000.00000,720000.00000,25200000.00000,720000.00000,25200000.00000,"2024.0684.1",Provision of Offshore Cementing Services (Rig#15) - Amendment No.1,Approved,2024-04-16 00:00:00.000,2026-03-23 00:00:00.000,4628534.43,USD,"2024.0684",Provision of Offshore Cementing Services (Rig 15),2024-04-16,2026-01-15,BAKER HUGHES OPERATIONS (THAILAND) LIMITED,4628534.43,USD
"2023",MPP-TH-23-00436,MPP-TH-23-00436/G1-65,"2023.0568",Provision of Wireline Logging Services for Offshore Operation 2024-2026 (Rig 15),2024-03-15,2026-01-14,HALLIBURTON ENERGY SERVICES INC.,11447900.00000,USD,11447900.00000,400676500.00000,3640000.00000,USD,3640000.00000,127400000.00000,3640000.00000,3640000.00000,127400000.00000,3640000.00000,127400000.00000,"2023.0568.0",Provision of Wireline Logging Services for Offshore Operation 2024-2026 (Rig#15),Live,2024-03-15 00:00:00.000,2026-01-14 00:00:00.000,11447900,USD,"2023.0568",Provision of Wireline Logging Services for Offshore Operation 2024-2026 (Rig 15),2024-03-15,2026-01-14,HALLIBURTON ENERGY SERVICES INC.,11447900,USD
"2023",MPP-TH-23-00436,MPP-TH-23-00436/G2-61,"2023.0568",Provision of Wireline Logging Services for Offshore Operation 2024-2026 (Rig 15),2024-03-15,2026-01-14,HALLIBURTON ENERGY SERVICES INC.,11447900.00000,USD,11447900.00000,400676500.00000,5413540.00000,USD,5413540.00000,189473900.00000,5410000.00000,5410000.00000,189350000.00000,5410000.00000,189350000.00000,"2023.0568.0",Provision of Wireline Logging Services for Offshore Operation 2024-2026 (Rig#15),Live,2024-03-15 00:00:00.000,2026-01-14 00:00:00.000,11447900,USD,"2023.0568",Provision of Wireline Logging Services for Offshore Operation 2024-2026 (Rig 15),2024-03-15,2026-01-14,HALLIBURTON ENERGY SERVICES INC.,11447900,USD
"2023",MPP-TH-23-00436,MPP-TH-23-00436/G3-65,"2023.0568",Provision of Wireline Logging Services for Offshore Operation 2024-2026 (Rig 15),2024-03-15,2026-01-14,HALLIBURTON ENERGY SERVICES INC.,11447900.00000,USD,11447900.00000,400676500.00000,2393300.00000,USD,2393300.00000,83765500.00000,2390000.00000,2390000.00000,83650000.00000,2390000.00000,83650000.00000,"2023.0568.0",Provision of Wireline Logging Services for Offshore Operation 2024-2026 (Rig#15),Live,2024-03-15 00:00:00.000,2026-01-14 00:00:00.000,11447900,USD,"2023.0568",Provision of Wireline Logging Services for Offshore Operation 2024-2026 (Rig 15),2024-03-15,2026-01-14,HALLIBURTON ENERGY SERVICES INC.,11447900,USD
"2023",MPP-TH-23-00445,MPP-TH-23-00445/G1-61,"2023.0442",Provision of Offshore Cementing Services (Rig 14),2023-10-09,2026-02-28,SCHLUMBERGER OVERSEAS S.A.,6038541.00000,USD,6038541.00000,211348935.00000,5850000.00000,USD,5850000.00000,204750000.00000,5850000.00000,5850000.00000,204750000.00000,5850000.00000,204750000.00000,"2023.0442.0",Provision of Offshore Cementing Services (Rig#14),Live,2023-10-09 00:00:00.000,2026-02-28 00:00:00.000,6038541,USD,"2023.0442",Provision of Offshore Cementing Services (Rig 14),2023-10-09,2026-02-28,SCHLUMBERGER OVERSEAS S.A.,6038541,USD
"2023",MPP-TH-23-00445,MPP-TH-23-00445/G1-61,"2023.0442",Provision of Offshore Cementing Services (Rig 14),2023-10-09,2026-02-28,SCHLUMBERGER OVERSEAS S.A.,6038541.00000,USD,6038541.00000,211348935.00000,5850000.00000,USD,5850000.00000,204750000.00000,5850000.00000,5850000.00000,204750000.00000,5850000.00000,204750000.00000,"2023.0442.2",Provision of Offshore Cementing Services (Rig#14),Live,2023-10-09 00:00:00.000,2026-02-28 00:00:00.000,6038541,USD,"2023.0442",Provision of Offshore Cementing Services (Rig 14),2023-10-09,2026-02-28,SCHLUMBERGER OVERSEAS S.A.,6038541,USD
"2023",MPP-TH-23-00455,MPP-TH-23-00455/G1-61,"2023.0522",Provision of 2023-2028 Re-face and Re-cut Drill Pipe/ HWDC/ DC Connection Services for Offshore Oper,2023-12-01,2028-11-30,OMS OILFIELD SERVICES (THAILAND) LTD.,215916200.00000,THB,6169034.28571,215916200.00000,2853145.71000,USD,2853145.71000,99860099.85000,2850000.00000,2850000.00000,99750000.00000,2850000.00000,99750000.00000,"2023.0522.0",Provision of 2023-2028 Re-face and Re-cut Drill Pipe/ HWDC/ DC Connection Services for Offshore Oper,Live,2023-12-01 00:00:00.000,2028-11-30 00:00:00.000,215916200,THB,"2023.0522",Provision of 2023-2028 Re-face and Re-cut Drill Pipe/ HWDC/ DC Connection Services for Offshore Oper,2023-12-01,2028-11-30,OMS OILFIELD SERVICES (THAILAND) LTD.,215916200,THB
"2023",MPP-TH-23-00455,MPP-TH-23-00455/G2-61,"2023.0522",Provision of 2023-2028 Re-face and Re-cut Drill Pipe/ HWDC/ DC Connection Services for Offshore Oper,2023-12-01,2028-11-30,OMS OILFIELD SERVICES (THAILAND) LTD.,215916200.00000,THB,6169034.28571,215916200.00000,2146168.57000,USD,2146168.57000,75115899.95000,2150000.00000,2150000.00000,75250000.00000,2150000.00000,75250000.00000,"2023.0522.0",Provision of 2023-2028 Re-face and Re-cut Drill Pipe/ HWDC/ DC Connection Services for Offshore Oper,Live,2023-12-01 00:00:00.000,2028-11-30 00:00:00.000,215916200,THB,"2023.0522",Provision of 2023-2028 Re-face and Re-cut Drill Pipe/ HWDC/ DC Connection Services for Offshore Oper,2023-12-01,2028-11-30,OMS OILFIELD SERVICES (THAILAND) LTD.,215916200,THB
"2023",MPP-TH-23-00466,MPP-TH-23-00466/Non-PSC,"2023.0483","Price agreement for the Supply of Flange, Fitting and Spectacle Blind for Onshore assets",,,KS DISTRIBUTION (THAILAND) LIMITED,110000000.00000,USD,110000000.00000,110000000.00000,110000000.00000,USD,110000000.00000,110000000.00000,110000000.00000,110000000.00000,110000000.00000,110000000.00000,110000000.00000,"2023.0483.0","Price agreement for the Supply of Flange, Fitting and Spectacle Blind for Onshore assets",Live,2024-08-05 00:00:00.000,2027-08-04 00:00:00.000,65131177,THB,"2023.0483","Price agreement for the Supply of Flange, Fitting and Spectacle Blind for Onshore assets",2024-08-05,2027-08-04,KS DISTRIBUTION (THAILAND) LIMITED,65131177,THB
"2023",MPP-TH-23-00466,MPP-TH-23-00466/Non-PSC,"2024.0799","Price agreement for the Supply of Flange, Fitting and Spectacle Blind for Onshore assets",,,"PETCHEM SUPPLY CO., LTD.",110000000.00000,USD,110000000.00000,110000000.00000,110000000.00000,USD,110000000.00000,110000000.00000,110000000.00000,110000000.00000,110000000.00000,110000000.00000,110000000.00000,"2024.0799.0","Price agreement for the Supply of Flange, Fitting and Spectacle Blind for Onshore assets",Live,2024-08-05 00:00:00.000,2027-08-04 00:00:00.000,471974,THB,"2024.0799","Price agreement for the Supply of Flange, Fitting and Spectacle Blind for Onshore assets",2024-08-05,2027-08-04,"PETCHEM SUPPLY CO., LTD.",471974,THB
"2023",MPP-TH-23-00466,MPP-TH-23-00466/Non-PSC,"2024.0800","Price agreement for the Supply of Flange, Fitting and Spectacle Blind for Onshore assets",,,VAN LEEUWEN PIPE AND TUBE (THAILAND) LTD.,110000000.00000,USD,110000000.00000,110000000.00000,110000000.00000,USD,110000000.00000,110000000.00000,110000000.00000,110000000.00000,110000000.00000,110000000.00000,110000000.00000,"2024.0800.0","Price agreement for the Supply of Flange, Fitting and Spectacle Blind for Onshore assets",Live,2024-08-05 00:00:00.000,2027-08-04 00:00:00.000,21134100,THB,"2024.0800","Price agreement for the Supply of Flange, Fitting and Spectacle Blind for Onshore assets",2024-08-05,2027-08-04,VAN LEEUWEN PIPE AND TUBE (THAILAND) LTD.,21134100,THB
"2023",MPP-TH-23-00477,MPP-TH-23-00477/G1-61,"2023.0536",Amendment 1 of 2023.0536,2023-12-25,2025-12-24,"SC MANAGEMENT CO., LTD.",11789283.00000,USD,11789283.00000,412624905.00000,9998620.00000,USD,9998620.00000,349951700.00000,9998620.00000,9998620.00000,349951700.00000,9998620.00000,349951700.00000,"2023.0536.2",Contract Amendment 2 for Provision of One (1) 80-130 Ton Bollard Pull AHTS to Support Development Drilling,Executed,2025-12-27 00:00:00.000,2026-03-26 00:00:00.000,11789283,USD,"2023.0536",Amendment 1 of 2023.0536,2023-12-25,2025-12-26,"SC MANAGEMENT CO., LTD.",11226280,USD
"2023",MPP-TH-23-00481,MPP-TH-23-00481/G1-65,"2023.0598",Provision of Managed Pressure Drilling Services for Offshore Operation 2024-2026 (Call-Off),2024-04-01,2026-01-31,HALLIBURTON ENERGY SERVICES INC.,5765292.00000,USD,5765292.00000,201785220.00000,1390000.00000,USD,1390000.00000,48650000.00000,1390000.00000,1390000.00000,48650000.00000,1390000.00000,48650000.00000,"2023.0598.0",Provision of Managed Pressure Drilling Services for Offshore Operation 2024-2026 (Call-Off),Live,2024-04-01 00:00:00.000,2026-01-31 00:00:00.000,5765292,USD,"2023.0598",Provision of Managed Pressure Drilling Services for Offshore Operation 2024-2026 (Call-Off),2024-04-01,2026-01-31,HALLIBURTON ENERGY SERVICES INC.,5765292,USD
"2023",MPP-TH-23-00481,MPP-TH-23-00481/G2-61,"2023.0598",Provision of Managed Pressure Drilling Services for Offshore Operation 2024-2026 (Call-Off),2024-04-01,2026-01-31,HALLIBURTON ENERGY SERVICES INC.,5765292.00000,USD,5765292.00000,201785220.00000,3532162.00000,USD,3532162.00000,123625670.00000,3530000.00000,3530000.00000,123550000.00000,3530000.00000,123550000.00000,"2023.0598.0",Provision of Managed Pressure Drilling Services for Offshore Operation 2024-2026 (Call-Off),Live,2024-04-01 00:00:00.000,2026-01-31 00:00:00.000,5765292,USD,"2023.0598",Provision of Managed Pressure Drilling Services for Offshore Operation 2024-2026 (Call-Off),2024-04-01,2026-01-31,HALLIBURTON ENERGY SERVICES INC.,5765292,USD
"2023",MPP-TH-23-00481,MPP-TH-23-00481/G3-65,"2023.0598",Provision of Managed Pressure Drilling Services for Offshore Operation 2024-2026 (Call-Off),2024-04-01,2026-01-31,HALLIBURTON ENERGY SERVICES INC.,5765292.00000,USD,5765292.00000,201785220.00000,844832.00000,USD,844832.00000,29569120.00000,840000.00000,840000.00000,29400000.00000,840000.00000,29400000.00000,"2023.0598.0",Provision of Managed Pressure Drilling Services for Offshore Operation 2024-2026 (Call-Off),Live,2024-04-01 00:00:00.000,2026-01-31 00:00:00.000,5765292,USD,"2023.0598",Provision of Managed Pressure Drilling Services for Offshore Operation 2024-2026 (Call-Off),2024-04-01,2026-01-31,HALLIBURTON ENERGY SERVICES INC.,5765292,USD
"2023",MPP-TH-23-00491,MPP-TH-23-00491/Non-PSC,"2023.0565",Provision of Enhance Oil Recovery (EOR) Polymer Injection Services for S1 Asset (EOR-7 to EOR-10),,,Beijing Hengju Chemical Group Corporation,15564300.00000,USD,15564300.00000,552998022.57000,15564300.00000,USD,15564300.00000,552998022.57000,15564300.00000,15564300.00000,552998022.57000,15564300.00000,552998022.57000,"2023.0565.0",Provision of Enhance Oil Recovery (EOR) Polymer Injection Services for S1 Asset (EOR-7 to EOR-10),Live,2024-02-28 00:00:00.000,2031-03-14 00:00:00.000,12939300,USD,"2023.0565",Provision of Enhance Oil Recovery (EOR) Polymer Injection Services for S1 Asset (EOR-7 to EOR-10),2024-02-28,2031-03-14,BEIJING HENGJU CHEMICAL GROUP CORPORATION,12939300,USD
"2023",MPP-TH-23-00501,MPP-TH-23-00501/Non-PSC,"2023.0639",The Provision of MS Surface Laptop Rental,2024-04-15,2025-01-31,"SVOA PUBLIC CO., LTD.",224103000.00000,USD,224103000.00000,224103000.00000,224103000.00000,USD,224103000.00000,224103000.00000,224103000.00000,224103000.00000,224103000.00000,224103000.00000,224103000.00000,"2023.0639.0",The Provision of MS Surface Laptop Rental,Live,2024-01-22 00:00:00.000,2027-11-15 00:00:00.000,187495560,THB,"2023.0639",The Provision of MS Surface Laptop Rental,2024-01-22,2027-11-15,"SVOA PUBLIC CO., LTD.",187495560,THB
"2023",MPP-TH-23-00510,MPP-TH-23-00510/G2-61,"2023.0632",Provision of Topside Reuse Modification (WP21) for G2/61,2023-12-20,2025-12-19,THAI NIPPON STEEL ENGINEERING & CONSTRUCTION CORPORATION LTD,121327050.00000,THB,3466487.14286,121327050.00000,3220000.00000,USD,3220000.00000,112700000.00000,3220000.00000,3220000.00000,112700000.00000,3220000.00000,112700000.00000,"2023.0632.2",Provision of Topside Reuse Modification (WP21) for G2/61,Live,2023-12-20 00:00:00.000,2025-12-19 00:00:00.000,145925936.69,THB,"2023.0632",Provision of Topside Reuse Modification (WP21) for G2/61,2023-12-20,2025-12-19,THAI NIPPON STEEL ENGINEERING & CONSTRUCTION CORPORATION LTD,145925936.689999998,THB
"2024",MPP-TH-24-00001,MPP-TH-24-00001/G1-61,"2025.0615","EPCI for Wellhead Platforms, Pipelines, Brownfield Modifications and Tie-ins (Bundled Phases 4): Package 1 New Wellhead Platform",2025-09-16,2030-09-15,"COOEC (THAILAND) CO.,LTD.",,USD,,,227130000.00000,USD,227130000.00000,7608855000.00000,227130000.00000,227130000.00000,7608855000.00000,227130000.00000,7608855000.00000,"2025.0615.2","EPCI for Wellhead Platforms, Pipelines, Brownfield Modifications and Tie-ins (Bundled Phases 4): Package 1 New Wellhead Platform",Live,2025-09-16 00:00:00.000,2030-09-15 00:00:00.000,819654252,USD,"2025.0615","EPCI for Wellhead Platforms, Pipelines, Brownfield Modifications and Tie-ins (Bundled Phases 4): Package 1 New Wellhead Platform",2025-09-16,2030-09-15,"COOEC (THAILAND) CO.,LTD.",819654252,USD
"2024",MPP-TH-24-00001,MPP-TH-24-00001/G1-61,"2025.0616","EPCI for Wellhead Platforms, Pipelines, Brownfield Modifications and Tie-ins (Bundled Phases 4): Package 2 Reuse Wellhead Platform",2025-09-16,2030-09-15,THAI NIPPON STEEL ENGINEERING & CONSTRUCTION CORPORATION LTD,,USD,,,406270000.00000,USD,406270000.00000,13610045000.00000,227130000.00000,227130000.00000,7608855000.00000,227130000.00000,7608855000.00000,"2025.0616.1","EPCI for Wellhead Platforms, Pipelines, Brownfield Modifications and Tie-ins (Bundled Phases 4): Package 2 Reuse Wellhead Platform",Approved,2025-09-16 00:00:00.000,2030-09-15 00:00:00.000,197958932,USD,"2025.0616","EPCI for Wellhead Platforms, Pipelines, Brownfield Modifications and Tie-ins (Bundled Phases 4): Package 2 Reuse Wellhead Platform",2025-09-11,2030-09-10,THAI NIPPON STEEL ENGINEERING & CONSTRUCTION CORPORATION LTD,9225221.800000001,USD
"2024",MPP-TH-24-00001,MPP-TH-24-00001/G1-61,"2025.0782","EPCI for Wellhead Platforms, Pipelines, Brownfield Modifications and Tie-ins (Bundled Phases 4): Package 2 Reuse Wellhead Platform (Dummy)",2025-09-16,2030-09-15,GUANGZHOU SALVAGE,24646398.80000,USD,24646398.80000,804704920.82000,24646398.80000,USD,24646398.80000,804704920.82000,227130000.00000,227130000.00000,7608855000.00000,227130000.00000,7608855000.00000,"2025.0782.1","EPCI for Wellhead Platforms, Pipelines, Brownfield Modifications and Tie-ins (Bundled Phases 4): Package 2 Reuse Wellhead Platform (Dummy)",Approved,2025-09-16 00:00:00.000,2030-09-15 00:00:00.000,472420520,USD,"2025.0782","EPCI for Wellhead Platforms, Pipelines, Brownfield Modifications and Tie-ins (Bundled Phases 4): Package 2 Reuse Wellhead Platform (Dummy)",2025-09-16,2030-09-15,GUANGZHOU SALVAGE,24646398.800000001,USD
"2024",MPP-TH-24-00001,MPP-TH-24-00001/G1-65,"2025.0615","EPCI for Wellhead Platforms, Pipelines, Brownfield Modifications and Tie-ins (Bundled Phases 4): Package 1 New Wellhead Platform",2025-09-16,2030-09-15,"COOEC (THAILAND) CO.,LTD.",,USD,,,819654252.00000,USD,819654252.00000,26761711327.80000,,,,,,"2025.0615.2","EPCI for Wellhead Platforms, Pipelines, Brownfield Modifications and Tie-ins (Bundled Phases 4): Package 1 New Wellhead Platform",Live,2025-09-16 00:00:00.000,2030-09-15 00:00:00.000,819654252,USD,"2025.0615","EPCI for Wellhead Platforms, Pipelines, Brownfield Modifications and Tie-ins (Bundled Phases 4): Package 1 New Wellhead Platform",2025-09-16,2030-09-15,"COOEC (THAILAND) CO.,LTD.",819654252,USD
"2024",MPP-TH-24-00001,MPP-TH-24-00001/G1-65,"2025.0616","EPCI for Wellhead Platforms, Pipelines, Brownfield Modifications and Tie-ins (Bundled Phases 4): Package 2 Reuse Wellhead Platform",2025-09-16,2030-09-15,THAI NIPPON STEEL ENGINEERING & CONSTRUCTION CORPORATION LTD,,USD,,,9225221.80000,USD,9225221.80000,301203491.77000,,,,,,"2025.0616.1","EPCI for Wellhead Platforms, Pipelines, Brownfield Modifications and Tie-ins (Bundled Phases 4): Package 2 Reuse Wellhead Platform",Approved,2025-09-16 00:00:00.000,2030-09-15 00:00:00.000,197958932,USD,"2025.0616","EPCI for Wellhead Platforms, Pipelines, Brownfield Modifications and Tie-ins (Bundled Phases 4): Package 2 Reuse Wellhead Platform",2025-09-11,2030-09-10,THAI NIPPON STEEL ENGINEERING & CONSTRUCTION CORPORATION LTD,9225221.800000001,USD
"2024",MPP-TH-24-00001,MPP-TH-24-00001/G1-65,"2025.0782","EPCI for Wellhead Platforms, Pipelines, Brownfield Modifications and Tie-ins (Bundled Phases 4): Package 2 Reuse Wellhead Platform (Dummy)",2025-09-16,2030-09-15,GUANGZHOU SALVAGE,24646398.80000,USD,24646398.80000,804704920.82000,24646398.80000,USD,24646398.80000,804704920.82000,,,,,,"2025.0782.1","EPCI for Wellhead Platforms, Pipelines, Brownfield Modifications and Tie-ins (Bundled Phases 4): Package 2 Reuse Wellhead Platform (Dummy)",Approved,2025-09-16 00:00:00.000,2030-09-15 00:00:00.000,472420520,USD,"2025.0782","EPCI for Wellhead Platforms, Pipelines, Brownfield Modifications and Tie-ins (Bundled Phases 4): Package 2 Reuse Wellhead Platform (Dummy)",2025-09-16,2030-09-15,GUANGZHOU SALVAGE,24646398.800000001,USD
"2024",MPP-TH-24-00001,MPP-TH-24-00001/G2-61,"2025.0615","EPCI for Wellhead Platforms, Pipelines, Brownfield Modifications and Tie-ins (Bundled Phases 4): Package 1 New Wellhead Platform",2025-09-16,2030-09-15,"COOEC (THAILAND) CO.,LTD.",,USD,,,439690000.00000,USD,439690000.00000,14729615000.00000,439690000.00000,439690000.00000,14729615000.00000,439690000.00000,14729615000.00000,"2025.0615.2","EPCI for Wellhead Platforms, Pipelines, Brownfield Modifications and Tie-ins (Bundled Phases 4): Package 1 New Wellhead Platform",Live,2025-09-16 00:00:00.000,2030-09-15 00:00:00.000,819654252,USD,"2025.0615","EPCI for Wellhead Platforms, Pipelines, Brownfield Modifications and Tie-ins (Bundled Phases 4): Package 1 New Wellhead Platform",2025-09-16,2030-09-15,"COOEC (THAILAND) CO.,LTD.",819654252,USD
"2024",MPP-TH-24-00001,MPP-TH-24-00001/G2-61,"2025.0616","EPCI for Wellhead Platforms, Pipelines, Brownfield Modifications and Tie-ins (Bundled Phases 4): Package 2 Reuse Wellhead Platform",2025-09-16,2030-09-15,THAI NIPPON STEEL ENGINEERING & CONSTRUCTION CORPORATION LTD,,USD,,,151190000.00000,USD,151190000.00000,5064865000.00000,439690000.00000,439690000.00000,14729615000.00000,439690000.00000,14729615000.00000,"2025.0616.1","EPCI for Wellhead Platforms, Pipelines, Brownfield Modifications and Tie-ins (Bundled Phases 4): Package 2 Reuse Wellhead Platform",Approved,2025-09-16 00:00:00.000,2030-09-15 00:00:00.000,197958932,USD,"2025.0616","EPCI for Wellhead Platforms, Pipelines, Brownfield Modifications and Tie-ins (Bundled Phases 4): Package 2 Reuse Wellhead Platform",2025-09-11,2030-09-10,THAI NIPPON STEEL ENGINEERING & CONSTRUCTION CORPORATION LTD,9225221.800000001,USD
"2024",MPP-TH-24-00001,MPP-TH-24-00001/G2-61,"2025.0782","EPCI for Wellhead Platforms, Pipelines, Brownfield Modifications and Tie-ins (Bundled Phases 4): Package 2 Reuse Wellhead Platform (Dummy)",2025-09-16,2030-09-15,GUANGZHOU SALVAGE,24646398.80000,USD,24646398.80000,804704920.82000,24646398.80000,USD,24646398.80000,804704920.82000,439690000.00000,439690000.00000,14729615000.00000,439690000.00000,14729615000.00000,"2025.0782.1","EPCI for Wellhead Platforms, Pipelines, Brownfield Modifications and Tie-ins (Bundled Phases 4): Package 2 Reuse Wellhead Platform (Dummy)",Approved,2025-09-16 00:00:00.000,2030-09-15 00:00:00.000,472420520,USD,"2025.0782","EPCI for Wellhead Platforms, Pipelines, Brownfield Modifications and Tie-ins (Bundled Phases 4): Package 2 Reuse Wellhead Platform (Dummy)",2025-09-16,2030-09-15,GUANGZHOU SALVAGE,24646398.800000001,USD
"2024",MPP-TH-24-00001,MPP-TH-24-00001/G3-65,"2025.0615","EPCI for Wellhead Platforms, Pipelines, Brownfield Modifications and Tie-ins (Bundled Phases 4): Package 1 New Wellhead Platform",2025-09-16,2030-09-15,"COOEC (THAILAND) CO.,LTD.",,USD,,,819654252.00000,USD,819654252.00000,26761711327.80000,,,,,,"2025.0615.2","EPCI for Wellhead Platforms, Pipelines, Brownfield Modifications and Tie-ins (Bundled Phases 4): Package 1 New Wellhead Platform",Live,2025-09-16 00:00:00.000,2030-09-15 00:00:00.000,819654252,USD,"2025.0615","EPCI for Wellhead Platforms, Pipelines, Brownfield Modifications and Tie-ins (Bundled Phases 4): Package 1 New Wellhead Platform",2025-09-16,2030-09-15,"COOEC (THAILAND) CO.,LTD.",819654252,USD
"2024",MPP-TH-24-00001,MPP-TH-24-00001/G3-65,"2025.0616","EPCI for Wellhead Platforms, Pipelines, Brownfield Modifications and Tie-ins (Bundled Phases 4): Package 2 Reuse Wellhead Platform",2025-09-16,2030-09-15,THAI NIPPON STEEL ENGINEERING & CONSTRUCTION CORPORATION LTD,,USD,,,9225221.80000,USD,9225221.80000,301203491.77000,,,,,,"2025.0616.1","EPCI for Wellhead Platforms, Pipelines, Brownfield Modifications and Tie-ins (Bundled Phases 4): Package 2 Reuse Wellhead Platform",Approved,2025-09-16 00:00:00.000,2030-09-15 00:00:00.000,197958932,USD,"2025.0616","EPCI for Wellhead Platforms, Pipelines, Brownfield Modifications and Tie-ins (Bundled Phases 4): Package 2 Reuse Wellhead Platform",2025-09-11,2030-09-10,THAI NIPPON STEEL ENGINEERING & CONSTRUCTION CORPORATION LTD,9225221.800000001,USD
"2024",MPP-TH-24-00001,MPP-TH-24-00001/G3-65,"2025.0782","EPCI for Wellhead Platforms, Pipelines, Brownfield Modifications and Tie-ins (Bundled Phases 4): Package 2 Reuse Wellhead Platform (Dummy)",2025-09-16,2030-09-15,GUANGZHOU SALVAGE,24646398.80000,USD,24646398.80000,804704920.82000,24646398.80000,USD,24646398.80000,804704920.82000,,,,,,"2025.0782.1","EPCI for Wellhead Platforms, Pipelines, Brownfield Modifications and Tie-ins (Bundled Phases 4): Package 2 Reuse Wellhead Platform (Dummy)",Approved,2025-09-16 00:00:00.000,2030-09-15 00:00:00.000,472420520,USD,"2025.0782","EPCI for Wellhead Platforms, Pipelines, Brownfield Modifications and Tie-ins (Bundled Phases 4): Package 2 Reuse Wellhead Platform (Dummy)",2025-09-16,2030-09-15,GUANGZHOU SALVAGE,24646398.800000001,USD
"2024",MPP-TH-24-00001,MPP-TH-24-00001/Non-PSC,"2025.0615","EPCI for Wellhead Platforms, Pipelines, Brownfield Modifications and Tie-ins (Bundled Phases 4): Package 1 New Wellhead Platform",2025-09-16,2030-09-15,"COOEC (THAILAND) CO.,LTD.",,USD,,,819654252.00000,USD,819654252.00000,26761711327.80000,,,,,,"2025.0615.2","EPCI for Wellhead Platforms, Pipelines, Brownfield Modifications and Tie-ins (Bundled Phases 4): Package 1 New Wellhead Platform",Live,2025-09-16 00:00:00.000,2030-09-15 00:00:00.000,819654252,USD,"2025.0615","EPCI for Wellhead Platforms, Pipelines, Brownfield Modifications and Tie-ins (Bundled Phases 4): Package 1 New Wellhead Platform",2025-09-16,2030-09-15,"COOEC (THAILAND) CO.,LTD.",819654252,USD
"2024",MPP-TH-24-00001,MPP-TH-24-00001/Non-PSC,"2025.0616","EPCI for Wellhead Platforms, Pipelines, Brownfield Modifications and Tie-ins (Bundled Phases 4): Package 2 Reuse Wellhead Platform",2025-09-16,2030-09-15,THAI NIPPON STEEL ENGINEERING & CONSTRUCTION CORPORATION LTD,,USD,,,9225221.80000,USD,9225221.80000,301203491.77000,,,,,,"2025.0616.1","EPCI for Wellhead Platforms, Pipelines, Brownfield Modifications and Tie-ins (Bundled Phases 4): Package 2 Reuse Wellhead Platform",Approved,2025-09-16 00:00:00.000,2030-09-15 00:00:00.000,197958932,USD,"2025.0616","EPCI for Wellhead Platforms, Pipelines, Brownfield Modifications and Tie-ins (Bundled Phases 4): Package 2 Reuse Wellhead Platform",2025-09-11,2030-09-10,THAI NIPPON STEEL ENGINEERING & CONSTRUCTION CORPORATION LTD,9225221.800000001,USD
"2024",MPP-TH-24-00001,MPP-TH-24-00001/Non-PSC,"2025.0782","EPCI for Wellhead Platforms, Pipelines, Brownfield Modifications and Tie-ins (Bundled Phases 4): Package 2 Reuse Wellhead Platform (Dummy)",2025-09-16,2030-09-15,GUANGZHOU SALVAGE,24646398.80000,USD,24646398.80000,804704920.82000,24646398.80000,USD,24646398.80000,804704920.82000,,,,,,"2025.0782.1","EPCI for Wellhead Platforms, Pipelines, Brownfield Modifications and Tie-ins (Bundled Phases 4): Package 2 Reuse Wellhead Platform (Dummy)",Approved,2025-09-16 00:00:00.000,2030-09-15 00:00:00.000,472420520,USD,"2025.0782","EPCI for Wellhead Platforms, Pipelines, Brownfield Modifications and Tie-ins (Bundled Phases 4): Package 2 Reuse Wellhead Platform (Dummy)",2025-09-16,2030-09-15,GUANGZHOU SALVAGE,24646398.800000001,USD
"2024",MPP-TH-24-00002,MPP-TH-24-00002/G1-61,"2024.0865","Provision of Offshore Studies and Modifications Services to Support G1/61, G2/61 and ART Assets",2024-06-08,2026-07-07,FOSTER WHEELER  LIMITED & TH,58995020.00000,USD,1685572.00000,58995020.00000,310000.00000,USD,310000.00000,10385000.00000,1760000.00000,1760000.00000,58960000.00000,1760000.00000,58960000.00000,"2024.0865.0","Provision of Offshore Studies and Modifications Services to Support G1/61, G2/61 and ART Assets",Live,2024-06-14 00:00:00.000,2026-07-13 00:00:00.000,58995020,THB,"2024.0865","Provision of Offshore Studies and Modifications Services to Support G1/61, G2/61 and ART Assets",2024-06-14,2026-07-13,FOSTER WHEELER (THAILAND) LIMITED,58995020,THB
"2024",MPP-TH-24-00002,MPP-TH-24-00002/G2-61,"2024.0865","Provision of Offshore Studies and Modifications Services to Support G1/61, G2/61 and ART Assets",2024-06-08,2026-07-07,FOSTER WHEELER  LIMITED & TH,58995020.00000,USD,1685572.00000,58995020.00000,830000.00000,USD,830000.00000,27805000.00000,1760000.00000,1760000.00000,58960000.00000,1760000.00000,58960000.00000,"2024.0865.0","Provision of Offshore Studies and Modifications Services to Support G1/61, G2/61 and ART Assets",Live,2024-06-14 00:00:00.000,2026-07-13 00:00:00.000,58995020,THB,"2024.0865","Provision of Offshore Studies and Modifications Services to Support G1/61, G2/61 and ART Assets",2024-06-14,2026-07-13,FOSTER WHEELER (THAILAND) LIMITED,58995020,THB
"2024",MPP-TH-24-00007,MPP-TH-24-00007/G1-61,"2024.0183",Provision of Offshore Construction and Onshore Refurbishment Services for Remote Compressor for G1/61 (Call-Off),2025-03-01,2029-02-28,BEST PERFORMANCE ENGINEERING COMPANY LIMITED,235569057.00000,THB,6730544.48571,235569057.00000,7030000.00000,USD,7030000.00000,235505000.00000,7030000.00000,7030000.00000,235505000.00000,7030000.00000,235505000.00000,"2024.0183.0",Provision of Offshore Construction and Onshore Refurbishment Services for Remote Compressor for G1/61 (Call-Off),Live,2025-03-01 00:00:00.000,2029-02-28 00:00:00.000,235569057,THB,"2024.0183",Provision of Offshore Construction and Onshore Refurbishment Services for Remote Compressor for G1/61 (Call-Off),2025-03-01,2029-02-28,BEST PERFORMANCE ENGINEERING COMPANY LIMITED,235569057,THB
"2024",MPP-TH-24-00009,MPP-TH-24-00009/G1-61,"2024.0224","2024.0224",2025-04-01,2026-05-31,"EXPERTEAM CO., LTD.",22307869.00000,THB,637367.68571,22307869.00000,666000.00000,USD,666000.00000,22311000.00000,666000.00000,666000.00000,22311000.00000,666000.00000,22311000.00000,"2024.0224.0",Provision of E&I Manpower Support Commissioning of Wellhead Platform for G1/61 (Call-Off),Live,2025-04-01 00:00:00.000,2026-05-31 00:00:00.000,22307869,THB,"2024.0224",Provision of E&I Manpower Support Commissioning of Wellhead Platform for G1/61 (Call-Off),2025-04-01,2026-05-31,"EXPERTEAM CO., LTD.",22307869,THB
"2024",MPP-TH-24-00011,MPP-TH-24-00011/G1-61,"2024.0832",Provision of Pre-Commissioning & Commissioning Service for Remoted Compressor for G1/61,2024-09-16,2029-09-15,EXTERRAN (THAILAND) LIMITED,3903693.00000,USD,3903693.00000,136629255.00000,3900000.00000,USD,3900000.00000,130650000.00000,3900000.00000,3900000.00000,130650000.00000,3900000.00000,130650000.00000,"2024.0832.0",Provision of Pre-Commissioning & Commissioning Service for Remoted Compressor for G1/61,Live,2024-09-16 00:00:00.000,2029-09-15 00:00:00.000,3903693,USD,"2024.0832",Provision of Pre-Commissioning & Commissioning Service for Remoted Compressor for G1/61,2024-09-16,2029-09-15,EXTERRAN (THAILAND) LIMITED,3903693,USD
"2024",MPP-TH-24-00012,MPP-TH-24-00012/G1-61,"2024.0200",Amendment of 2024.0200.0,2025-01-23,2026-12-31,"ROCKWELL AUTOMATION THAI CO., LTD.",20244001.00000,THB,578400.02857,20244001.00000,620000.00000,USD,620000.00000,20770000.00000,620000.00000,620000.00000,20770000.00000,620000.00000,20770000.00000,"2024.0200.1",Amendment of 2024.0200.0,Live,2025-01-23 00:00:00.000,2026-12-31 00:00:00.000,20244001,THB,"2024.0200",Amendment of 2024.0200.0,2025-01-23,2026-12-31,"ROCKWELL AUTOMATION THAI CO., LTD.",20244001,THB
"2024",MPP-TH-24-00022,MPP-TH-24-00022/G2-61,"2024.0104",EPCIC for Compressor Revamp,2025-04-01,2028-03-31,SAPURA ENERGY (THAILAND) LIMITED.,4506000.00000,USD,4506000.00000,157710000.00000,4506000.00000,USD,4506000.00000,150951000.00000,4506000.00000,4506000.00000,150951000.00000,4506000.00000,150951000.00000,"2024.0104.1",EPCIC for Compressor Revamp,Live,2025-04-01 00:00:00.000,2028-03-31 00:00:00.000,4506000,USD,"2024.0104",EPCIC for Compressor Revamp,2025-04-01,2028-03-31,SAPURA ENERGY (THAILAND) LIMITED.,4506000,USD
"2024",MPP-TH-24-00023,MPP-TH-24-00023/G2-61,"2024.0866",Supply of Compressor Revamp and services for G2/61 (NP),2025-01-01,2027-12-31,NUOVO PIGNONE INTERNATIONAL S.R.L.,11065600.00000,EUR,,,13760000.00000,USD,13760000.00000,460960000.00000,11070000.00000,11070000.00000,370845000.00000,11070000.00000,370845000.00000,"2024.0866.1",Supply of Compressor Revamp and services for G2/61 (NP),Live,2025-01-01 00:00:00.000,2027-12-31 00:00:00.000,11065600,EUR,"2024.0866",Supply of Compressor Revamp and services for G2/61 (NP),2025-01-01,2027-12-31,NUOVO PIGNONE INTERNATIONAL S.R.L.,11065600,EUR
"2024",MPP-TH-24-00025,MPP-TH-24-00025/G2-61,"2024.0758",Provision of Boat Landing Repair Services for G2/61 (PP & WP5),2024-09-01,2026-08-31,THAI NIPPON STEEL ENGINEERING & CONSTRUCTION CORPORATION LTD,57901193.00000,THB,1654319.80000,57901193.00000,1360000.00000,USD,1360000.00000,45560000.00000,1360000.00000,1360000.00000,45560000.00000,1360000.00000,45560000.00000,"2024.0758.2",Provision of Boat Landing Repair Services for G2/61 (PP & WP5),Live,2024-09-01 00:00:00.000,2026-08-31 00:00:00.000,57901193,THB,"2024.0758",Provision of Boat Landing Repair Services for G2/61 (PP & WP5),2024-09-01,2026-08-31,THAI NIPPON STEEL ENGINEERING & CONSTRUCTION CORPORATION LTD,57901193,THB
"2024",MPP-TH-24-00027,MPP-TH-24-00027/G1-61,"2025.0376",Supply of Drilling Base Fluid,2025-11-01,2031-04-30,DIALOG SYSTEMS (THAILAND) LTD,270282746.00000,USD,270282746.00000,8824731656.90000,270282746.00000,USD,270282746.00000,8824731656.90000,,,,,,"2025.0376.0",Supply of Drilling Base Fluid,Live,2025-11-01 00:00:00.000,2031-04-30 00:00:00.000,270282746,USD,"2025.0376",Supply of Drilling Base Fluid,2025-11-01,2031-04-30,DIALOG SYSTEMS (THAILAND) LTD,270282746,USD
"2024",MPP-TH-24-00027,MPP-TH-24-00027/G1-65,"2025.0376",Supply of Drilling Base Fluid,2025-11-01,2031-04-30,DIALOG SYSTEMS (THAILAND) LTD,270282746.00000,USD,270282746.00000,8824731656.90000,270282746.00000,USD,270282746.00000,8824731656.90000,280000.00000,280000.00000,9380000.00000,280000.00000,9380000.00000,"2025.0376.0",Supply of Drilling Base Fluid,Live,2025-11-01 00:00:00.000,2031-04-30 00:00:00.000,270282746,USD,"2025.0376",Supply of Drilling Base Fluid,2025-11-01,2031-04-30,DIALOG SYSTEMS (THAILAND) LTD,270282746,USD
"2024",MPP-TH-24-00027,MPP-TH-24-00027/G2-61,"2025.0376",Supply of Drilling Base Fluid,2025-11-01,2031-04-30,DIALOG SYSTEMS (THAILAND) LTD,270282746.00000,USD,270282746.00000,8824731656.90000,270282746.00000,USD,270282746.00000,8824731656.90000,,,,,,"2025.0376.0",Supply of Drilling Base Fluid,Live,2025-11-01 00:00:00.000,2031-04-30 00:00:00.000,270282746,USD,"2025.0376",Supply of Drilling Base Fluid,2025-11-01,2031-04-30,DIALOG SYSTEMS (THAILAND) LTD,270282746,USD
"2024",MPP-TH-24-00027,MPP-TH-24-00027/Non-PSC,"2025.0376",Supply of Drilling Base Fluid,2025-11-01,2031-04-30,DIALOG SYSTEMS (THAILAND) LTD,270282746.00000,USD,270282746.00000,8824731656.90000,270282746.00000,USD,270282746.00000,8824731656.90000,,,,,,"2025.0376.0",Supply of Drilling Base Fluid,Live,2025-11-01 00:00:00.000,2031-04-30 00:00:00.000,270282746,USD,"2025.0376",Supply of Drilling Base Fluid,2025-11-01,2031-04-30,DIALOG SYSTEMS (THAILAND) LTD,270282746,USD
"2024",MPP-TH-24-00028,MPP-TH-24-00028/G1-61,"2025.0358","SUPPLY OF OCTG TO SUPPORT OFFSHORE DRILLING OPERATIONS (CARBON STEEL PRODUCT) FOR DELIVERY IN Q1 2026 (Group no. 1,2,4 and 5)",2025-08-01,2027-01-31, TIANJIN PIPE INTERNATIONAL ECONOMIC & TRADING CORPORATION,,USD,,,4670000.00000,USD,4670000.00000,156445000.00000,4670000.00000,4670000.00000,156445000.00000,4670000.00000,156445000.00000,"2025.0358.0","SUPPLY OF OCTG TO SUPPORT OFFSHORE DRILLING OPERATIONS (CARBON STEEL PRODUCT) FOR DELIVERY IN Q1 2026 (Group no. 1,2,4 and 5)",Live,2025-08-01 00:00:00.000,2027-01-31 00:00:00.000,7228645,USD,"2025.0358","SUPPLY OF OCTG TO SUPPORT OFFSHORE DRILLING OPERATIONS (CARBON STEEL PRODUCT) FOR DELIVERY IN Q1 2026 (Group no. 1,2,4 and 5)",2025-08-01,2027-01-31,TIANJIN PIPE INTERNATIONAL ECONOMIC &TRADING CORPORATION,7228645,USD
"2024",MPP-TH-24-00028,MPP-TH-24-00028/G2-61,"2025.0358","SUPPLY OF OCTG TO SUPPORT OFFSHORE DRILLING OPERATIONS (CARBON STEEL PRODUCT) FOR DELIVERY IN Q1 2026 (Group no. 1,2,4 and 5)",2025-08-01,2027-01-31, TIANJIN PIPE INTERNATIONAL ECONOMIC & TRADING CORPORATION,,USD,,,50000.00000,USD,50000.00000,1675000.00000,50000.00000,50000.00000,1675000.00000,50000.00000,1675000.00000,"2025.0358.0","SUPPLY OF OCTG TO SUPPORT OFFSHORE DRILLING OPERATIONS (CARBON STEEL PRODUCT) FOR DELIVERY IN Q1 2026 (Group no. 1,2,4 and 5)",Live,2025-08-01 00:00:00.000,2027-01-31 00:00:00.000,7228645,USD,"2025.0358","SUPPLY OF OCTG TO SUPPORT OFFSHORE DRILLING OPERATIONS (CARBON STEEL PRODUCT) FOR DELIVERY IN Q1 2026 (Group no. 1,2,4 and 5)",2025-08-01,2027-01-31,TIANJIN PIPE INTERNATIONAL ECONOMIC &TRADING CORPORATION,7228645,USD
"2024",MPP-TH-24-00028,MPP-TH-24-00028/Non-PSC,"2025.0358","SUPPLY OF OCTG TO SUPPORT OFFSHORE DRILLING OPERATIONS (CARBON STEEL PRODUCT) FOR DELIVERY IN Q1 2026 (Group no. 1,2,4 and 5)",2025-08-01,2027-01-31, TIANJIN PIPE INTERNATIONAL ECONOMIC & TRADING CORPORATION,,USD,,,,USD,,,2910160.00000,2910160.00000,2910160.00000,2910160.00000,2910160.00000,"2025.0358.0","SUPPLY OF OCTG TO SUPPORT OFFSHORE DRILLING OPERATIONS (CARBON STEEL PRODUCT) FOR DELIVERY IN Q1 2026 (Group no. 1,2,4 and 5)",Live,2025-08-01 00:00:00.000,2027-01-31 00:00:00.000,7228645,USD,"2025.0358","SUPPLY OF OCTG TO SUPPORT OFFSHORE DRILLING OPERATIONS (CARBON STEEL PRODUCT) FOR DELIVERY IN Q1 2026 (Group no. 1,2,4 and 5)",2025-08-01,2027-01-31,TIANJIN PIPE INTERNATIONAL ECONOMIC &TRADING CORPORATION,7228645,USD
"2024",MPP-TH-24-00028,MPP-TH-24-00028/Non-PSC,"2025.0725",SUPPLY OF OCTG TO SUPPORT OFFSHORE DRILLING OPERATIONS (CARBON STEEL PRODUCT) FOR DELIVERY IN Q1 2026 (Group no. 3),2025-08-01,2027-01-31,VALIN HENGYANG (SINGAPORE) PTE LTD,,USD,,,,USD,,,674840.00000,674840.00000,674840.00000,674840.00000,674840.00000,"2025.0725.0",SUPPLY OF OCTG TO SUPPORT OFFSHORE DRILLING OPERATIONS (CARBON STEEL PRODUCT) FOR DELIVERY IN Q1 2026 (Group no. 3),Live,2025-08-01 00:00:00.000,2027-01-31 00:00:00.000,674840,USD,"2025.0725",SUPPLY OF OCTG TO SUPPORT OFFSHORE DRILLING OPERATIONS (CARBON STEEL PRODUCT) FOR DELIVERY IN Q1 2026 (Group no. 3),2025-08-01,2027-01-31,VALIN HENGYANG (SINGAPORE) PTE LTD,674840,USD
"2024",MPP-TH-24-00029,MPP-TH-24-00029/G1-61,"2024.0113",SUPPLY OF CARBON STEEL OCTG TO SUPPORT OFFSHORE DRILLING OPERATION FOR ARTHIT G1/61 AND G2/61 DELIVERY IN Q2/2025 (Group No. 1 and 3),2024-12-16,2026-05-15,VALIN HENGYANG (SINGAPORE) PTE LTD,839249.00000,USD,839249.00000,29373715.00000,80000.00000,USD,80000.00000,2680000.00000,80000.00000,80000.00000,2680000.00000,80000.00000,2680000.00000,"2024.0113.0",SUPPLY OF CARBON STEEL OCTG TO SUPPORT OFFSHORE DRILLING OPERATION FOR ARTHIT G1/61 AND G2/61 DELIVERY IN Q2/2025 (Group No. 1 and 3),Live,2024-12-16 00:00:00.000,2026-06-15 00:00:00.000,839249,USD,"2024.0113",SUPPLY OF CARBON STEEL OCTG TO SUPPORT OFFSHORE DRILLING OPERATION FOR ARTHIT G1/61 AND G2/61 DELIVERY IN Q2/2025 (Group No. 1 and 3),2024-12-16,2026-06-15,VALIN HENGYANG (SINGAPORE) PTE LTD,839249,USD
"2024",MPP-TH-24-00029,MPP-TH-24-00029/G1-61,"2024.0279",SUPPLY OF CARBON STEEL OCTG TO SUPPORT OFFSHORE DRILLING OPERATION FOR ARTHIT and G1/61 AND DELIVERY IN Q2/2025 (Group No.2),2024-12-16,2026-05-15,"LINZHOU FENGBAO PIPE INDUSTRY CO., LTD.",846561.65000,USD,846561.65000,29629657.75000,600000.00000,USD,600000.00000,20100000.00000,80000.00000,80000.00000,2680000.00000,80000.00000,2680000.00000,"2024.0279.0",SUPPLY OF CARBON STEEL OCTG TO SUPPORT OFFSHORE DRILLING OPERATION FOR ARTHIT and G1/61 AND DELIVERY IN Q2/2025 (Group No.2),Live,2024-12-16 00:00:00.000,2026-06-15 00:00:00.000,846561.65,USD,"2024.0279",SUPPLY OF CARBON STEEL OCTG TO SUPPORT OFFSHORE DRILLING OPERATION FOR ARTHIT and G1/61 AND DELIVERY IN Q2/2025 (Group No.2),2024-12-16,2026-06-15,"LINZHOU FENGBAO PIPE INDUSTRY CO., LTD.",846561.65,USD
"2024",MPP-TH-24-00029,MPP-TH-24-00029/G1-61,"2024.0281",SUPPLY OF CARBON STEEL OCTG TO SUPPORT OFFSHORE DRILLING OPERATION FOR ARTHIT G1/61 AND G2/61 DELIVERY IN Q2/2025 (Group No.5 and 6),2024-12-16,2026-05-15,JIANGSU CHANGBAO STEEL TUBULARS CORPORATION,13368295.00000,USD,13368295.00000,467890325.00000,11920000.00000,USD,11920000.00000,399320000.00000,80000.00000,80000.00000,2680000.00000,80000.00000,2680000.00000,"2024.0281.0",SUPPLY OF CARBON STEEL OCTG TO SUPPORT OFFSHORE DRILLING OPERATION FOR ARTHIT G1/61 AND G2/61 DELIVERY IN Q2/2025 (Group No.5 and 6),Live,2024-12-16 00:00:00.000,2026-06-15 00:00:00.000,13368295,USD,"2024.0281",SUPPLY OF CARBON STEEL OCTG TO SUPPORT OFFSHORE DRILLING OPERATION FOR ARTHIT G1/61 AND G2/61 DELIVERY IN Q2/2025 (Group No.5 and 6),2024-12-16,2026-06-15,JIANGSU CHANGBAO STEEL TUBULARS CORPORATION,13368295,USD
"2024",MPP-TH-24-00029,MPP-TH-24-00029/G2-61,"2024.0113",SUPPLY OF CARBON STEEL OCTG TO SUPPORT OFFSHORE DRILLING OPERATION FOR ARTHIT G1/61 AND G2/61 DELIVERY IN Q2/2025 (Group No. 1 and 3),2024-12-16,2026-05-15,VALIN HENGYANG (SINGAPORE) PTE LTD,839249.00000,USD,839249.00000,29373715.00000,1830000.00000,USD,1830000.00000,61305000.00000,1830000.00000,1830000.00000,61305000.00000,1830000.00000,61305000.00000,"2024.0113.0",SUPPLY OF CARBON STEEL OCTG TO SUPPORT OFFSHORE DRILLING OPERATION FOR ARTHIT G1/61 AND G2/61 DELIVERY IN Q2/2025 (Group No. 1 and 3),Live,2024-12-16 00:00:00.000,2026-06-15 00:00:00.000,839249,USD,"2024.0113",SUPPLY OF CARBON STEEL OCTG TO SUPPORT OFFSHORE DRILLING OPERATION FOR ARTHIT G1/61 AND G2/61 DELIVERY IN Q2/2025 (Group No. 1 and 3),2024-12-16,2026-06-15,VALIN HENGYANG (SINGAPORE) PTE LTD,839249,USD
"2024",MPP-TH-24-00029,MPP-TH-24-00029/G2-61,"2024.0280",SUPPLY OF CARBON STEEL OCTG TO SUPPORT OFFSHORE DRILLING OPERATION FOR G2/61 DELIVERY IN Q2/2025 (Group No.4),2024-12-16,2026-05-15,TIANJIN PIPE INTERNATIONAL ECONOMIC &TRADING CORPORATION,1833300.00000,USD,1833300.00000,64165500.00000,150000.00000,USD,150000.00000,5025000.00000,150000.00000,150000.00000,5025000.00000,150000.00000,5025000.00000,"2024.0280.0",SUPPLY OF CARBON STEEL OCTG TO SUPPORT OFFSHORE DRILLING OPERATION FOR G2/61 DELIVERY IN Q2/2025 (Group No.4),Live,2024-12-16 00:00:00.000,2026-06-15 00:00:00.000,1833300,USD,"2024.0280",SUPPLY OF CARBON STEEL OCTG TO SUPPORT OFFSHORE DRILLING OPERATION FOR G2/61 DELIVERY IN Q2/2025 (Group No.4),2024-12-16,2026-06-15,TIANJIN PIPE INTERNATIONAL ECONOMIC &TRADING CORPORATION,1833300,USD
"2024",MPP-TH-24-00029,MPP-TH-24-00029/G2-61,"2024.0281",SUPPLY OF CARBON STEEL OCTG TO SUPPORT OFFSHORE DRILLING OPERATION FOR ARTHIT G1/61 AND G2/61 DELIVERY IN Q2/2025 (Group No.5 and 6),2024-12-16,2026-05-15,JIANGSU CHANGBAO STEEL TUBULARS CORPORATION,13368295.00000,USD,13368295.00000,467890325.00000,460000.00000,USD,460000.00000,15410000.00000,460000.00000,460000.00000,15410000.00000,460000.00000,15410000.00000,"2024.0281.0",SUPPLY OF CARBON STEEL OCTG TO SUPPORT OFFSHORE DRILLING OPERATION FOR ARTHIT G1/61 AND G2/61 DELIVERY IN Q2/2025 (Group No.5 and 6),Live,2024-12-16 00:00:00.000,2026-06-15 00:00:00.000,13368295,USD,"2024.0281",SUPPLY OF CARBON STEEL OCTG TO SUPPORT OFFSHORE DRILLING OPERATION FOR ARTHIT G1/61 AND G2/61 DELIVERY IN Q2/2025 (Group No.5 and 6),2024-12-16,2026-06-15,JIANGSU CHANGBAO STEEL TUBULARS CORPORATION,13368295,USD
"2024",MPP-TH-24-00030,MPP-TH-24-00030/G1-61,"2024.0108",Supply of Carbon Steel OCTG Products to Support Offshore for Delivery in Q1’2025 (Bid 2'24),2024-09-16,2026-03-15,"Linzhou Fengbao Pipe Industry Co., Ltd.",1393110.00000,USD,1393110.00000,48758850.00000,1211400.00000,USD,1211400.00000,40581900.00000,4540000.00000,4540000.00000,152090000.00000,4540000.00000,152090000.00000,"2024.0108.0",Supply of Carbon Steel OCTG Products to Support Offshore for Delivery in Q1’2025 (Bid 2'24),Live,2024-09-16 00:00:00.000,2026-03-15 00:00:00.000,1393110,USD,"2024.0108",Supply of Carbon Steel OCTG Products to Support Offshore for Delivery in Q1’2025 (Bid 2'24),2024-09-16,2026-03-15,"LINZHOU FENGBAO PIPE INDUSTRY CO., LTD.",1393110,USD
"2024",MPP-TH-24-00030,MPP-TH-24-00030/G1-61,"2024.0109",Supply of Carbon Steel OCTG Products to Support Offshore for Delivery in Q1’2025 (Bid 2'24),2024-09-16,2026-03-15,JIANGSU CHANGBAO STEEL TUBULARS CORPORATION,11644500.00000,USD,11644500.00000,407557500.00000,4542000.00000,USD,4542000.00000,152157000.00000,4540000.00000,4540000.00000,152090000.00000,4540000.00000,152090000.00000,"2024.0109.0",Supply of Carbon Steel OCTG Products to Support Offshore for Delivery in Q1’2025 (Bid 2'24),Live,2024-09-16 00:00:00.000,2026-03-15 00:00:00.000,11644500,USD,"2024.0109",Supply of Carbon Steel OCTG Products to Support Offshore for Delivery in Q1’2025 (Bid 2'24),2024-09-16,2026-03-15,JIANGSU CHANGBAO STEEL TUBULARS CORPORATION,11644500,USD
"2024",MPP-TH-24-00030,MPP-TH-24-00030/G2-61,"2024.0109",Supply of Carbon Steel OCTG Products to Support Offshore for Delivery in Q1’2025 (Bid 2'24),2024-09-16,2026-03-15,JIANGSU CHANGBAO STEEL TUBULARS CORPORATION,11644500.00000,USD,11644500.00000,407557500.00000,6537900.00000,USD,6537900.00000,219019650.00000,6540000.00000,6540000.00000,219090000.00000,6540000.00000,219090000.00000,"2024.0109.0",Supply of Carbon Steel OCTG Products to Support Offshore for Delivery in Q1’2025 (Bid 2'24),Live,2024-09-16 00:00:00.000,2026-03-15 00:00:00.000,11644500,USD,"2024.0109",Supply of Carbon Steel OCTG Products to Support Offshore for Delivery in Q1’2025 (Bid 2'24),2024-09-16,2026-03-15,JIANGSU CHANGBAO STEEL TUBULARS CORPORATION,11644500,USD
"2024",MPP-TH-24-00030,MPP-TH-24-00030/G2-61,"2024.0831",Supply of Carbon Steel OCTG Products to Support Offshore for Delivery in Q1’2025 (Bid 2'24),2024-09-16,2026-03-15,TIANJIN PIPE INTERNATIONAL ECONOMIC &TRADING CORPORATION,3097640.00000,USD,3097640.00000,108417400.00000,2902540.00000,USD,2902540.00000,97235090.00000,6540000.00000,6540000.00000,219090000.00000,6540000.00000,219090000.00000,"2024.0831.0",Supply of Carbon Steel OCTG Products to Support Offshore for Delivery in Q1’2025 (Bid 2'24),Live,2024-09-16 00:00:00.000,2026-03-15 00:00:00.000,3097640,USD,"2024.0831",Supply of Carbon Steel OCTG Products to Support Offshore for Delivery in Q1’2025 (Bid 2'24),2024-09-16,2026-03-15,TIANJIN PIPE INTERNATIONAL ECONOMIC &TRADING CORPORATION,3097640,USD
"2024",MPP-TH-24-00031,MPP-TH-24-00031/G2-61,"2024.0821",PROVISION OF OFFSHORE PLUG AND ABANDONMENT SERVICES PHASE 2 FOR G2/61 & OTHER ASSET (CALL-OFF),2025-05-01,2030-12-31,EEST ENERGY SERVICES (THAILAND) LIMITED,33322987.00000,USD,33322987.00000,1166304545.00000,23391416.00000,USD,23391416.00000,783612436.00000,23391416.00000,23391416.00000,783612436.00000,23391416.00000,783612436.00000,"2024.0821.0",PROVISION OF OFFSHORE PLUG AND ABANDONMENT SERVICES PHASE 2 FOR G2/61 & OTHER ASSET (CALL-OFF),Live,2025-05-01 00:00:00.000,2030-12-31 00:00:00.000,33322987,USD,"2024.0821",PROVISION OF OFFSHORE PLUG AND ABANDONMENT SERVICES PHASE 2 FOR G2/61 & OTHER ASSET (CALL-OFF),2025-05-01,2030-12-31,EEST ENERGY SERVICES (THAILAND) LIMITED,33322987,USD
"2024",MPP-TH-24-00032,MPP-TH-24-00032/G1-61,"2024.0746","Provision of Offshore Plug and Abandonment Services Phase 2 (Unit 1, Call-off)",2024-08-01,2024-07-31,EEST ENERGY SERVICES (THAILAND) LIMITED,19867234.00000,USD,19867234.00000,695353190.00000,11500000.00000,USD,11500000.00000,385250000.00000,11570000.00000,11570000.00000,387595000.00000,11570000.00000,387595000.00000,"2024.0746.0","Provision of Offshore Plug and Abandonment Services Phase 2 (Unit 1, Call-off)",Live,2024-08-01 00:00:00.000,2028-07-31 00:00:00.000,19867234,USD,"2024.0746","Provision of Offshore Plug and Abandonment Services Phase 2 (Unit 1, Call-off)",2024-08-01,2028-07-31,EEST ENERGY SERVICES (THAILAND) LIMITED,19867234,USD
"2024",MPP-TH-24-00037,MPP-TH-24-00037/G1-61,"2024.0730",Supply of OCTG to Support Offshore Drilling Operations (13-Chrome) for delivery in July 2025,2024-10-25,2026-04-24,MARUBENI-ITOCHU TUBULARS ASIA PTE LTD,4528000.00000,USD,4528000.00000,158480000.00000,2260000.00000,USD,2260000.00000,75710000.00000,2260000.00000,2260000.00000,75710000.00000,2260000.00000,75710000.00000,"2024.0730.0",Supply of OCTG to Support Offshore Drilling Operations (13-Chrome) for delivery in July 2025,Live,2024-10-25 00:00:00.000,2026-04-24 00:00:00.000,4528000,USD,"2024.0730",Supply of OCTG to Support Offshore Drilling Operations (13-Chrome) for delivery in July 2025,2024-10-25,2026-04-24,MARUBENI-ITOCHU TUBULARS ASIA PTE LTD,4528000,USD
"2024",MPP-TH-24-00040,MPP-TH-24-00040/G1-61,"2024.0146",Provision of Vibratory Equipment and Services,2024-11-16,2027-10-15,NATIONAL OILWELL VARCO (THAILAND) LTD.,8127605.00000,USD,8127605.00000,284466175.00000,4750000.00000,USD,4750000.00000,159125000.00000,4750000.00000,4750000.00000,159125000.00000,4750000.00000,159125000.00000,"2024.0146.0",Provision of Vibratory Equipment and Services,Live,2024-11-16 00:00:00.000,2027-10-15 00:00:00.000,8127605,USD,"2024.0146",Provision of Vibratory Equipment and Services,2024-11-16,2027-10-15,NATIONAL OILWELL VARCO (THAILAND) LTD.,8127605,USD
"2024",MPP-TH-24-00040,MPP-TH-24-00040/G2-61,"2024.0146",Provision of Vibratory Equipment and Services,2024-11-16,2027-10-15,NATIONAL OILWELL VARCO (THAILAND) LTD.,8127605.00000,USD,8127605.00000,284466175.00000,2370000.00000,USD,2370000.00000,79395000.00000,2370000.00000,2370000.00000,79395000.00000,2370000.00000,79395000.00000,"2024.0146.0",Provision of Vibratory Equipment and Services,Live,2024-11-16 00:00:00.000,2027-10-15 00:00:00.000,8127605,USD,"2024.0146",Provision of Vibratory Equipment and Services,2024-11-16,2027-10-15,NATIONAL OILWELL VARCO (THAILAND) LTD.,8127605,USD
"2024",MPP-TH-24-00042,MPP-TH-24-00042/G1-61,"2024.0318",Provision of Offshore Drilling Fluid Services 2025-2026 (Call-Off) Package 1,2025-02-19,2026-04-30,BAKER HUGHES OPERATIONS (THAILAND) LIMITED,39545474.00000,USD,39545474.00000,1384091590.00000,38020000.00000,USD,38020000.00000,1273670000.00000,38020000.00000,38020000.00000,1273670000.00000,38020000.00000,1273670000.00000,"2024.0318.1",Provision of Offshore Drilling Fluid Services 2025-2026 (Call-Off) Package 1,Live,2025-02-19 00:00:00.000,2026-04-30 00:00:00.000,39545474,USD,"2024.0318",Provision of Offshore Drilling Fluid Services 2025-2026 (Call-Off) Package 1,2025-02-19,2026-04-30,BAKER HUGHES OPERATIONS (THAILAND) LIMITED,39545474,USD
"2024",MPP-TH-24-00045,MPP-TH-24-00045/G1-61,"2024.0231",Provision of Offshore Cementing Services for Rig 9 (Contract Amendment No.1),2025-05-16,2030-07-14,COSL DRILLING PAN-PACIFIC LTD.,24829779.00000,USD,24829779.00000,869042265.00000,24829779.00000,USD,24829779.00000,831797596.50000,24829779.00000,24829779.00000,831797596.50000,24829779.00000,831797596.50000,"2024.0231.2",Provision of Offshore Cementing Services for Rig#9 (Contract Amendment No.1),Live,2025-05-16 00:00:00.000,2030-07-14 00:00:00.000,24829779,USD,"2024.0231",Provision of Offshore Cementing Services for Rig 9 (Contract Amendment No.1),2025-05-16,2030-07-14,COSL DRILLING PAN-PACIFIC LTD.,24829779,USD
"2024",MPP-TH-24-00046,MPP-TH-24-00046/G1-61,"2024.0315",Provision of Offshore Cementing Services for Rig 1,2025-07-01,2030-09-30,BAKER HUGHES OPERATIONS (THAILAND) LIMITED,24158319.00000,USD,24158319.00000,845541165.00000,24158319.00000,USD,24158319.00000,809303686.50000,24158319.00000,24158319.00000,809303686.50000,24158319.00000,809303686.50000,"2024.0315.0",Provision of Offshore Cementing Services for Rig#1,Live,2025-07-01 00:00:00.000,2030-09-30 00:00:00.000,24158319,USD,"2024.0315",Provision of Offshore Cementing Services for Rig 1,2025-07-01,2030-09-30,BAKER HUGHES OPERATIONS (THAILAND) LIMITED,24158319,USD
"2024",MPP-TH-24-00048,MPP-TH-24-00048/G1-61,"2024.0878",Provision of Gyro and EMS Survey for Offshore Drilling Campaign,2024-10-01,2027-10-31,SCIENTIFIC DRILLING INTERNATIONAL INC.,16821300.00000,USD,16821300.00000,588745500.00000,10480000.00000,USD,10480000.00000,351080000.00000,10480000.00000,10480000.00000,351080000.00000,10480000.00000,351080000.00000,"2024.0878.0",Provision of Gyro and EMS Survey for Offshore Drilling Campaign,Live,2024-10-01 00:00:00.000,2027-10-31 00:00:00.000,16821300,USD,"2024.0878",Provision of Gyro and EMS Survey for Offshore Drilling Campaign,2024-10-01,2027-10-31,SCIENTIFIC DRILLING INTERNATIONAL INC.,16821300,USD
"2024",MPP-TH-24-00049,MPP-TH-24-00049/G1-61,"2024.0087","Provision of Memory Production Logging Tools (MPLT) Service for G1/61, G2/61 and Other Assets",2025-01-01,2028-04-30,SCIENTIFIC DRILLING INTERNATIONAL INC.,1940000.00000,USD,1940000.00000,66711944.00000,3978810.00000,USD,3978810.00000,133290135.00000,3980000.00000,3980000.00000,133330000.00000,3980000.00000,133330000.00000,"2024.0087.0","Provision of Memory Production Logging Tools (MPLT) Service for G1/61, G2/61 and Other Assets",Live,2025-01-01 00:00:00.000,2028-04-30 00:00:00.000,8016110,USD,"2024.0087","Provision of Memory Production Logging Tools (MPLT) Service for G1/61, G2/61 and Other Assets",2025-01-01,2028-04-30,SCIENTIFIC DRILLING INTERNATIONAL INC.,8016110,USD
"2024",MPP-TH-24-00050,MPP-TH-24-00050/G1-61,"2025.0347",Provision of Offshore Solid Control Services (Rig 1),2025-06-01,2030-08-31,SCHLUMBERGER OVERSEAS S.A.,2449634.00000,USD,2449634.00000,85737190.00000,2360000.00000,USD,2360000.00000,79060000.00000,2360000.00000,2360000.00000,79060000.00000,2360000.00000,79060000.00000,"2025.0347.0",Provision of Offshore Solid Control Services (Rig#1),Live,2025-06-01 00:00:00.000,2030-08-31 00:00:00.000,2449634,USD,"2025.0347",Provision of Offshore Solid Control Services (Rig 1),2025-06-01,2030-08-31,SCHLUMBERGER OVERSEAS S.A.,2449634,USD
"2024",MPP-TH-24-00051,MPP-TH-24-00051/G1-61,"2024.0293",Provision of Offshore Solid Control Services (Rig 9),2025-04-01,2030-06-30,SCHLUMBERGER OVERSEAS S.A.,2349634.00000,USD,2349634.00000,82237190.00000,2350000.00000,USD,2350000.00000,78725000.00000,2350000.00000,2350000.00000,78725000.00000,2350000.00000,78725000.00000,"2024.0293.1",Provision of Offshore Solid Control Services (Rig#9),Live,2025-04-01 00:00:00.000,2030-06-30 00:00:00.000,2349634,USD,"2024.0293",Provision of Offshore Solid Control Services (Rig 9),2025-04-01,2030-06-30,SCHLUMBERGER OVERSEAS S.A.,2349634,USD
"2024",MPP-TH-24-00052,MPP-TH-24-00052/G1-61,"2024.0103",PROVISION OF 20” CONDUCTOR MUDLINE WHIPSTOCK FABRICATION AND 26” SPLITTER CONDUCTOR FABRICATION SERVICES (CALL-OFF),2024-11-01,2027-12-31,"EXPERTEAM CO., LTD.",83709257.90000,THB,2391693.08286,83709257.90000,2037268.00000,USD,2037268.00000,68248478.00000,3750000.00000,3750000.00000,125625000.00000,3750000.00000,125625000.00000,"2024.0103.0",PROVISION OF 20” CONDUCTOR MUDLINE WHIPSTOCK FABRICATION AND 26” SPLITTER CONDUCTOR FABRICATION SERVICES (CALL-OFF),Live,2024-11-01 00:00:00.000,2027-12-31 00:00:00.000,83709257.9,THB,"2024.0103",PROVISION OF 20” CONDUCTOR MUDLINE WHIPSTOCK FABRICATION AND 26” SPLITTER CONDUCTOR FABRICATION SERVICES (CALL-OFF),2024-11-01,2027-12-31,"EXPERTEAM CO., LTD.",83709257.900000006,THB
"2024",MPP-TH-24-00052,MPP-TH-24-00052/G1-61,"2024.0869","2024.0869 (Internal Correction)",2024-11-01,2027-12-31,EEST ENERGY SERVICES (THAILAND) LIMITED,76348800.00000,THB,2181394.28571,76348800.00000,1709301.00000,USD,1709301.00000,57261583.50000,3750000.00000,3750000.00000,125625000.00000,3750000.00000,125625000.00000,"2024.0869.1","2024.0869 (Internal Correction)",Live,2024-11-01 00:00:00.000,2027-12-31 00:00:00.000,76348800,THB,"2024.0869","2024.0869 (Internal Correction)",2024-11-01,2027-12-31,EEST ENERGY SERVICES (THAILAND) LIMITED,76348800,THB
"2024",MPP-TH-24-00053,MPP-TH-24-00053/G1-65,"2024.0319",Final Contract - 2024.0319 - Provision of Offshore Drilling Fluid Services 2025-2026 (Call-Off) Package 2,2025-05-01,2026-04-30,BAKER HUGHES OPERATIONS (THAILAND) LIMITED,44330962.00000,USD,44330962.00000,1551583670.00000,445293.00000,USD,445293.00000,14917315.50000,445293.00000,445293.00000,14917315.50000,445293.00000,14917315.50000,"2024.0319.1",Final Contract - 2024.0319 - Provision of Offshore Drilling Fluid Services 2025-2026 (Call-Off) Package 2,Live,2025-05-01 00:00:00.000,2026-04-30 00:00:00.000,44330962,USD,"2024.0319",Final Contract - 2024.0319 - Provision of Offshore Drilling Fluid Services 2025-2026 (Call-Off) Package 2,2025-05-01,2026-04-30,BAKER HUGHES OPERATIONS (THAILAND) LIMITED,44330962,USD
"2024",MPP-TH-24-00053,MPP-TH-24-00053/G2-61,"2024.0319",Final Contract - 2024.0319 - Provision of Offshore Drilling Fluid Services 2025-2026 (Call-Off) Package 2,2025-05-01,2026-04-30,BAKER HUGHES OPERATIONS (THAILAND) LIMITED,44330962.00000,USD,44330962.00000,1551583670.00000,26623299.00000,USD,26623299.00000,891880516.50000,26620000.00000,26620000.00000,891770000.00000,26620000.00000,891770000.00000,"2024.0319.1",Final Contract - 2024.0319 - Provision of Offshore Drilling Fluid Services 2025-2026 (Call-Off) Package 2,Live,2025-05-01 00:00:00.000,2026-04-30 00:00:00.000,44330962,USD,"2024.0319",Final Contract - 2024.0319 - Provision of Offshore Drilling Fluid Services 2025-2026 (Call-Off) Package 2,2025-05-01,2026-04-30,BAKER HUGHES OPERATIONS (THAILAND) LIMITED,44330962,USD
"2024",MPP-TH-24-00053,MPP-TH-24-00053/G3-65,"2024.0319",Final Contract - 2024.0319 - Provision of Offshore Drilling Fluid Services 2025-2026 (Call-Off) Package 2,2025-05-01,2026-04-30,BAKER HUGHES OPERATIONS (THAILAND) LIMITED,44330962.00000,USD,44330962.00000,1551583670.00000,269034.00000,USD,269034.00000,9012639.00000,269034.00000,269034.00000,9012639.00000,269034.00000,9012639.00000,"2024.0319.1",Final Contract - 2024.0319 - Provision of Offshore Drilling Fluid Services 2025-2026 (Call-Off) Package 2,Live,2025-05-01 00:00:00.000,2026-04-30 00:00:00.000,44330962,USD,"2024.0319",Final Contract - 2024.0319 - Provision of Offshore Drilling Fluid Services 2025-2026 (Call-Off) Package 2,2025-05-01,2026-04-30,BAKER HUGHES OPERATIONS (THAILAND) LIMITED,44330962,USD
"2024",MPP-TH-24-00055,MPP-TH-24-00055/G2-61,"2024.0858",Amendment of 2024.0858.1 - PROVISION OF OFFSHORE MANAGED PRESSURE DRILLING SERVICES (2025-2028) (CALL-OFF),2024-12-01,2028-02-29,HALLIBURTON ENERGY SERVICESINC.,9640198.00000,USD,9640198.00000,337406930.00000,9640198.00000,USD,9640198.00000,322946633.00000,9640198.00000,9640198.00000,322946633.00000,9640198.00000,322946633.00000,"2024.0858.2",Amendment of 2024.0858.1 - PROVISION OF OFFSHORE MANAGED PRESSURE DRILLING SERVICES (2025-2028) (CALL-OFF),Live,2024-12-09 00:00:00.000,2028-03-08 00:00:00.000,9640198,USD,"2024.0858",Amendment of 2024.0858.1 - PROVISION OF OFFSHORE MANAGED PRESSURE DRILLING SERVICES (2025-2028) (CALL-OFF),2024-12-09,2028-03-08,HALLIBURTON ENERGY SERVICESINC.,9640198,USD
"2024",MPP-TH-24-00058,MPP-TH-24-00058/G2-61,"2024.0878",Provision of Gyro and EMS Survey for Offshore Drilling Campaign,2024-10-01,2027-10-31,SCIENTIFIC DRILLING INTERNATIONAL INC.,16821300.00000,USD,16821300.00000,588745500.00000,4170000.00000,USD,4170000.00000,139695000.00000,4170000.00000,4170000.00000,139695000.00000,4170000.00000,139695000.00000,"2024.0878.0",Provision of Gyro and EMS Survey for Offshore Drilling Campaign,Live,2024-10-01 00:00:00.000,2027-10-31 00:00:00.000,16821300,USD,"2024.0878",Provision of Gyro and EMS Survey for Offshore Drilling Campaign,2024-10-01,2027-10-31,SCIENTIFIC DRILLING INTERNATIONAL INC.,16821300,USD
"2024",MPP-TH-24-00060,MPP-TH-24-00060/G2-61,"2024.0087","Provision of Memory Production Logging Tools (MPLT) Service for G1/61, G2/61 and Other Assets",2025-01-01,2028-04-30,SCIENTIFIC DRILLING INTERNATIONAL INC.,1940000.00000,USD,1940000.00000,66711944.00000,2800550.00000,USD,2800550.00000,93818425.00000,2800550.00000,2800550.00000,93818425.00000,2800550.00000,93818425.00000,"2024.0087.0","Provision of Memory Production Logging Tools (MPLT) Service for G1/61, G2/61 and Other Assets",Live,2025-01-01 00:00:00.000,2028-04-30 00:00:00.000,8016110,USD,"2024.0087","Provision of Memory Production Logging Tools (MPLT) Service for G1/61, G2/61 and Other Assets",2025-01-01,2028-04-30,SCIENTIFIC DRILLING INTERNATIONAL INC.,8016110,USD
"2024",MPP-TH-24-00061,MPP-TH-24-00061/G2-61,"2024.0028",Provision of Solid Control Services Rig 4 (Amendment No. 1),2024-10-16,2028-01-15,SCHLUMBERGER OVERSEAS S.A.,1656930.00000,USD,1656930.00000,57992550.00000,1656930.00000,USD,1656930.00000,55507155.00000,1656930.00000,1656930.00000,55507155.00000,1656930.00000,55507155.00000,"2024.0028.1",Provision of Solid Control Services Rig#4 (Amendment No. 1),Live,2024-10-16 00:00:00.000,2028-01-15 00:00:00.000,1656930,USD,"2024.0028",Provision of Solid Control Services Rig 4 (Amendment No. 1),2024-10-16,2028-01-15,SCHLUMBERGER OVERSEAS S.A.,1656930,USD
"2024",MPP-TH-24-00062,MPP-TH-24-00062/G2-61,"2024.0247",Provision of Offshore Solid Control Services (Rig#6),2025-02-01,2030-04-30,SCOMI OILTOOLS (THAILAND) LTD.,2513190.00000,USD,2513190.00000,87961650.00000,1890000.00000,USD,1890000.00000,63315000.00000,2510000.00000,2510000.00000,84085000.00000,2510000.00000,84085000.00000,"2024.0247.1",Provision of Offshore Solid Control Services (Rig#6) (Amendment No. 1),Live,2025-02-01 00:00:00.000,2030-04-30 00:00:00.000,2513190,USD,,,,,,,
"2024",MPP-TH-24-00067,MPP-TH-24-00067/G2-61,"2024.0786",Provision of Offshore Wireline Logging Services (2025-2027),2025-04-01,2027-06-30,HALLIBURTON ENERGY SERVICES INC.,40625250.00000,USD,40625250.00000,1421883750.00000,14695876.00000,USD,14695876.00000,492311846.00000,14695876.00000,14695876.00000,492311846.00000,14695876.00000,492311846.00000,"2024.0786.2",Provision of Offshore Wireline Logging Services (2025-2027),Live,2025-04-01 00:00:00.000,2027-06-30 00:00:00.000,40625250,USD,"2024.0786",Provision of Offshore Wireline Logging Services (2025-2027),2025-04-01,2027-06-30,HALLIBURTON ENERGY SERVICES INC.,40625250,USD
"2024",MPP-TH-24-00068,MPP-TH-24-00068/G1-61,"2024.0786",Provision of Offshore Wireline Logging Services (2025-2027),2025-04-01,2027-06-30,HALLIBURTON ENERGY SERVICES INC.,40625250.00000,USD,40625250.00000,1421883750.00000,19373936.00000,USD,19373936.00000,649026856.00000,19373936.00000,19373936.00000,649026856.00000,19373936.00000,649026856.00000,"2024.0786.2",Provision of Offshore Wireline Logging Services (2025-2027),Live,2025-04-01 00:00:00.000,2027-06-30 00:00:00.000,40625250,USD,"2024.0786",Provision of Offshore Wireline Logging Services (2025-2027),2025-04-01,2027-06-30,HALLIBURTON ENERGY SERVICES INC.,40625250,USD
"2024",MPP-TH-24-00069,MPP-TH-24-00069/G1-61,"2024.0026",Provision of Mud Logging Service for Offshore Operation [Package 1],2024-12-01,2028-05-31,GREATWALL DRILLING COMPANY (THAILAND) LIMITED,5143480.00000,USD,5143480.00000,180021800.00000,3856520.00000,USD,3856520.00000,129193420.00000,6750000.00000,6750000.00000,226125000.00000,6750000.00000,226125000.00000,"2024.0026.1",Provision of Mud Logging Service for Offshore Operation [Package 1],Live,2024-12-01 00:00:00.000,2028-05-31 00:00:00.000,5143480,USD,"2024.0026",Provision of Mud Logging Service for Offshore Operation [Package 1],2024-12-01,2028-05-31,GREATWALL DRILLING COMPANY (THAILAND) LIMITED,5143480,USD
"2024",MPP-TH-24-00069,MPP-TH-24-00069/G1-61,"2024.0216",Provision of Mud Logging Service for Offshore Operation [Package 2],2024-12-01,2028-05-31,DHI SERVICES (THAILAND) CO. LTD,5694064.00000,USD,5694064.00000,199292240.00000,2891136.00000,USD,2891136.00000,96853056.00000,6750000.00000,6750000.00000,226125000.00000,6750000.00000,226125000.00000,"2024.0216.1",Provision of Mud Logging Service for Offshore Operation [Package 2],Live,2024-12-01 00:00:00.000,2028-05-31 00:00:00.000,5694064,USD,"2024.0216",Provision of Mud Logging Service for Offshore Operation [Package 2],2024-12-01,2028-05-31,DHI SERVICES (THAILAND) CO. LTD,5694064,USD
"2024",MPP-TH-24-00070,MPP-TH-24-00070/G2-61,"2024.0026",Provision of Mud Logging Service for Offshore Operation [Package 1],2024-12-01,2028-05-31,GREATWALL DRILLING COMPANY (THAILAND) LIMITED,5143480.00000,USD,5143480.00000,180021800.00000,1256800.00000,USD,1256800.00000,42102800.00000,1256800.00000,1256800.00000,42102800.00000,1256800.00000,42102800.00000,"2024.0026.1",Provision of Mud Logging Service for Offshore Operation [Package 1],Live,2024-12-01 00:00:00.000,2028-05-31 00:00:00.000,5143480,USD,"2024.0026",Provision of Mud Logging Service for Offshore Operation [Package 1],2024-12-01,2028-05-31,GREATWALL DRILLING COMPANY (THAILAND) LIMITED,5143480,USD
"2024",MPP-TH-24-00070,MPP-TH-24-00070/G2-61,"2024.0216",Provision of Mud Logging Service for Offshore Operation [Package 2],2024-12-01,2028-05-31,DHI SERVICES (THAILAND) CO. LTD,5694064.00000,USD,5694064.00000,199292240.00000,2802928.00000,USD,2802928.00000,93898088.00000,1256800.00000,1256800.00000,42102800.00000,1256800.00000,42102800.00000,"2024.0216.1",Provision of Mud Logging Service for Offshore Operation [Package 2],Live,2024-12-01 00:00:00.000,2028-05-31 00:00:00.000,5694064,USD,"2024.0216",Provision of Mud Logging Service for Offshore Operation [Package 2],2024-12-01,2028-05-31,DHI SERVICES (THAILAND) CO. LTD,5694064,USD
"2024",MPP-TH-24-00071,MPP-TH-24-00071/G1-65,"2025.0568",Provision of 3D Seismic Acquisition for G1/65 and G3/65,2025-04-10,2026-02-28,COSL DRILLING PAN-PACIFIC LTD.,16130000.00000,USD,16130000.00000,564550000.00000,6180000.00000,USD,6180000.00000,207030000.00000,6180000.00000,6180000.00000,207030000.00000,6180000.00000,207030000.00000,"2025.0568.1",Provision of 3D Seismic Acquisition for G1/65 and G3/65,Live,2025-04-10 00:00:00.000,2026-02-28 00:00:00.000,16130000,USD,"2025.0568",Provision of 3D Seismic Acquisition for G1/65 and G3/65,2025-04-10,2026-02-28,COSL DRILLING PAN-PACIFIC LTD.,16130000,USD
"2024",MPP-TH-24-00071,MPP-TH-24-00071/G3-65,"2025.0568",Provision of 3D Seismic Acquisition for G1/65 and G3/65,2025-04-10,2026-02-28,COSL DRILLING PAN-PACIFIC LTD.,16130000.00000,USD,16130000.00000,564550000.00000,6100000.00000,USD,6100000.00000,204350000.00000,9500000.00000,9500000.00000,318250000.00000,9500000.00000,318250000.00000,"2025.0568.1",Provision of 3D Seismic Acquisition for G1/65 and G3/65,Live,2025-04-10 00:00:00.000,2026-02-28 00:00:00.000,16130000,USD,"2025.0568",Provision of 3D Seismic Acquisition for G1/65 and G3/65,2025-04-10,2026-02-28,COSL DRILLING PAN-PACIFIC LTD.,16130000,USD
"2024",MPP-TH-24-00076,MPP-TH-24-00076/G1-61,"2025.0490",Provision of One (1) 60-75 Tons Bollard Pull AHTS to Support Offshore Activities- Vessel no.1,2025-03-24,2027-04-23,"SC MANAGEMENT CO., LTD.",5017200.00000,USD,5017200.00000,175602000.00000,2483000.00000,USD,2483000.00000,83180500.00000,2483000.00000,2483000.00000,83180500.00000,2483000.00000,83180500.00000,"2025.0490.0",Provision of One (1) 60-75 Tons Bollard Pull AHTS to Support Offshore Activities- Vessel no.1,Live,2025-03-24 00:00:00.000,2027-04-23 00:00:00.000,5017200,USD,"2025.0490",Provision of One (1) 60-75 Tons Bollard Pull AHTS to Support Offshore Activities- Vessel no.1,2025-03-24,2027-04-23,"SC MANAGEMENT CO., LTD.",5017200,USD
"2024",MPP-TH-24-00076,MPP-TH-24-00076/G2-61,"2025.0490",Provision of One (1) 60-75 Tons Bollard Pull AHTS to Support Offshore Activities- Vessel no.1,2025-03-24,2027-04-23,"SC MANAGEMENT CO., LTD.",5017200.00000,USD,5017200.00000,175602000.00000,1866000.00000,USD,1866000.00000,62511000.00000,1866000.00000,1866000.00000,62511000.00000,1866000.00000,62511000.00000,"2025.0490.0",Provision of One (1) 60-75 Tons Bollard Pull AHTS to Support Offshore Activities- Vessel no.1,Live,2025-03-24 00:00:00.000,2027-04-23 00:00:00.000,5017200,USD,"2025.0490",Provision of One (1) 60-75 Tons Bollard Pull AHTS to Support Offshore Activities- Vessel no.1,2025-03-24,2027-04-23,"SC MANAGEMENT CO., LTD.",5017200,USD
"2024",MPP-TH-24-00077,MPP-TH-24-00077/G1-61,"2024.0122",เช่ารถยนต์สำหรับสถานที่ปฏิบัติงานจำนวน 10 คัน Amendment no.01,2025-01-01,2026-12-31,"WORLDCLASS RENT A CAR CO., LTD.",7603236.01000,USD,7603236.01000,266113260.35000,5410000.00000,USD,5410000.00000,181235000.00000,5410000.00000,5410000.00000,181235000.00000,5410000.00000,181235000.00000,"2024.0122.0",Price Agreement for Supply of Swagelok Products (2025-2026),Live,2025-01-01 00:00:00.000,2026-12-31 00:00:00.000,7603236.01,USD,"2024.0122",Price Agreement for Supply of Swagelok Products (2025-2026),2025-01-01,2026-12-31,"M.J. BANGKOK VALVE & FITTING CO., LTD.",7603236.01,USD
"2024",MPP-TH-24-00077,MPP-TH-24-00077/G2-61,"2024.0122",เช่ารถยนต์สำหรับสถานที่ปฏิบัติงานจำนวน 10 คัน Amendment no.01,2025-01-01,2026-12-31,"WORLDCLASS RENT A CAR CO., LTD.",7603236.01000,USD,7603236.01000,266113260.35000,790000.00000,USD,790000.00000,26465000.00000,790000.00000,790000.00000,26465000.00000,790000.00000,26465000.00000,"2024.0122.0",Price Agreement for Supply of Swagelok Products (2025-2026),Live,2025-01-01 00:00:00.000,2026-12-31 00:00:00.000,7603236.01,USD,"2024.0122",Price Agreement for Supply of Swagelok Products (2025-2026),2025-01-01,2026-12-31,"M.J. BANGKOK VALVE & FITTING CO., LTD.",7603236.01,USD
"2024",MPP-TH-24-00078,MPP-TH-24-00078/G1-61,"2024.0716",PROVISION OF POSITIONING SYSTEM FOR SUPPORT RIG/BARGE MOVE OPERATION (CALL-OFF),2024-05-28,2027-05-27,OGEO SURVEY SDN. BHD.,3356250.00000,USD,3356250.00000,117468750.00000,1270000.00000,USD,1270000.00000,42545000.00000,1270000.00000,1270000.00000,42545000.00000,1270000.00000,42545000.00000,"2024.0716.2",PROVISION OF POSITIONING SYSTEM FOR SUPPORT RIG/BARGE MOVE OPERATION (CALL-OFF),Live,2024-05-28 00:00:00.000,2027-05-27 00:00:00.000,3356250,USD,"2024.0716",PROVISION OF POSITIONING SYSTEM FOR SUPPORT RIG/BARGE MOVE OPERATION (CALL-OFF),2024-05-28,2027-05-27,OGEO SURVEY SDN. BHD.,3356250,USD
"2024",MPP-TH-24-00078,MPP-TH-24-00078/G2-61,"2024.0716",PROVISION OF POSITIONING SYSTEM FOR SUPPORT RIG/BARGE MOVE OPERATION (CALL-OFF),2024-05-28,2027-05-27,OGEO SURVEY SDN. BHD.,3356250.00000,USD,3356250.00000,117468750.00000,1510000.00000,USD,1510000.00000,50585000.00000,1510000.00000,1510000.00000,50585000.00000,1510000.00000,50585000.00000,"2024.0716.2",PROVISION OF POSITIONING SYSTEM FOR SUPPORT RIG/BARGE MOVE OPERATION (CALL-OFF),Live,2024-05-28 00:00:00.000,2027-05-27 00:00:00.000,3356250,USD,"2024.0716",PROVISION OF POSITIONING SYSTEM FOR SUPPORT RIG/BARGE MOVE OPERATION (CALL-OFF),2024-05-28,2027-05-27,OGEO SURVEY SDN. BHD.,3356250,USD
"2024",MPP-TH-24-00081,MPP-TH-24-00081/G1-61,"2024.0753",Provision of one (1) OSV Accommodation vessel to support offshore accommodation,2024-07-01,2027-06-30,"SC MANAGEMENT CO., LTD.",10889800.00000,USD,10889800.00000,381143000.00000,3341528.00000,USD,3341528.00000,111941188.00000,3340000.00000,3340000.00000,111890000.00000,3340000.00000,111890000.00000,"2024.0753.1",Contract Amendment 1 Provision of one (1) OSV Accommodation vessel to support offshore accommodation (SC Cholruedee),Approved,2024-07-01 00:00:00.000,2027-06-30 00:00:00.000,10889800,USD,"2024.0753",Provision of one (1) OSV Accommodation vessel to support offshore accommodation,2024-07-01,2027-06-30,"SC MANAGEMENT CO., LTD.",10889800,USD
"2024",MPP-TH-24-00081,MPP-TH-24-00081/G2-61,"2024.0753",Provision of one (1) OSV Accommodation vessel to support offshore accommodation,2024-07-01,2027-06-30,"SC MANAGEMENT CO., LTD.",10889800.00000,USD,10889800.00000,381143000.00000,407746.00000,USD,407746.00000,13659491.00000,410000.00000,410000.00000,13735000.00000,410000.00000,13735000.00000,"2024.0753.1",Contract Amendment 1 Provision of one (1) OSV Accommodation vessel to support offshore accommodation (SC Cholruedee),Approved,2024-07-01 00:00:00.000,2027-06-30 00:00:00.000,10889800,USD,"2024.0753",Provision of one (1) OSV Accommodation vessel to support offshore accommodation,2024-07-01,2027-06-30,"SC MANAGEMENT CO., LTD.",10889800,USD
"2024",MPP-TH-24-00082,MPP-TH-24-00082/G1-61,"2024.0190",Provision of One (1) 80-130 Ton Bollard Pull AHTS to Support Offshore Activities for G1 FSO and Other Assets,2024-12-23,2027-01-22,BOURBON OFFSHORE ASIA PTE LTD,9782000.00000,USD,9782000.00000,342370000.00000,9290000.00000,USD,9290000.00000,311215000.00000,9290000.00000,9290000.00000,311215000.00000,9290000.00000,311215000.00000,"2024.0190.0",Provision of One (1) 80-130 Ton Bollard Pull AHTS to Support Offshore Activities for G1 FSO and Other Assets,Live,2024-12-23 00:00:00.000,2027-01-22 00:00:00.000,9782000,USD,"2024.0190",Provision of One (1) 80-130 Ton Bollard Pull AHTS to Support Offshore Activities for G1 FSO and Other Assets,2024-12-23,2027-01-22,BOURBON OFFSHORE ASIA PTE LTD,9782000,USD
"2024",MPP-TH-24-00083,MPP-TH-24-00083/G1-61,"2025.0334",Services Agreement Relating to Helicopter Associated Services for G1/61,2025-02-15,2028-02-14,PTT EXPLORATION AND PRODUCTION PUBLIC COMPANY LIMITED,9562000.00000,USD,9562000.00000,334670000.00000,9560000.00000,USD,9560000.00000,320260000.00000,9560000.00000,9560000.00000,320260000.00000,9560000.00000,320260000.00000,"2025.0334.0",Services Agreement Relating to Helicopter Associated Services for G1/61,Live,2025-02-15 00:00:00.000,2028-02-15 00:00:00.000,9562000,USD,"2025.0334",Services Agreement Relating to Helicopter Associated Services for G1/61,2025-02-15,2028-02-15,PTT EXPLORATION AND PRODUCTION PUBLIC COMPANY LIMITED,9562000,USD
"2024",MPP-TH-24-00084,MPP-TH-24-00084/G1-61,"2024.0106",Provision of One (1) Utility Vessel to Support Offshore Activities,2024-10-01,2028-09-30,UNIWISE OFFSHORE LTD.,8513940.00000,USD,8513940.00000,297987900.00000,8090000.00000,USD,8090000.00000,271015000.00000,8090000.00000,8090000.00000,271015000.00000,8090000.00000,271015000.00000,"2024.0106.0",Provision of One (1) Utility Vessel to Support Offshore Activities,Live,2024-10-01 00:00:00.000,2028-09-30 00:00:00.000,8513940,USD,"2024.0106",Provision of One (1) Utility Vessel to Support Offshore Activities,2024-10-01,2028-09-30,UNIWISE OFFSHORE LTD.,8513940,USD
"2024",MPP-TH-24-00087,MPP-TH-24-00087/G2-61,"2024.0021",Contract Amendment 2 for Provision of One (1) 80-130 Ton Bollard Pull AHTS to Support Development Drilling for G2/61 and Other Assets - TC Jupiter,2024-11-01,2026-11-30,"SC MANAGEMENT CO., LTD.",8049600.00000,USD,8049600.00000,281736000.00000,7730000.00000,USD,7730000.00000,258955000.00000,7730000.00000,7730000.00000,258955000.00000,7730000.00000,258955000.00000,"2024.0021.2",Contract Amendment 2 for Provision of One (1) 80-130 Ton Bollard Pull AHTS to Support Development Drilling for G2/61 and Other Assets - TC Jupiter,Live,2024-11-01 00:00:00.000,2026-11-30 00:00:00.000,8049600,USD,"2024.0021",Contract Amendment 2 for Provision of One (1) 80-130 Ton Bollard Pull AHTS to Support Development Drilling for G2/61 and Other Assets - TC Jupiter,2024-11-01,2026-11-30,"SC MANAGEMENT CO., LTD.",8049600,USD
"2024",MPP-TH-24-00088,MPP-TH-24-00088/G2-61,"2024.0148",Provision of One (1) 80-130 Ton Bollard Pull AHTS to Support Development Drilling for G2/61 and Other Assets - Vessel No. 2,2024-11-01,2026-01-31,"SC MANAGEMENT CO., LTD.",5159500.00000,USD,5159500.00000,180582500.00000,4950000.00000,USD,4950000.00000,165825000.00000,4950000.00000,4950000.00000,165825000.00000,4950000.00000,165825000.00000,"2024.0148.0",Provision of One (1) 80-130 Ton Bollard Pull AHTS to Support Development Drilling for G2/61 and Other Assets - Vessel No. 2,Live,2024-11-01 00:00:00.000,2026-01-31 00:00:00.000,5159500,USD,"2024.0148",Provision of One (1) 80-130 Ton Bollard Pull AHTS to Support Development Drilling for G2/61 and Other Assets - Vessel No. 2,2024-11-01,2026-01-31,"SC MANAGEMENT CO., LTD.",5159500,USD
"2024",MPP-TH-24-00090,MPP-TH-24-00090/G2-61,"2024.0797",Services Agreement Relating to Helicopter Associated Services for G2/61,2024-06-14,2027-06-13,PTT EXPLORATION AND PRODUCTION PUBLIC COMPANY LIMITED,5488000.00000,USD,5488000.00000,192080000.00000,5488000.00000,USD,5488000.00000,183848000.00000,5488000.00000,5488000.00000,183848000.00000,5488000.00000,183848000.00000,"2024.0797.1",Services Agreement Relating to Helicopter Associated Services for G2/61,Live,2024-06-14 00:00:00.000,2027-06-13 00:00:00.000,5488000,USD,"2024.0797",Services Agreement Relating to Helicopter Associated Services for G2/61,2024-06-14,2027-06-13,PTT EXPLORATION AND PRODUCTION PUBLIC COMPANY LIMITED,5488000,USD
"2024",MPP-TH-24-00091,MPP-TH-24-00091/G2-61,"2024.0151",Provision of One (1) 60-75 Tons Bollard Pull AHTS to Support Offshore Activities,2025-01-23,2028-01-22,"SC MANAGEMENT CO., LTD.",8983400.00000,USD,8983400.00000,314419000.00000,7290000.00000,USD,7290000.00000,244215000.00000,7290000.00000,7290000.00000,244215000.00000,7290000.00000,244215000.00000,"2024.0151.0",Provision of One (1) 60-75 Tons Bollard Pull AHTS to Support Offshore Activities,Live,2025-01-23 00:00:00.000,2028-01-22 00:00:00.000,8983400,USD,"2024.0151",Provision of One (1) 60-75 Tons Bollard Pull AHTS to Support Offshore Activities,2025-01-23,2028-01-22,"SC MANAGEMENT CO., LTD.",8983400,USD
"2024",MPP-TH-24-00092,MPP-TH-24-00092/G1-61,"2024.0304","Provision of One (1) PSV DP to Support Plug and Abandonment (Cementing Unit) for G1/61, G2/61 and Arthit",2025-03-01,2026-06-30,BOURBON OFFSHORE ASIA PTE LTD,10059600.00000,USD,10059600.00000,352086000.00000,5090000.00000,USD,5090000.00000,170515000.00000,5090000.00000,5090000.00000,170515000.00000,5090000.00000,170515000.00000,"2024.0304.0","Provision of One (1) PSV DP to Support Plug and Abandonment (Cementing Unit) for G1/61, G2/61 and Arthit",Live,2025-03-01 00:00:00.000,2026-06-30 00:00:00.000,10059600,USD,"2024.0304","Provision of One (1) PSV DP to Support Plug and Abandonment (Cementing Unit) for G1/61, G2/61 and Arthit",2025-03-01,2026-06-30,BOURBON OFFSHORE ASIA PTE LTD,10059600,USD
"2024",MPP-TH-24-00092,MPP-TH-24-00092/G2-61,"2024.0304","Provision of One (1) PSV DP to Support Plug and Abandonment (Cementing Unit) for G1/61, G2/61 and Arthit",2025-03-01,2026-06-30,BOURBON OFFSHORE ASIA PTE LTD,10059600.00000,USD,10059600.00000,352086000.00000,2130000.00000,USD,2130000.00000,71355000.00000,2130000.00000,2130000.00000,71355000.00000,2130000.00000,71355000.00000,"2024.0304.0","Provision of One (1) PSV DP to Support Plug and Abandonment (Cementing Unit) for G1/61, G2/61 and Arthit",Live,2025-03-01 00:00:00.000,2026-06-30 00:00:00.000,10059600,USD,"2024.0304","Provision of One (1) PSV DP to Support Plug and Abandonment (Cementing Unit) for G1/61, G2/61 and Arthit",2025-03-01,2026-06-30,BOURBON OFFSHORE ASIA PTE LTD,10059600,USD
"2024",MPP-TH-24-00094,MPP-TH-24-00094/G1-61,"2024.0760","Provision of Offshore Crane Maintenance & Inspection Services for G2/61, ART and G12/48",2024-10-17,2029-12-31,THUNDER OILFIELD SERVICES (THAILAND) LTD.,436893750.00000,THB,12482678.57143,436893750.00000,13040000.00000,USD,13040000.00000,436840000.00000,13040000.00000,13040000.00000,436840000.00000,13040000.00000,436840000.00000,"2024.0760.0","Provision of Offshore Crane Maintenance & Inspection Services for G2/61, ART and G12/48",Live,2024-10-17 00:00:00.000,2029-12-31 00:00:00.000,436893750,THB,"2024.0760","Provision of Offshore Crane Maintenance & Inspection Services for G2/61, ART and G12/48",2024-10-17,2029-12-31,THUNDER OILFIELD SERVICES (THAILAND) LTD.,436893750,THB
"2024",MPP-TH-24-00094,MPP-TH-24-00094/G2-61,"2024.0760","Provision of Offshore Crane Maintenance & Inspection Services for G2/61, ART and G12/48",2024-10-17,2029-12-31,THUNDER OILFIELD SERVICES (THAILAND) LTD.,436893750.00000,THB,12482678.57143,436893750.00000,7490000.00000,USD,7490000.00000,250915000.00000,7490000.00000,7490000.00000,250915000.00000,7490000.00000,250915000.00000,"2024.0760.0","Provision of Offshore Crane Maintenance & Inspection Services for G2/61, ART and G12/48",Live,2024-10-17 00:00:00.000,2029-12-31 00:00:00.000,436893750,THB,"2024.0760","Provision of Offshore Crane Maintenance & Inspection Services for G2/61, ART and G12/48",2024-10-17,2029-12-31,THUNDER OILFIELD SERVICES (THAILAND) LTD.,436893750,THB
"2024",MPP-TH-24-00096,MPP-TH-24-00096/G1-61,"2025.0517","Provision of Vessel Cleaning and Mechanical Assistance Service for G1/61, G2/61, ART (Call off, Mini-Bid)",2025-04-01,2028-06-30,"CR3 (THAILAND) CO., LTD.",192817280.37000,THB,5509065.15343,192817280.37000,3020000.00000,USD,3020000.00000,101170000.00000,3020000.00000,3020000.00000,101170000.00000,3020000.00000,101170000.00000,"2025.0517.3","Provision of Vessel Cleaning and Mechanical Assistance Service for G1/61, G2/61, ART (Call off, Mini-Bid)",Live,2025-04-01 00:00:00.000,2028-06-30 00:00:00.000,192817280.37,THB,"2025.0517","Provision of Vessel Cleaning and Mechanical Assistance Service for G1/61, G2/61, ART (Call off, Mini-Bid)",2025-04-01,2028-06-30,"CR3 (THAILAND) CO., LTD.",192817280.370000005,THB
"2024",MPP-TH-24-00096,MPP-TH-24-00096/G1-61,"2025.0519","Provision of Vessel Cleaning and Mechanical Assistance Service for G1/61, G2/61, ART (Call off, Mini-Bid)",2025-04-01,2028-06-30,"FG TECH SERVICES CO., LTD.",189583910.93000,THB,5416683.16943,189583910.93000,3020000.00000,USD,3020000.00000,101170000.00000,3020000.00000,3020000.00000,101170000.00000,3020000.00000,101170000.00000,"2025.0519.1","Provision of Vessel Cleaning and Mechanical Assistance Service for G1/61, G2/61, ART (Call off, Mini-Bid)",Live,2025-04-01 00:00:00.000,2028-06-30 00:00:00.000,189583910.93,THB,"2025.0519","Provision of Vessel Cleaning and Mechanical Assistance Service for G1/61, G2/61, ART (Call off, Mini-Bid)",2025-04-01,2028-06-30,"FG TECH SERVICES CO., LTD.",189583910.930000007,THB
"2024",MPP-TH-24-00096,MPP-TH-24-00096/G1-61,"2025.0520","Provision of Vessel Cleaning and Mechanical Assistance Service for G1/61, G2/61, ART (Call off, Mini-Bid)",2025-04-01,2028-06-30,INSEE ECOCYCLE COMPANY LIMITED,186350541.49000,THB,5324301.18543,186350541.49000,3020000.00000,USD,3020000.00000,101170000.00000,3020000.00000,3020000.00000,101170000.00000,3020000.00000,101170000.00000,"2025.0520.2","Provision of Vessel Cleaning and Mechanical Assistance Service for G1/61, G2/61, ART (Call off, Mini-Bid)",Live,2025-04-01 00:00:00.000,2028-06-30 00:00:00.000,186350541.49,THB,"2025.0520","Provision of Vessel Cleaning and Mechanical Assistance Service for G1/61, G2/61, ART (Call off, Mini-Bid)",2025-04-01,2028-06-30,INSEE ECOCYCLE COMPANY LIMITED,186350541.49000001,THB
"2024",MPP-TH-24-00096,MPP-TH-24-00096/G2-61,"2025.0517","Provision of Vessel Cleaning and Mechanical Assistance Service for G1/61, G2/61, ART (Call off, Mini-Bid)",2025-04-01,2028-06-30,"CR3 (THAILAND) CO., LTD.",192817280.37000,THB,5509065.15343,192817280.37000,1737000.00000,USD,1737000.00000,58189500.00000,1737000.00000,1737000.00000,58189500.00000,1737000.00000,58189500.00000,"2025.0517.3","Provision of Vessel Cleaning and Mechanical Assistance Service for G1/61, G2/61, ART (Call off, Mini-Bid)",Live,2025-04-01 00:00:00.000,2028-06-30 00:00:00.000,192817280.37,THB,"2025.0517","Provision of Vessel Cleaning and Mechanical Assistance Service for G1/61, G2/61, ART (Call off, Mini-Bid)",2025-04-01,2028-06-30,"CR3 (THAILAND) CO., LTD.",192817280.370000005,THB
"2024",MPP-TH-24-00096,MPP-TH-24-00096/G2-61,"2025.0519","Provision of Vessel Cleaning and Mechanical Assistance Service for G1/61, G2/61, ART (Call off, Mini-Bid)",2025-04-01,2028-06-30,"FG TECH SERVICES CO., LTD.",189583910.93000,THB,5416683.16943,189583910.93000,1737000.00000,USD,1737000.00000,58189500.00000,1737000.00000,1737000.00000,58189500.00000,1737000.00000,58189500.00000,"2025.0519.1","Provision of Vessel Cleaning and Mechanical Assistance Service for G1/61, G2/61, ART (Call off, Mini-Bid)",Live,2025-04-01 00:00:00.000,2028-06-30 00:00:00.000,189583910.93,THB,"2025.0519","Provision of Vessel Cleaning and Mechanical Assistance Service for G1/61, G2/61, ART (Call off, Mini-Bid)",2025-04-01,2028-06-30,"FG TECH SERVICES CO., LTD.",189583910.930000007,THB
"2024",MPP-TH-24-00096,MPP-TH-24-00096/G2-61,"2025.0520","Provision of Vessel Cleaning and Mechanical Assistance Service for G1/61, G2/61, ART (Call off, Mini-Bid)",2025-04-01,2028-06-30,INSEE ECOCYCLE COMPANY LIMITED,186350541.49000,THB,5324301.18543,186350541.49000,1737000.00000,USD,1737000.00000,58189500.00000,1737000.00000,1737000.00000,58189500.00000,1737000.00000,58189500.00000,"2025.0520.2","Provision of Vessel Cleaning and Mechanical Assistance Service for G1/61, G2/61, ART (Call off, Mini-Bid)",Live,2025-04-01 00:00:00.000,2028-06-30 00:00:00.000,186350541.49,THB,"2025.0520","Provision of Vessel Cleaning and Mechanical Assistance Service for G1/61, G2/61, ART (Call off, Mini-Bid)",2025-04-01,2028-06-30,INSEE ECOCYCLE COMPANY LIMITED,186350541.49000001,THB
"2024",MPP-TH-24-00097,MPP-TH-24-00097/G1-61,"2025.0500","Provision of Caterpillar Engine Overhaul Service for G1/61, G2/61, ART",2025-04-01,2028-03-31,METRO MACHINERY COMPANY LIMITED,470571250.00000,THB,13444892.85714,470571250.00000,7990000.00000,USD,7990000.00000,267665000.00000,7990000.00000,7990000.00000,267665000.00000,7990000.00000,267665000.00000,"2025.0500.0","Provision of Caterpillar Engine Overhaul Service for G1/61, G2/61, ART",Live,2025-04-01 00:00:00.000,2028-03-31 00:00:00.000,470571250,THB,"2025.0500","Provision of Caterpillar Engine Overhaul Service for G1/61, G2/61, ART",2025-04-01,2028-03-31,METRO MACHINERY COMPANY LIMITED,470571250,THB
"2024",MPP-TH-24-00097,MPP-TH-24-00097/G2-61,"2025.0500","Provision of Caterpillar Engine Overhaul Service for G1/61, G2/61, ART",2025-04-01,2028-03-31,METRO MACHINERY COMPANY LIMITED,470571250.00000,THB,13444892.85714,470571250.00000,4630000.00000,USD,4630000.00000,155105000.00000,4630000.00000,4630000.00000,155105000.00000,4630000.00000,155105000.00000,"2025.0500.0","Provision of Caterpillar Engine Overhaul Service for G1/61, G2/61, ART",Live,2025-04-01 00:00:00.000,2028-03-31 00:00:00.000,470571250,THB,"2025.0500","Provision of Caterpillar Engine Overhaul Service for G1/61, G2/61, ART",2025-04-01,2028-03-31,METRO MACHINERY COMPANY LIMITED,470571250,THB
"2024",MPP-TH-24-00099,MPP-TH-24-00099/G1-61,"2024.0836",G1/61 General Plant NDE Services (Call-off),2024-10-01,2027-12-31,Dexon Technology Public Company Limited,207022761.00000,THB,5914936.02857,207022761.00000,7880000.00000,USD,7880000.00000,263980000.00000,6179701.49254,6179701.49254,207020000.00000,6179701.49254,207020000.00000,"2024.0836.0",G1/61 General Plant NDE Services (Call-off),Live,2024-10-01 00:00:00.000,2027-12-31 00:00:00.000,207022761,THB,"2024.0836",G1/61 General Plant NDE Services (Call-off),2024-10-01,2027-12-31,DEXON TECHNOLOGY PUBLIC COMPANY LIMITED,207022761,THB
"2024",MPP-TH-24-00099,MPP-TH-24-00099/G2-61,"2024.0836",G1/61 General Plant NDE Services (Call-off),2024-10-01,2027-12-31,Dexon Technology Public Company Limited,207022761.00000,THB,5914936.02857,207022761.00000,2800000.00000,USD,2800000.00000,93800000.00000,2800000.00000,2800000.00000,93800000.00000,2800000.00000,93800000.00000,"2024.0836.0",G1/61 General Plant NDE Services (Call-off),Live,2024-10-01 00:00:00.000,2027-12-31 00:00:00.000,207022761,THB,"2024.0836",G1/61 General Plant NDE Services (Call-off),2024-10-01,2027-12-31,DEXON TECHNOLOGY PUBLIC COMPANY LIMITED,207022761,THB
"2024",MPP-TH-24-00099,MPP-TH-24-00099/G2-61,"2024.0837",Amendment of 2024.0837.0,2024-10-01,2027-12-31,DEXON TECHNOLOGY PUBLIC COMPANY LIMITED,79631328.00000,THB,2275180.80000,79631328.00000,3500000.00000,USD,3500000.00000,117250000.00000,3500000.00000,3500000.00000,117250000.00000,3500000.00000,117250000.00000,"2024.0837.1",Amendment of 2024.0837.0,Live,2024-10-01 00:00:00.000,2027-12-31 00:00:00.000,79631328,THB,"2024.0837",Amendment of 2024.0837.0,2024-10-01,2027-12-31,DEXON TECHNOLOGY PUBLIC COMPANY LIMITED,79631328,THB
"2024",MPP-TH-24-00099,MPP-TH-24-00099/Non-PSC,"2024.0836",G1/61 General Plant NDE Services (Call-off),2024-10-01,2027-12-31,Dexon Technology Public Company Limited,207022761.00000,THB,5914936.02857,207022761.00000,47000000.00000,USD,47000000.00000,1574500000.00000,47000000.00000,47000000.00000,1574500000.00000,47000000.00000,1574500000.00000,"2024.0836.0",G1/61 General Plant NDE Services (Call-off),Live,2024-10-01 00:00:00.000,2027-12-31 00:00:00.000,207022761,THB,"2024.0836",G1/61 General Plant NDE Services (Call-off),2024-10-01,2027-12-31,DEXON TECHNOLOGY PUBLIC COMPANY LIMITED,207022761,THB
"2024",MPP-TH-24-00102,MPP-TH-24-00102/G1-61,"2024.0278","Provision of Dry Gas Seal and Mechanical Seal Refurbishment Service for G1/61, G2/61, ART, S1 and SPH (Call-Off)",2025-05-01,2028-04-30,JOHN CRANE (THAILAND) LTD.,7628583.11000,USD,7628583.11000,267000408.85000,2930000.00000,USD,2930000.00000,98155000.00000,2930000.00000,2930000.00000,98155000.00000,2930000.00000,98155000.00000,"2024.0278.0","Provision of Dry Gas Seal and Mechanical Seal Refurbishment Service for G1/61, G2/61, ART, S1 and SPH (Call-Off)",Live,2025-05-01 00:00:00.000,2028-04-30 00:00:00.000,7628583.11,USD,"2024.0278","Provision of Dry Gas Seal and Mechanical Seal Refurbishment Service for G1/61, G2/61, ART, S1 and SPH (Call-Off)",2025-05-01,2028-04-30,JOHN CRANE (THAILAND) LTD.,7628583.11,USD
"2024",MPP-TH-24-00102,MPP-TH-24-00102/G2-61,"2024.0278","Provision of Dry Gas Seal and Mechanical Seal Refurbishment Service for G1/61, G2/61, ART, S1 and SPH (Call-Off)",2025-05-01,2028-04-30,JOHN CRANE (THAILAND) LTD.,7628583.11000,USD,7628583.11000,267000408.85000,2040000.00000,USD,2040000.00000,68340000.00000,2040000.00000,2040000.00000,68340000.00000,2040000.00000,68340000.00000,"2024.0278.0","Provision of Dry Gas Seal and Mechanical Seal Refurbishment Service for G1/61, G2/61, ART, S1 and SPH (Call-Off)",Live,2025-05-01 00:00:00.000,2028-04-30 00:00:00.000,7628583.11,USD,"2024.0278","Provision of Dry Gas Seal and Mechanical Seal Refurbishment Service for G1/61, G2/61, ART, S1 and SPH (Call-Off)",2025-05-01,2028-04-30,JOHN CRANE (THAILAND) LTD.,7628583.11,USD
"2024",MPP-TH-24-00103,MPP-TH-24-00103/G1-61,"2024.0852",Provision of Pressure Relief Valve Maintenance Services (Call-Off) for G1/61,2025-01-01,2029-12-31,"SYSTECH SERVICE AND SUPPLY CO.,LTD.",51111910.00000,THB,1460340.28571,51111910.00000,1510000.00000,USD,1510000.00000,50585000.00000,1510000.00000,1510000.00000,50585000.00000,1510000.00000,50585000.00000,"2024.0852.0",Provision of Pressure Relief Valve Maintenance Services (Call-Off) for G1/61,Live,2025-01-01 00:00:00.000,2029-12-31 00:00:00.000,51111910,THB,"2024.0852",Provision of Pressure Relief Valve Maintenance Services (Call-Off) for G1/61,2025-01-01,2029-12-31,"SYSTECH SERVICE AND SUPPLY CO.,LTD.",51111910,THB
"2024",MPP-TH-24-00103,MPP-TH-24-00103/G2-61,"2024.0276",Provision of Pressure Relief Valve Maintenance Services (Call-Off) for G2/61,2025-01-01,2029-12-31,"OSA VALVE SERVICES (THAILAND) CO.,LTD",59436370.00000,THB,1698182.00000,59436370.00000,1760000.00000,USD,1760000.00000,58960000.00000,1760000.00000,1760000.00000,58960000.00000,1760000.00000,58960000.00000,"2024.0276.0",Provision of Pressure Relief Valve Maintenance Services (Call-Off) for G2/61,Live,2025-01-01 00:00:00.000,2029-12-31 00:00:00.000,59436370,THB,"2024.0276",Provision of Pressure Relief Valve Maintenance Services (Call-Off) for G2/61,2025-01-01,2029-12-31,"OSA VALVE SERVICES (THAILAND) CO.,LTD",59436370,THB
"2024",MPP-TH-24-00104,MPP-TH-24-00104/G1-61,"2024.0774",The Provision of Painting Repair Services for G1/61 Asset (Call-Off),2024-08-01,2027-08-31,"CES. ENGINEERING & MAINTENANCE SERVICES CO., LTD.",70680306.00000,THB,2019437.31429,70680306.00000,2110000.00000,USD,2110000.00000,70685000.00000,2110000.00000,2110000.00000,70685000.00000,2110000.00000,70685000.00000,"2024.0774.0",The Provision of Painting Repair Services for G1/61 Asset (Call-Off),Live,2024-08-01 00:00:00.000,2027-08-31 00:00:00.000,70680306,THB,"2024.0774",The Provision of Painting Repair Services for G1/61 Asset (Call-Off),2024-08-01,2027-08-31,"CES. ENGINEERING & MAINTENANCE SERVICES CO., LTD.",70680306,THB
"2024",MPP-TH-24-00104,MPP-TH-24-00104/G2-61,"2024.0775",The Provision of Painting Repair Services for G2/61 Asset (Call-Off),2024-08-01,2027-08-31,"CES. ENGINEERING & MAINTENANCE SERVICES CO., LTD.",83174322.00000,THB,2376409.20000,83174322.00000,1590000.00000,USD,1590000.00000,53265000.00000,1590000.00000,1590000.00000,53265000.00000,1590000.00000,53265000.00000,"2024.0775.1",The Provision of Painting Repair Services for G2/61 Asset (Call-Off),Live,2024-08-01 00:00:00.000,2027-08-31 00:00:00.000,83174322,THB,"2024.0775",The Provision of Painting Repair Services for G2/61 Asset (Call-Off),2024-08-01,2027-08-31,"CES. ENGINEERING & MAINTENANCE SERVICES CO., LTD.",83174322,THB
"2024",MPP-TH-24-00106,MPP-TH-24-00106/G1-61,"2024.0876",Provision of Rope Access Inspection and Repaint Services for G1/61 Asset (Call-off),2024-11-01,2030-01-31,"SIWA TESTING INSPECTION & CONSULTING CO., LTD.",100070950.00000,THB,2859170.00000,100070950.00000,2990000.00000,USD,2990000.00000,100165000.00000,2990000.00000,2990000.00000,100165000.00000,2990000.00000,100165000.00000,"2024.0876.0",Provision of Rope Access Inspection and Repaint Services for G1/61 Asset (Call-off),Live,2024-11-01 00:00:00.000,2030-01-31 00:00:00.000,100070950,THB,"2024.0876",Provision of Rope Access Inspection and Repaint Services for G1/61 Asset (Call-off),2024-11-01,2030-01-31,"SIWA TESTING INSPECTION & CONSULTING CO., LTD.",100070950,THB
"2024",MPP-TH-24-00106,MPP-TH-24-00106/G2-61,"2024.0174",Provision of Rope Access Inspection and Repaint Services for G2/61 Asset (Call-off),2024-11-01,2030-01-31,"SIWA TESTING INSPECTION & CONSULTING CO., LTD.",69369625.00000,THB,1981989.28571,69369625.00000,2070000.00000,USD,2070000.00000,69345000.00000,2070746.26866,2070746.26866,69370000.00000,2070746.26866,69370000.00000,"2024.0174.0",Provision of Rope Access Inspection and Repaint Services for G2/61 Asset (Call-off),Live,2024-11-01 00:00:00.000,2030-01-31 00:00:00.000,69369625,THB,"2024.0174",Provision of Rope Access Inspection and Repaint Services for G2/61 Asset (Call-off),2024-11-01,2030-01-31,"SIWA TESTING INSPECTION & CONSULTING CO., LTD.",69369625,THB
"2024",MPP-TH-24-00107,MPP-TH-24-00107/G1-61,"2024.0051",VALVE AND ACTUATOR WORKSHOP MAINTENANCE SERVICES,2025-02-15,2030-05-15,"SNU SUPPLY AND SERVICE CO., LTD.",123474925.00000,THB,3527855.00000,123474925.00000,1530000.00000,USD,1530000.00000,51255000.00000,1533865.82090,1533865.82090,51384505.00000,1533865.82090,51384505.00000,"2024.0051.0",VALVE AND ACTUATOR WORKSHOP MAINTENANCE SERVICES,Live,2025-02-15 00:00:00.000,2030-05-15 00:00:00.000,123474925,THB,"2024.0051",VALVE AND ACTUATOR WORKSHOP MAINTENANCE SERVICES,2025-02-15,2030-05-15,"SNU SUPPLY AND SERVICE CO., LTD.",123474925,THB
"2024",MPP-TH-24-00107,MPP-TH-24-00107/G2-61,"2024.0051",VALVE AND ACTUATOR WORKSHOP MAINTENANCE SERVICES,2025-02-15,2030-05-15,"SNU SUPPLY AND SERVICE CO., LTD.",123474925.00000,THB,3527855.00000,123474925.00000,1070000.00000,USD,1070000.00000,35845000.00000,1070000.00000,1070000.00000,35845000.00000,1070000.00000,35845000.00000,"2024.0051.0",VALVE AND ACTUATOR WORKSHOP MAINTENANCE SERVICES,Live,2025-02-15 00:00:00.000,2030-05-15 00:00:00.000,123474925,THB,"2024.0051",VALVE AND ACTUATOR WORKSHOP MAINTENANCE SERVICES,2025-02-15,2030-05-15,"SNU SUPPLY AND SERVICE CO., LTD.",123474925,THB
"2024",MPP-TH-24-00110,MPP-TH-24-00110/G1-61,"2024.0275","Provision of Explosion Proof Inspection Services for G1/61, G2/61, ART, SPH",2025-04-15,2028-04-14,"LS ENGINEERING & CONSTRUCTION CO.,LTD.",24443363.00000,THB,698381.80000,24443363.00000,457000.00000,USD,457000.00000,15309500.00000,457000.00000,457000.00000,15309500.00000,457000.00000,15309500.00000,"2024.0275.0","Provision of Explosion Proof Inspection Services for G1/61, G2/61, ART, SPH",Live,2025-04-15 00:00:00.000,2028-04-14 00:00:00.000,24443363,THB,"2024.0275","Provision of Explosion Proof Inspection Services for G1/61, G2/61, ART, SPH",2025-04-15,2028-04-14,"LS ENGINEERING & CONSTRUCTION CO.,LTD.",24443363,THB
"2024",MPP-TH-24-00110,MPP-TH-24-00110/G2-61,"2024.0275","Provision of Explosion Proof Inspection Services for G1/61, G2/61, ART, SPH",2025-04-15,2028-04-14,"LS ENGINEERING & CONSTRUCTION CO.,LTD.",24443363.00000,THB,698381.80000,24443363.00000,140000.00000,USD,140000.00000,4690000.00000,140000.00000,140000.00000,4690000.00000,140000.00000,4690000.00000,"2024.0275.0","Provision of Explosion Proof Inspection Services for G1/61, G2/61, ART, SPH",Live,2025-04-15 00:00:00.000,2028-04-14 00:00:00.000,24443363,THB,"2024.0275","Provision of Explosion Proof Inspection Services for G1/61, G2/61, ART, SPH",2025-04-15,2028-04-14,"LS ENGINEERING & CONSTRUCTION CO.,LTD.",24443363,THB
"2024",MPP-TH-24-00111,MPP-TH-24-00111/G1-61,"2024.0871","The Provision of Valve and Actuator Offshore Maintenance Services for G1/61,G2/61 and ART (Call-Off)",2025-02-15,2030-05-15,"SNU SUPPLY AND SERVICE CO., LTD.",101831200.00000,THB,2909462.85714,101831200.00000,1569000.00000,USD,1569000.00000,52561500.00000,1570000.00000,1570000.00000,52595000.00000,1570000.00000,52595000.00000,"2024.0871.0","The Provision of Valve and Actuator Offshore Maintenance Services for G1/61,G2/61 and ART (Call-Off)",Live,2025-02-15 00:00:00.000,2030-05-15 00:00:00.000,101831200,THB,"2024.0871","The Provision of Valve and Actuator Offshore Maintenance Services for G1/61,G2/61 and ART (Call-Off)",2025-02-15,2030-05-15,"SNU SUPPLY AND SERVICE CO., LTD.",101831200,THB
"2024",MPP-TH-24-00111,MPP-TH-24-00111/G2-61,"2024.0871","The Provision of Valve and Actuator Offshore Maintenance Services for G1/61,G2/61 and ART (Call-Off)",2025-02-15,2030-05-15,"SNU SUPPLY AND SERVICE CO., LTD.",101831200.00000,THB,2909462.85714,101831200.00000,1029000.00000,USD,1029000.00000,34471500.00000,1029000.00000,1029000.00000,34471500.00000,1029000.00000,34471500.00000,"2024.0871.0","The Provision of Valve and Actuator Offshore Maintenance Services for G1/61,G2/61 and ART (Call-Off)",Live,2025-02-15 00:00:00.000,2030-05-15 00:00:00.000,101831200,THB,"2024.0871","The Provision of Valve and Actuator Offshore Maintenance Services for G1/61,G2/61 and ART (Call-Off)",2025-02-15,2030-05-15,"SNU SUPPLY AND SERVICE CO., LTD.",101831200,THB
"2024",MPP-TH-24-00112,MPP-TH-24-00112/G1-61,"2024.0252",Provision of Certifying Authority for Lifting Equipment Inspection (Call-off) Services for G1/61,2025-06-01,2030-06-30,"APAVE TIV (THAILAND) CO., LTD.",26375000.00000,THB,753571.42857,26375000.00000,790000.00000,USD,790000.00000,26465000.00000,790000.00000,790000.00000,26465000.00000,790000.00000,26465000.00000,"2024.0252.0",Provision of Certifying Authority for Lifting Equipment Inspection (Call-off) Services for G1/61,Live,2025-06-01 00:00:00.000,2030-06-30 00:00:00.000,26375000,THB,"2024.0252",Provision of Certifying Authority for Lifting Equipment Inspection (Call-off) Services for G1/61,2025-06-01,2030-06-30,"APAVE TIV (THAILAND) CO., LTD.",26375000,THB
"2024",MPP-TH-24-00112,MPP-TH-24-00112/G2-61,"2024.0253",Provision of Certifying Authority for Lifting Equipment Inspection (Call-off) Services for G2/61,2025-06-01,2030-06-30,"APAVE TIV (THAILAND) CO., LTD.",11641050.00000,THB,332601.42857,11641050.00000,350000.00000,USD,350000.00000,11725000.00000,350000.00000,350000.00000,11725000.00000,350000.00000,11725000.00000,"2024.0253.0",Provision of Certifying Authority for Lifting Equipment Inspection (Call-off) Services for G2/61,Live,2025-06-01 00:00:00.000,2030-06-30 00:00:00.000,11641050,THB,"2024.0253",Provision of Certifying Authority for Lifting Equipment Inspection (Call-off) Services for G2/61,2025-06-01,2030-06-30,"APAVE TIV (THAILAND) CO., LTD.",11641050,THB
"2024",MPP-TH-24-00113,MPP-TH-24-00113/G1-61,"2024.0030",Provision of Pedestal Crane Luffing Cylinder Overhaul Call 0ff Service for G1/61,2024-08-01,2026-09-30,THUNDER OILFIELD SERVICES (THAILAND) LTD.,9630000.00000,THB,275142.85714,9630000.00000,287000.00000,USD,287000.00000,9614500.00000,287000.00000,287000.00000,9614500.00000,287000.00000,9614500.00000,"2024.0030.0",Provision of Pedestal Crane Luffing Cylinder Overhaul Call 0ff Service for G1/61,Live,2024-08-01 00:00:00.000,2026-09-30 00:00:00.000,9630000,THB,"2024.0030",Provision of Pedestal Crane Luffing Cylinder Overhaul Call 0ff Service for G1/61,2024-08-01,2026-09-30,THUNDER OILFIELD SERVICES (THAILAND) LTD.,9630000,THB
"2024",MPP-TH-24-00113,MPP-TH-24-00113/G2-61,"2024.0031",Provision of Pedestal Crane Luffing Cylinder Overhaul Call 0ff Service for G2/61,2024-08-01,2026-09-30,THUNDER OILFIELD SERVICES (THAILAND) LTD.,6240000.00000,THB,178285.71429,6240000.00000,186000.00000,USD,186000.00000,6231000.00000,186000.00000,186000.00000,6231000.00000,186000.00000,6231000.00000,"2024.0031.0",Provision of Pedestal Crane Luffing Cylinder Overhaul Call 0ff Service for G2/61,Live,2024-08-01 00:00:00.000,2026-09-30 00:00:00.000,6240000,THB,"2024.0031",Provision of Pedestal Crane Luffing Cylinder Overhaul Call 0ff Service for G2/61,2024-08-01,2026-09-30,THUNDER OILFIELD SERVICES (THAILAND) LTD.,6240000,THB
"2024",MPP-TH-24-00114,MPP-TH-24-00114/G1-61,"2024.0201",Provision of Motor and Generator Maintenance Services for G1/61 and S1,2025-05-01,2028-04-30,"U-SERVICES (THAILAND) CO.,LTD.",30580321.00000,THB,873723.45714,30580321.00000,560000.00000,USD,560000.00000,18760000.00000,560000.00000,560000.00000,18760000.00000,560000.00000,18760000.00000,"2024.0201.0",Provision of Motor and Generator Maintenance Services for G1/61 and S1,Live,2025-05-01 00:00:00.000,2028-04-30 00:00:00.000,30580321,THB,"2024.0201",Provision of Motor and Generator Maintenance Services for G1/61 and S1,2025-05-01,2028-04-30,"U-SERVICES (THAILAND) CO.,LTD.",30580321,THB
"2024",MPP-TH-24-00115,MPP-TH-24-00115/G1-61,"2025.0531",Provision of Live Flare and Facilities Inspection Services by Remotely Operated Aerial Vehicle for G1/61,2025-05-01,2026-12-31,SKYLLER SOLUTIONS COMPANY LIMITED,8125000.00000,THB,232142.85714,8125000.00000,240000.00000,USD,240000.00000,8040000.00000,240000.00000,240000.00000,8040000.00000,240000.00000,8040000.00000,"2025.0531.0",Provision of Live Flare and Facilities Inspection Services by Remotely Operated Aerial Vehicle for G1/61,Live,2025-05-01 00:00:00.000,2026-12-31 00:00:00.000,8125000,THB,"2025.0531",Provision of Live Flare and Facilities Inspection Services by Remotely Operated Aerial Vehicle for G1/61,2025-05-01,2026-12-31,SKYLLER SOLUTIONS COMPANY LIMITED,8125000,THB
"2024",MPP-TH-24-00115,MPP-TH-24-00115/G2-61,"2025.0532",Provision of Live Flare and Facilities Inspection Services by Remotely Operated Aerial Vehicle for G2/61,2025-05-01,2026-12-31,SKYLLER SOLUTIONS COMPANY LIMITED,10440000.00000,THB,298285.71429,10440000.00000,311000.00000,USD,311000.00000,10418500.00000,311000.00000,311000.00000,10418500.00000,311000.00000,10418500.00000,"2025.0532.0",Provision of Live Flare and Facilities Inspection Services by Remotely Operated Aerial Vehicle for G2/61,Live,2025-05-01 00:00:00.000,2026-12-31 00:00:00.000,10440000,THB,"2025.0532",Provision of Live Flare and Facilities Inspection Services by Remotely Operated Aerial Vehicle for G2/61,2025-05-01,2026-12-31,SKYLLER SOLUTIONS COMPANY LIMITED,10440000,THB
"2024",MPP-TH-24-00116,MPP-TH-24-00116/G1-61,"2025.0408",Provision of Digital Radiographic Testing Services for G1/61 (Call-Off),2025-03-01,2030-03-31,"SIWA TESTING INSPECTION & CONSULTING CO., LTD.",23287600.00000,THB,665360.00000,23287600.00000,700000.00000,USD,700000.00000,23450000.00000,700000.00000,700000.00000,23450000.00000,700000.00000,23450000.00000,"2025.0408.0",Provision of Digital Radiographic Testing Services for G1/61 (Call-Off),Live,2025-03-01 00:00:00.000,2030-03-31 00:00:00.000,23287600,THB,"2025.0408",Provision of Digital Radiographic Testing Services for G1/61 (Call-Off),2025-03-01,2030-03-31,"SIWA TESTING INSPECTION & CONSULTING CO., LTD.",23287600,THB
"2024",MPP-TH-24-00116,MPP-TH-24-00116/G2-61,"2025.0409",Provision of Digital Radiographic Testing Services for G2/61 (Call-Off),2025-03-01,2030-03-31,"SIWA TESTING INSPECTION & CONSULTING CO., LTD.",14054800.00000,THB,401565.71429,14054800.00000,430000.00000,USD,430000.00000,14405000.00000,430000.00000,430000.00000,14405000.00000,430000.00000,14405000.00000,"2025.0409.0",Provision of Digital Radiographic Testing Services for G2/61 (Call-Off),Live,2025-03-01 00:00:00.000,2030-03-31 00:00:00.000,14054800,THB,"2025.0409",Provision of Digital Radiographic Testing Services for G2/61 (Call-Off),2025-03-01,2030-03-31,"SIWA TESTING INSPECTION & CONSULTING CO., LTD.",14054800,THB
"2024",MPP-TH-24-00117,MPP-TH-24-00117/G1-61,"2025.0351","2025.0351",2025-04-15,2028-05-14,"AAE ENGINEERING (THAILAND) CO.,LTD",24330820.00000,THB,695166.28571,24330820.00000,726000.00000,USD,726000.00000,24321000.00000,726000.00000,726000.00000,24321000.00000,726000.00000,24321000.00000,"2025.0351.0","2025.0351",Live,2025-04-15 00:00:00.000,2028-05-14 00:00:00.000,24330820,THB,"2025.0351","2025.0351",2025-04-15,2028-05-14,"AAE ENGINEERING (THAILAND) CO.,LTD",24330820,THB
"2024",MPP-TH-24-00117,MPP-TH-24-00117/G2-61,"2025.0525","2025.0525",2025-04-15,2028-05-14,"AAE ENGINEERING (THAILAND) CO.,LTD",14189362.56000,THB,405410.35886,14189362.56000,423000.00000,USD,423000.00000,14170500.00000,423000.00000,423000.00000,14170500.00000,423000.00000,14170500.00000,"2025.0525.0","2025.0525",Live,2025-04-15 00:00:00.000,2028-05-14 00:00:00.000,14189362.56,THB,"2025.0525","2025.0525",2025-04-15,2028-05-14,"AAE ENGINEERING (THAILAND) CO.,LTD",14189362.560000001,THB
"2024",MPP-TH-24-00118,MPP-TH-24-00118/G1-61,"2024.0873",The Provision of Hydraulic Equipment Overhaul Services and Supply for G1/61 (Call Off),2025-01-01,2029-12-31,"AERO GROUP (1992) CO., LTD.",112733167.72000,THB,3220947.64914,112733167.72000,3370000.00000,USD,3370000.00000,112895000.00000,3370000.00000,3370000.00000,112895000.00000,3370000.00000,112895000.00000,"2024.0873.0",The Provision of Hydraulic Equipment Overhaul Services and Supply for G1/61 (Call Off),Live,2025-01-01 00:00:00.000,2029-12-31 00:00:00.000,112733167.72,THB,"2024.0873",The Provision of Hydraulic Equipment Overhaul Services and Supply for G1/61 (Call Off),2025-01-01,2029-12-31,"AERO GROUP (1992) CO., LTD.",112733167.719999999,THB
"2024",MPP-TH-24-00122,MPP-TH-24-00122/G1-61,"2024.0074","Provision of Support Service for Internal Pipeline Inspection for G1/61, G2/61 and ART (Call-off)",2025-03-01,2030-02-28,"CES. ENGINEERING & MAINTENANCE SERVICES CO., LTD.",37488600.00000,THB,1071102.85714,37488600.00000,762974.33000,USD,762974.33000,25559640.05500,762974.32836,762974.32836,25559640.00000,762974.32836,25559640.00000,"2024.0074.0","Provision of Support Service for Internal Pipeline Inspection for G1/61, G2/61 and ART (Call-off)",Live,2025-03-01 00:00:00.000,2030-02-28 00:00:00.000,37488600,THB,"2024.0074","Provision of Support Service for Internal Pipeline Inspection for G1/61, G2/61 and ART (Call-off)",2025-03-01,2030-02-28,"CES. ENGINEERING & MAINTENANCE SERVICES CO., LTD.",37488600,THB
"2024",MPP-TH-24-00123,MPP-TH-24-00123/G1-61,"2024.0081",Provision of Braden Winch Overhaul Service for G161 (Call-off),2024-10-01,2027-09-30,OIL STATES INDUSTRIES (THAILAND) LTD.,25167569.00000,THB,719073.40000,25167569.00000,750000.00000,USD,750000.00000,25125000.00000,750000.00000,750000.00000,25125000.00000,750000.00000,25125000.00000,"2024.0081.0",Provision of Braden Winch Overhaul Service for G161 (Call-off),Live,2024-10-01 00:00:00.000,2027-09-30 00:00:00.000,25167569,THB,"2024.0081",Provision of Braden Winch Overhaul Service for G161 (Call-off),2024-10-01,2027-09-30,OIL STATES INDUSTRIES (THAILAND) LTD.,25167569,THB
"2024",MPP-TH-24-00125,MPP-TH-24-00125/G1-61,"2025.0413","Provision of preventive maintenance services for UPS, Battery chargers and Battery system for G1/61(Call-off)",2025-04-25,2028-04-24,"SR ENERGIE GROUP CO.,LTD",20897400.00000,THB,597068.57143,20897400.00000,624000.00000,USD,624000.00000,20904000.00000,624000.00000,624000.00000,20904000.00000,624000.00000,20904000.00000,"2025.0413.0","Provision of preventive maintenance services for UPS, Battery chargers and Battery system for G1/61(Call-off)",Live,2025-04-25 00:00:00.000,2028-04-24 00:00:00.000,20897400,THB,"2025.0413","Provision of preventive maintenance services for UPS, Battery chargers and Battery system for G1/61(Call-off)",2025-04-25,2028-04-24,"SR ENERGIE GROUP CO.,LTD",20897400,THB
"2024",MPP-TH-24-00126,MPP-TH-24-00126/G2-61,"2024.0737",Amendment of 2024.0737.0,2025-04-01,2030-06-30,EXTERRAN (THAILAND) LIMITED,636786495.00000,THB,18193899.85714,636786495.00000,19000000.00000,USD,19000000.00000,636500000.00000,19010000.00000,19010000.00000,636835000.00000,19010000.00000,636835000.00000,"2024.0737.1",Amendment of 2024.0737.0,Live,2025-04-01 00:00:00.000,2030-06-30 00:00:00.000,636786495,THB,"2024.0737",Amendment of 2024.0737.0,2025-04-01,2030-06-30,EXTERRAN (THAILAND) LIMITED,636786495,THB
"2024",MPP-TH-24-00129,MPP-TH-24-00129/G1-61,"2025.0336",SUPPLY OF TRI-ETHYLENE GLYCOL FOR G1/61 and G2/61,2025-06-16,2028-07-15,PTT GLOBAL CHEMICAL PUBLIC COMPANY LIMITED,2433310.00000,USD,2433310.00000,85165850.00000,1700000.00000,USD,1700000.00000,56950000.00000,1700000.00000,1700000.00000,56950000.00000,1700000.00000,56950000.00000,"2025.0336.0",SUPPLY OF TRI-ETHYLENE GLYCOL FOR G1/61 and G2/61,Live,2025-06-16 00:00:00.000,2028-06-15 00:00:00.000,2433310,USD,"2025.0336",SUPPLY OF TRI-ETHYLENE GLYCOL FOR G1/61 and G2/61,2025-06-16,2028-06-15,PTT GLOBAL CHEMICAL PUBLIC COMPANY LIMITED,2433310,USD
"2024",MPP-TH-24-00129,MPP-TH-24-00129/G2-61,"2025.0336",SUPPLY OF TRI-ETHYLENE GLYCOL FOR G1/61 and G2/61,2025-06-16,2028-07-15,PTT GLOBAL CHEMICAL PUBLIC COMPANY LIMITED,2433310.00000,USD,2433310.00000,85165850.00000,740000.00000,USD,740000.00000,24790000.00000,740000.00000,740000.00000,24790000.00000,740000.00000,24790000.00000,"2025.0336.0",SUPPLY OF TRI-ETHYLENE GLYCOL FOR G1/61 and G2/61,Live,2025-06-16 00:00:00.000,2028-06-15 00:00:00.000,2433310,USD,"2025.0336",SUPPLY OF TRI-ETHYLENE GLYCOL FOR G1/61 and G2/61,2025-06-16,2028-06-15,PTT GLOBAL CHEMICAL PUBLIC COMPANY LIMITED,2433310,USD
"2024",MPP-TH-24-00130,MPP-TH-24-00130/G1-61,"2024.0803",Provision of Corrosion Chemical Supply and Services for G1/61 and Non-G1/61 Assets,2024-09-01,2028-11-30,BAKER HUGHES OPERATIONS (THAILAND) LIMITED,13100000.00000,USD,13100000.00000,458500000.00000,11900000.00000,USD,11900000.00000,398650000.00000,11900000.00000,11900000.00000,398650000.00000,11900000.00000,398650000.00000,"2024.0803.1",Provision of Corrosion Chemical Supply and Services for G1/61 and Non-G1/61 Assets,Live,2024-09-01 00:00:00.000,2028-11-30 00:00:00.000,13100000,USD,"2024.0803",Provision of Corrosion Chemical Supply and Services for G1/61 and Non-G1/61 Assets,2024-09-01,2028-11-30,BAKER HUGHES OPERATIONS (THAILAND) LIMITED,13100000,USD
"2024",MPP-TH-24-00131,MPP-TH-24-00131/G1-61,"2024.0838",Provision of SWIM and PRISM Services for G1/61 Asset (Call-off),2025-05-15,2028-04-14,EXPRO OVERSEAS INC,244500643.00000,THB,6985732.65714,244500643.00000,7300000.00000,USD,7300000.00000,244550000.00000,7300000.00000,7300000.00000,244550000.00000,7300000.00000,244550000.00000,"2024.0838.0",Provision of SWIM and PRISM Services for G1/61 Asset (Call-off),Live,2025-05-15 00:00:00.000,2028-05-14 00:00:00.000,244500643,THB,"2024.0838",Provision of SWIM and PRISM Services for G1/61 Asset (Call-off),2025-05-15,2028-05-14,EXPRO OVERSEAS INC,244500643,THB
"2024",MPP-TH-24-00133,MPP-TH-24-00133/G1-61,"2024.0750",Provision of Production Chemical Supply and Services for G1/61 and Non-G1/61 Assets,2024-12-01,2026-05-31,BAKER HUGHES OPERATIONS (THAILAND) LIMITED,10620000.00000,USD,10620000.00000,371700000.00000,9160000.00000,USD,9160000.00000,306860000.00000,9160000.00000,9160000.00000,306860000.00000,9160000.00000,306860000.00000,"2024.0750.0",Provision of Production Chemical Supply and Services for G1/61 and Non-G1/61 Assets,Live,2024-12-01 00:00:00.000,2026-05-31 00:00:00.000,10620000,USD,"2024.0750",Provision of Production Chemical Supply and Services for G1/61 and Non-G1/61 Assets,2024-12-01,2026-05-31,BAKER HUGHES OPERATIONS (THAILAND) LIMITED,10620000,USD
"2024",MPP-TH-24-00135,MPP-TH-24-00135/G2-61,"2024.0834",Price agreement for the Supply of MRU Adsorbents & Ceramic balls for Arthit,2024-08-01,2026-07-31,ZENITH POWER CORPORATION LTD.,2728579.00000,USD,2728579.00000,95500265.00000,2728579.00000,USD,2728579.00000,91407396.50000,2728579.00000,2728579.00000,91407396.50000,2728579.00000,91407396.50000,"2024.0834.0",Price agreement for the Supply of MRU Adsorbents & Ceramic balls for Arthit,Live,2024-08-01 00:00:00.000,2026-08-01 00:00:00.000,2728579,USD,"2024.0834",Price agreement for the Supply of MRU Adsorbents & Ceramic balls for Arthit,2024-08-01,2026-08-01,ZENITH POWER CORPORATION LTD.,2728579,USD
"2024",MPP-TH-24-00142,MPP-TH-24-00142/G2-61,"2024.0070",Provision of IT and Network Communication Service on Offshore Rig,2024-09-09,2028-02-08,PTT DIGITAL SOLUTIONS COMPANY LIMITED,31621720.00000,THB,903477.71429,31621720.00000,760000.00000,USD,760000.00000,25460000.00000,760000.00000,760000.00000,25460000.00000,760000.00000,25460000.00000,"2024.0070.1",Provision of IT and Network Communication Service on Offshore Rig,Live,2024-09-09 00:00:00.000,2028-02-08 00:00:00.000,31621720,THB,"2024.0070",Provision of IT and Network Communication Service on Offshore Rig,2024-09-09,2028-02-08,PTT DIGITAL SOLUTIONS COMPANY LIMITED,31621720,THB
"2024",MPP-TH-24-00143,MPP-TH-24-00143/G2-61,"2024.0845",Provision of 4G/5G Service and Support,2024-09-24,2030-04-23,PTT DIGITAL SOLUTIONS COMPANY LIMITED,117722375.00000,THB,3363496.42857,117722375.00000,2090000.00000,USD,2090000.00000,70015000.00000,2090000.00000,2090000.00000,70015000.00000,2090000.00000,70015000.00000,"2024.0845.1",Provision of 4G/5G Service and Support for G2/61,Live,2024-09-24 00:00:00.000,2031-04-23 00:00:00.000,117722375,THB,"2024.0845",Provision of 4G/5G Service and Support for G2/61,2024-09-24,2031-04-23,PTT DIGITAL SOLUTIONS COMPANY LIMITED,117722375,THB
"2024",MPP-TH-24-00149,MPP-TH-24-00149/Non-PSC,"2024.0870",Provision of Supply of Wide Range Electric Submersible Pump and Related Services,,,BAKER HUGHES OPERATIONS (THAILAND) LIMITED,18000000.00000,USD,18000000.00000,618976800.00000,18000000.00000,USD,18000000.00000,618976800.00000,18000000.00000,18000000.00000,618976800.00000,18000000.00000,618976800.00000,"2024.0870.0",Provision of Supply of Wide Range Electric Submersible Pump and Related Services,Live,2024-11-01 00:00:00.000,2028-03-31 00:00:00.000,11483370,USD,"2024.0870",Provision of Supply of Wide Range Electric Submersible Pump and Related Services,2024-11-01,2028-03-31,BAKER HUGHES OPERATIONS (THAILAND) LIMITED,11483370,USD
"2024",MPP-TH-24-00153,MPP-TH-24-00153/Non-PSC,"2024.0116",Provision of Material Handling Services for PTTEPI and PTTEPS,,,SRIPHIPHATPHITSANULOK(1989) COMPANY LIMITED,450000000.00000,USD,450000000.00000,15474420000.00000,450000000.00000,USD,450000000.00000,15474420000.00000,450000000.00000,450000000.00000,15474420000.00000,450000000.00000,15474420000.00000,"2024.0116.0",Provision of Material Handling Services for PTTEPI and PTTEPS,Live,2025-03-01 00:00:00.000,2028-06-30 00:00:00.000,434387625,THB,"2024.0116",Provision of Material Handling Services for PTTEPI and PTTEPS,2025-03-01,2028-06-30,SRIPHIPHATPHITSANULOK(1989) COMPANY LIMITED,434387625,THB
"2024",MPP-TH-24-00154,MPP-TH-24-00154/Non-PSC,"2024.0246",The Supply of Jet A-1 fuel,,,PTT OIL AND RETAIL BUSINESS PUBLIC COMPANY LIMITED,481050000.00000,USD,481050000.00000,16542154980.00000,481050000.00000,USD,481050000.00000,16542154980.00000,481050000.00000,481050000.00000,16542154980.00000,481050000.00000,16542154980.00000,"2024.0246.0",The Supply of Jet A-1 fuel,Live,2025-04-01 00:00:00.000,2028-03-31 00:00:00.000,477650000,THB,"2024.0246",The Supply of Jet A-1 fuel,2025-04-01,2028-03-31,PTT OIL AND RETAIL BUSINESS PUBLIC COMPANY LIMITED,477650000,THB
"2024",MPP-TH-24-00160,MPP-TH-24-00160/Non-PSC,"2024.0765",Provision of 2024 S-1Wellsite Restoration Call-Out Services Contract,,,"THE JEARK JIRM CO., LTD.",12500000.00000,USD,12500000.00000,429845000.00000,12500000.00000,USD,12500000.00000,429845000.00000,12500000.00000,12500000.00000,429845000.00000,12500000.00000,429845000.00000,"2024.0765.3",Provision of 2024 S-1Wellsite Restoration Call-Out Services Contract,Live,2024-06-10 00:00:00.000,2026-03-09 00:00:00.000,23328487,THB,"2024.0765",Provision of 2024 S-1Wellsite Restoration Call-Out Services Contract,2024-06-10,2026-03-09,"THE JEARK JIRM CO., LTD.",23328487,THB
"2024",MPP-TH-24-00163,MPP-TH-24-00163/Non-PSC,"2024.0868",Provision of One (1) Crew Boat to Support Offshore Activities for Arthit and Other Assets,,,TRUTH MARITIME SERVICES COMPANY LIMITED,5659408.00000,USD,5659408.00000,194613458.54080,5659408.00000,USD,5659408.00000,194613458.54080,5659408.00000,5659408.00000,194613458.54080,5659408.00000,194613458.54080,"2024.0868.0",Provision of One (1) Crew Boat to Support Offshore Activities for Arthit and Other Assets,Live,2024-09-01 00:00:00.000,2029-09-06 00:00:00.000,5436700,USD,"2024.0868",Provision of One (1) Crew Boat to Support Offshore Activities for Arthit and Other Assets,2024-09-01,2029-09-06,TRUTH MARITIME SERVICES COMPANY LIMITED,5436700,USD
"2024",MPP-TH-24-00168,MPP-TH-24-00168/Non-PSC,"2024.0085","SUPPLY OF 4"" DRILL PIPE, 4"" HEAVY WEIGHT DRILL PIPE AND PUP JOINT 2025",,,GRANT PRIDECO (SINGAPORE) PTE.LTD.,4970000.00000,USD,4970000.00000,170906372.00000,4970000.00000,USD,4970000.00000,170906372.00000,4970000.00000,4970000.00000,170906372.00000,4970000.00000,170906372.00000,"2024.0085.0","SUPPLY OF 4"" DRILL PIPE, 4"" HEAVY WEIGHT DRILL PIPE AND PUP JOINT 2025",Live,2024-12-15 00:00:00.000,2026-06-15 00:00:00.000,4970000,USD,"2024.0085","SUPPLY OF 4  DRILL PIPE, 4  HEAVY WEIGHT DRILL PIPE AND PUP JOINT 2025",2024-12-15,2026-06-15,GRANT PRIDECO (SINGAPORE) PTE.LTD.,4970000,USD
"2024",MPP-TH-24-00172,MPP-TH-24-00172/Non-PSC,"2024.0885",Supply of Carbon Steel OCTG Products to Support S1 for Delivery in Q4/2024 to Q2/2025,,,VALIN HENGYANG (SINGAPORE) PTE LTD,18378000.00000,USD,18378000.00000,631975312.80000,18378000.00000,USD,18378000.00000,631975312.80000,18378000.00000,18378000.00000,631975312.80000,18378000.00000,631975312.80000,"2024.0885.0",Supply of Carbon Steel OCTG Products to Support S1 for Delivery in Q4/2024 to Q2/2025,Live,2024-08-16 00:00:00.000,2026-05-15 00:00:00.000,15616794,USD,"2024.0885",Supply of Carbon Steel OCTG Products to Support S1 for Delivery in Q4/2024 to Q2/2025,2024-08-16,2026-05-15,VALIN HENGYANG (SINGAPORE) PTE LTD,15616794,USD
"2024",MPP-TH-24-00174,MPP-TH-24-00174/Non-PSC,"2024.0745",Provision of Crossover and Pup Joint Equipment and Services for Onshore (Call-Off),,,OMS OILFIELD SERVICES (THAILAND) LTD.,85368000.00000,USD,85368000.00000,2935600636.80000,85368000.00000,USD,85368000.00000,2935600636.80000,85368000.00000,85368000.00000,2935600636.80000,85368000.00000,2935600636.80000,"2024.0745.0",Provision of Crossover and Pup Joint Equipment and Services for Onshore (Call-Off),Live,2024-05-16 00:00:00.000,2027-05-15 00:00:00.000,82100700,THB,"2024.0745",Provision of Crossover and Pup Joint Equipment and Services for Onshore (Call-Off),2024-05-16,2027-05-15,OMS OILFIELD SERVICES (THAILAND) LTD.,82100700,THB
"2024",MPP-TH-24-00177,MPP-TH-24-00177/Non-PSC,"2024.0041",Provision of Onshore Integrated Drilling Contract for 2025-2026 Drilling Campaign,2025-02-17,2026-02-16,GREATWALL DRILLING COMPANY (THAILAND) LIMITED,7742000.00000,USD,7742000.00000,266228799.20000,7742000.00000,USD,7742000.00000,266228799.20000,7742000.00000,7742000.00000,266228799.20000,7742000.00000,266228799.20000,"2024.0041.2",Amendment 2 of Provision of Onshore Integrated Drilling Contract for 2025-2026 Drilling Campaign,Live,2025-02-17 00:00:00.000,2026-02-16 00:00:00.000,18764334,USD,"2024.0041",Amendment 2 of Provision of Onshore Integrated Drilling Contract for 2025-2026 Drilling Campaign,2025-02-17,2026-02-16,GREATWALL DRILLING COMPANY (THAILAND) LIMITED,18764334,USD
"2024",MPP-TH-24-00177,MPP-TH-24-00177/Non-PSC,"2024.0187",Provision of Onshore Drilling Rig for 2025-2026 Campaign (GW221),2025-01-01,2026-03-31,GREATWALL DRILLING COMPANY (THAILAND) LIMITED,6104000.00000,USD,6104000.00000,213640000.00000,6104000.00000,USD,6104000.00000,199295600.00000,,,,,,"2024.0187.0",Provision of Onshore Drilling Rig for 2025-2026 Campaign (GW221),Live,2025-01-01 00:00:00.000,2026-03-31 00:00:00.000,6104000,USD,"2024.0187",Provision of Onshore Drilling Rig for 2025-2026 Campaign (GW221),2025-01-01,2026-03-31,GREATWALL DRILLING COMPANY (THAILAND) LIMITED,6104000,USD
"2024",MPP-TH-24-00179,MPP-TH-24-00179/Non-PSC,"2024.0791",THE PROVISION OF DIGITAL TRUNKED RADIO FOR S1,2024-10-17,2031-03-14,AERONAUTICAL RADIO OF THAILAND LTD,96500000.00000,USD,96500000.00000,3318403400.00000,96500000.00000,USD,96500000.00000,3318403400.00000,96500000.00000,96500000.00000,3318403400.00000,96500000.00000,3318403400.00000,"2024.0791.0",THE PROVISION OF DIGITAL TRUNKED RADIO FOR S1,Live,2024-10-17 00:00:00.000,2031-03-14 00:00:00.000,92856000,THB,"2024.0791",THE PROVISION OF DIGITAL TRUNKED RADIO FOR S1,2024-10-17,2031-03-14,AERONAUTICAL RADIO OF THAILAND LTD,92856000,THB
"2024",MPP-TH-24-00180,MPP-TH-24-00180/Non-PSC,"2024.0227",Supply of Pipe and Bend for 2025 S1 Flowline Replacement,,,VAN LEEUWEN PIPE AND TUBE (THAILAND) LTD.,1520000.00000,USD,1520000.00000,52269152.00000,1520000.00000,USD,1520000.00000,52269152.00000,1520000.00000,1520000.00000,52269152.00000,1520000.00000,52269152.00000,"2024.0227.1",Amendment of 2024.0227.0,Live,2025-02-25 00:00:00.000,2026-02-24 00:00:00.000,1402803.3,USD,"2024.0227",Amendment of 2024.0227.0,2025-02-25,2026-02-24,VAN LEEUWEN PIPE AND TUBE (THAILAND) LTD.,1402803.3,USD
"2024",MPP-TH-24-00181,MPP-TH-24-00181/Non-PSC,"2024.0172",Supply of Water Treatment Chemicals for Produced Water (Oxygen Scavenger)--SLB,,,SCHLUMBERGER OVERSEAS S.A.,2817366.00000,USD,2817366.00000,96882455.06160,2817366.00000,USD,2817366.00000,96882455.06160,2817366.00000,2817366.00000,96882455.06160,2817366.00000,96882455.06160,"2024.0172.1",Supply of Water Treatment Chemicals for Produced Water (Oxygen Scavenger)--SLB,Live,2024-11-01 00:00:00.000,2027-10-31 00:00:00.000,31680,USD,"2024.0172",Supply of Water Treatment Chemicals for Produced Water (Oxygen Scavenger)--SLB,2024-11-01,2027-10-31,SCHLUMBERGER OVERSEAS S.A.,31680,USD
"2024",MPP-TH-24-00181,MPP-TH-24-00181/Non-PSC,"2024.0188",Supply of Water Treatment Chemicals for Produced Water (GLUT Biocide)-MMSVS,,,MMSVS GROUP HOLDING COMPANY LIMITED,2817366.00000,USD,2817366.00000,96882455.06160,2817366.00000,USD,2817366.00000,96882455.06160,2817366.00000,2817366.00000,96882455.06160,2817366.00000,96882455.06160,"2024.0188.1",Supply of Water Treatment Chemicals for Produced Water (GLUT Biocide)-MMSVS,Live,2024-11-01 00:00:00.000,2027-10-31 00:00:00.000,632000,USD,"2024.0188",Supply of Water Treatment Chemicals for Produced Water (GLUT Biocide)-MMSVS,2024-11-01,2027-10-31,MMSVS GROUP HOLDING COMPANY LIMITED,632000,USD
"2024",MPP-TH-24-00181,MPP-TH-24-00181/Non-PSC,"2024.0806",Supply of Water Treatment Chemicals for Produced Water (THPS Biocide and Scale Inhibitor),,,"Veolia Water Technologies and Solutions (Thailand) Co., Ltd.",2817366.00000,USD,2817366.00000,96882455.06160,2817366.00000,USD,2817366.00000,96882455.06160,2817366.00000,2817366.00000,96882455.06160,2817366.00000,96882455.06160,"2024.0806.0",Supply of Water Treatment Chemicals for Produced Water (THPS Biocide and Scale Inhibitor),Live,2024-11-01 00:00:00.000,2027-10-31 00:00:00.000,799500,USD,"2024.0806",Supply of Water Treatment Chemicals for Produced Water (THPS Biocide and Scale Inhibitor),2024-11-01,2027-10-31,"VEOLIA WATER TECHNOLOGIES AND SOLUTIONS (THAILAND) CO., LTD.",799500,USD
"2024",MPP-TH-24-00184,MPP-TH-24-00184/Non-PSC,"2024.0039","Provision of Onshore Drilling Mud Motor, Drilling Jar, and Bumping Sub Services Rental and Personnel Service (Call-off)",,,BLACK BEAR PTE. LTD.,2850000.00000,USD,2850000.00000,98004660.00000,2850000.00000,USD,2850000.00000,98004660.00000,2850000.00000,2850000.00000,98004660.00000,2850000.00000,98004660.00000,"2024.0039.0","Provision of Onshore Drilling Mud Motor, Drilling Jar, and Bumping Sub Services Rental and Personnel Service (Call-off)",Live,2024-10-01 00:00:00.000,2027-12-31 00:00:00.000,1845000,USD,"2024.0039","Provision of Onshore Drilling Mud Motor, Drilling Jar, and Bumping Sub Services Rental and Personnel Service (Call-off)",2024-10-01,2027-12-31,BLACK BEAR PTE. LTD.,1845000,USD
"2024",MPP-TH-24-00186,MPP-TH-24-00186/Non-PSC,"2024.0087","Provision of Memory Production Logging Tools (MPLT) Service for G1/61, G2/61 and Other Assets",2025-01-01,2028-04-30,SCIENTIFIC DRILLING INTERNATIONAL INC.,1940000.00000,USD,1940000.00000,66711944.00000,1940000.00000,USD,1940000.00000,66711944.00000,1940000.00000,1940000.00000,66711944.00000,1940000.00000,66711944.00000,"2024.0087.0","Provision of Memory Production Logging Tools (MPLT) Service for G1/61, G2/61 and Other Assets",Live,2025-01-01 00:00:00.000,2028-04-30 00:00:00.000,8016110,USD,"2024.0087","Provision of Memory Production Logging Tools (MPLT) Service for G1/61, G2/61 and Other Assets",2025-01-01,2028-04-30,SCIENTIFIC DRILLING INTERNATIONAL INC.,8016110,USD
"2024",MPP-TH-24-00192,MPP-TH-24-00192/Non-PSC,"2024.0043",Provision of Personal Income Tax and Payroll Services for Overseas Staffs,,,KPMG PHOOMCHAI TAX LTD.,127814080.00000,USD,127814080.00000,4395219457.40800,127814080.00000,USD,127814080.00000,4395219457.40800,127814080.00000,127814080.00000,4395219457.40800,127814080.00000,4395219457.40800,"2024.0043.0",Provision of Personal Income Tax and Payroll Services for Overseas Staffs,Live,2025-01-01 00:00:00.000,2029-12-31 00:00:00.000,107646000,THB,"2024.0043",Provision of Personal Income Tax and Payroll Services for Overseas Staffs,2025-01-01,2029-12-31,KPMG PHOOMCHAI TAX LTD.,107646000,THB
"2024",MPP-TH-24-00195,MPP-TH-24-00195/G1-61,"2024.0054",Provision of Pipeline Mercury Decontamination Contract (Year 2025-2026),2025-01-15,2027-01-14,PRODUCTION SOLUTIONS (THAILAND) LIMITED,166710072.82000,THB,4763144.93771,166710072.82000,3870000.00000,USD,3870000.00000,129645000.00000,3870000.00000,3870000.00000,129645000.00000,3870000.00000,129645000.00000,"2024.0054.0",Provision of Pipeline Mercury Decontamination Contract (Year 2025-2026),Live,2025-01-15 00:00:00.000,2027-01-14 00:00:00.000,166710072.82,THB,"2024.0054",Provision of Pipeline Mercury Decontamination Contract (Year 2025-2026),2025-01-15,2027-01-14,PRODUCTION SOLUTIONS (THAILAND) LIMITED,166710072.819999993,THB
"2024",MPP-TH-24-00195,MPP-TH-24-00195/G2-61,"2024.0054",Provision of Pipeline Mercury Decontamination Contract (Year 2025-2026),2025-01-15,2027-01-14,PRODUCTION SOLUTIONS (THAILAND) LIMITED,166710072.82000,THB,4763144.93771,166710072.82000,1105000.00000,USD,1105000.00000,37017500.00000,1105000.00000,1105000.00000,37017500.00000,1105000.00000,37017500.00000,"2024.0054.0",Provision of Pipeline Mercury Decontamination Contract (Year 2025-2026),Live,2025-01-15 00:00:00.000,2027-01-14 00:00:00.000,166710072.82,THB,"2024.0054",Provision of Pipeline Mercury Decontamination Contract (Year 2025-2026),2025-01-15,2027-01-14,PRODUCTION SOLUTIONS (THAILAND) LIMITED,166710072.819999993,THB
"2024",MPP-TH-24-00200,MPP-TH-24-00200/Non-PSC,"2024.0137",Contract No. 2024.0137 for Provision of SAP S/4HANA Implementation Services,,,"ACCENTURE SOLUTIONS CO., LTD.",45000000.00000,USD,45000000.00000,1547442000.00000,45000000.00000,USD,45000000.00000,1547442000.00000,45000000.00000,45000000.00000,1547442000.00000,45000000.00000,1547442000.00000,"2024.0137.0",Contract No. 2024.0137 for Provision of SAP S/4HANA Implementation Services,Live,2024-10-01 00:00:00.000,2027-01-31 00:00:00.000,2450199150,THB,"2024.0137",Contract No. 2024.0137 for Provision of SAP S/4HANA Implementation Services,2024-10-01,2027-01-31,"ACCENTURE SOLUTIONS CO., LTD.",2450199150,THB
"2024",MPP-TH-24-00211,MPP-TH-24-00211/Non-PSC,"2024.0743",Provision of Workstation for PTTEP Subsurface,,,SCHLUMBERGER OVERSEAS S.A.,159272000.00000,USD,159272000.00000,159272000.00000,159272000.00000,USD,159272000.00000,159272000.00000,159272000.00000,159272000.00000,159272000.00000,159272000.00000,159272000.00000,"2024.0743.0",Provision of Workstation for PTTEP Subsurface,Live,2024-03-01 00:00:00.000,2027-12-31 00:00:00.000,152794200,THB,"2024.0743",Provision of Workstation for PTTEP Subsurface,2024-03-01,2027-12-31,SCHLUMBERGER OVERSEAS S.A.,152794200,THB
"2024",MPP-TH-24-00216,MPP-TH-24-00216/G1-61,"2024.0674",Provision of Rental Drill Bits for Offshore Assets 2024-2026 with NATIONAL OILWELL VARCO (THAILAND) LTD.,2024-05-01,2026-04-30,NATIONAL OILWELL VARCO (THAILAND) LTD.,12251480.00000,USD,12251480.00000,428801800.00000,5614545.00000,USD,5614545.00000,188087257.50000,5610000.00000,5610000.00000,187935000.00000,5610000.00000,187935000.00000,"2024.0674.1",Provision of Rental Drill Bits for Offshore Assets 2024-2026 with NATIONAL OILWELL VARCO (THAILAND) LTD.,Live,2024-05-01 00:00:00.000,2026-04-30 00:00:00.000,12251480,USD,"2024.0674",Provision of Rental Drill Bits for Offshore Assets 2024-2026 with NATIONAL OILWELL VARCO (THAILAND) LTD.,2024-05-01,2026-04-30,NATIONAL OILWELL VARCO (THAILAND) LTD.,12251480,USD
"2024",MPP-TH-24-00216,MPP-TH-24-00216/G2-61,"2024.0674",Provision of Rental Drill Bits for Offshore Assets 2024-2026 with NATIONAL OILWELL VARCO (THAILAND) LTD.,2024-05-01,2026-04-30,NATIONAL OILWELL VARCO (THAILAND) LTD.,12251480.00000,USD,12251480.00000,428801800.00000,4176370.00000,USD,4176370.00000,139908395.00000,4180000.00000,4180000.00000,140030000.00000,4180000.00000,140030000.00000,"2024.0674.1",Provision of Rental Drill Bits for Offshore Assets 2024-2026 with NATIONAL OILWELL VARCO (THAILAND) LTD.,Live,2024-05-01 00:00:00.000,2026-04-30 00:00:00.000,12251480,USD,"2024.0674",Provision of Rental Drill Bits for Offshore Assets 2024-2026 with NATIONAL OILWELL VARCO (THAILAND) LTD.,2024-05-01,2026-04-30,NATIONAL OILWELL VARCO (THAILAND) LTD.,12251480,USD
"2024",MPP-TH-24-00217,MPP-TH-24-00217/G1-61,"2024.0675",Provision of Rental Drill Bits for Offshore Assets 2024-2026 with SCHLUMBERGER,2024-05-01,2026-04-30,SCHLUMBERGER OVERSEAS S.A.,5704050.00000,USD,5704050.00000,199641750.00000,2169576.00000,USD,2169576.00000,72680796.00000,2170000.00000,2170000.00000,72695000.00000,2170000.00000,72695000.00000,"2024.0675.0",Provision of Rental Drill Bits for Offshore Assets 2024-2026 with SCHLUMBERGER,Live,2024-05-01 00:00:00.000,2026-04-30 00:00:00.000,5704050,USD,"2024.0675",Provision of Rental Drill Bits for Offshore Assets 2024-2026 with SCHLUMBERGER,2024-05-01,2026-04-30,SCHLUMBERGER OVERSEAS S.A.,5704050,USD
"2024",MPP-TH-24-00217,MPP-TH-24-00217/G2-61,"2024.0675",Provision of Rental Drill Bits for Offshore Assets 2024-2026 with SCHLUMBERGER,2024-05-01,2026-04-30,SCHLUMBERGER OVERSEAS S.A.,5704050.00000,USD,5704050.00000,199641750.00000,2605254.00000,USD,2605254.00000,87276009.00000,2610000.00000,2610000.00000,87435000.00000,2610000.00000,87435000.00000,"2024.0675.0",Provision of Rental Drill Bits for Offshore Assets 2024-2026 with SCHLUMBERGER,Live,2024-05-01 00:00:00.000,2026-04-30 00:00:00.000,5704050,USD,"2024.0675",Provision of Rental Drill Bits for Offshore Assets 2024-2026 with SCHLUMBERGER,2024-05-01,2026-04-30,SCHLUMBERGER OVERSEAS S.A.,5704050,USD
"2024",MPP-TH-24-00218,MPP-TH-24-00218/G1-61,"2024.0676",Provision of Rental Drill Bits for Offshore Assets 2024-2026 with Baker Hughes Operations (Thailand) Limited,2024-05-01,2026-04-30,BAKER HUGHES OPERATIONS (THAILAND) LIMITED,7709738.00000,USD,7709738.00000,269840830.00000,5746623.00000,USD,5746623.00000,192511870.50000,5750000.00000,5750000.00000,192625000.00000,5750000.00000,192625000.00000,"2024.0676.1",Provision of Rental Drill Bits for Offshore Assets 2024-2026 with Baker Hughes Operations (Thailand) Limited,Live,2024-05-01 00:00:00.000,2026-04-30 00:00:00.000,7709738,USD,"2024.0676",Provision of Rental Drill Bits for Offshore Assets 2024-2026 with Baker Hughes Operations (Thailand) Limited,2024-05-01,2026-04-30,BAKER HUGHES OPERATIONS (THAILAND) LIMITED,7709738,USD
"2024",MPP-TH-24-00218,MPP-TH-24-00218/G2-61,"2024.0676",Provision of Rental Drill Bits for Offshore Assets 2024-2026 with Baker Hughes Operations (Thailand) Limited,2024-05-01,2026-04-30,BAKER HUGHES OPERATIONS (THAILAND) LIMITED,7709738.00000,USD,7709738.00000,269840830.00000,1168622.00000,USD,1168622.00000,39148837.00000,1170000.00000,1170000.00000,39195000.00000,1170000.00000,39195000.00000,"2024.0676.1",Provision of Rental Drill Bits for Offshore Assets 2024-2026 with Baker Hughes Operations (Thailand) Limited,Live,2024-05-01 00:00:00.000,2026-04-30 00:00:00.000,7709738,USD,"2024.0676",Provision of Rental Drill Bits for Offshore Assets 2024-2026 with Baker Hughes Operations (Thailand) Limited,2024-05-01,2026-04-30,BAKER HUGHES OPERATIONS (THAILAND) LIMITED,7709738,USD
"2024",MPP-TH-24-00221,MPP-TH-24-00221/Non-PSC,"2024.0699",Provision of Storage Rental for PTTEP Subsurface,,,"YIP IN TSOI &CO., LTD.",167000000.00000,USD,167000000.00000,167000000.00000,167000000.00000,USD,167000000.00000,167000000.00000,167000000.00000,167000000.00000,167000000.00000,167000000.00000,167000000.00000,"2024.0699.1",Provision of Storage Rental for PTTEP Subsurface,Live,2024-03-16 00:00:00.000,2028-05-31 00:00:00.000,186302655.16,THB,"2024.0699",Provision of Storage Rental for PTTEP Subsurface,2024-03-16,2028-05-31,"YIP IN TSOI &CO., LTD.",186302655.159999996,THB
"2024",MPP-TH-24-00222,MPP-TH-24-00222/Non-PSC,"2024.0685",Provision of Offshore Cementing Services (ART Rig#2),,,BAKER HUGHES OPERATIONS (THAILAND) LIMITED,9513000.00000,USD,9513000.00000,325037330.10000,9513000.00000,USD,9513000.00000,325037330.10000,9513000.00000,9513000.00000,325037330.10000,9513000.00000,325037330.10000,"2024.0685.0",Provision of Offshore Cementing Services (ART Rig#2),Live,2024-05-01 00:00:00.000,2027-06-30 00:00:00.000,9756971.5,USD,"2024.0685",Provision of Offshore Cementing Services (ART Rig 2),2024-05-01,2027-06-30,BAKER HUGHES OPERATIONS (THAILAND) LIMITED,9756971.5,USD
"2024",MPP-TH-24-00223,MPP-TH-24-00223/G2-61,"2024.0684",Provision of Offshore Cementing Services (Rig 15),2024-04-16,2026-01-15,BAKER HUGHES OPERATIONS (THAILAND) LIMITED,4628534.43000,USD,4628534.43000,161998705.05000,3068718.33000,USD,3068718.33000,102802064.05500,3070000.00000,3070000.00000,102845000.00000,3070000.00000,102845000.00000,"2024.0684.1",Provision of Offshore Cementing Services (Rig#15) - Amendment No.1,Approved,2024-04-16 00:00:00.000,2026-03-23 00:00:00.000,4628534.43,USD,"2024.0684",Provision of Offshore Cementing Services (Rig 15),2024-04-16,2026-01-15,BAKER HUGHES OPERATIONS (THAILAND) LIMITED,4628534.43,USD
"2024",MPP-TH-24-00230,MPP-TH-24-00230/G1-61,"2024.0742","Contract Amendment 2 Provision of One (1) 80-130 Ton Bollard Pull AHTS to Support Development Drilling for G2/61, G1/65, G3/65 and Other Assets",2024-06-16,2025-12-23,BOURBON OFFSHORE ASIA PTE LTD,7667600.00000,USD,7667600.00000,268366000.00000,501576.00000,USD,501576.00000,16802796.00000,501576.00000,501576.00000,16802796.00000,501576.00000,16802796.00000,"2024.0742.0","Provision of One (1) 80-130 Ton Bollard Pull AHTS to Support Development Drilling for G2/61, G1/65,",Live,2024-06-16 00:00:00.000,2025-12-23 00:00:00.000,7667600,USD,"2024.0742","Contract Amendment 2 Provision of One (1) 80-130 Ton Bollard Pull AHTS to Support Development Drilling for G2/61, G1/65, G3/65 and Other Assets",2024-06-16,2025-12-23,BOURBON OFFSHORE ASIA PTE LTD,7667600,USD
"2024",MPP-TH-24-00230,MPP-TH-24-00230/G1-61,"2024.0742","Contract Amendment 2 Provision of One (1) 80-130 Ton Bollard Pull AHTS to Support Development Drilling for G2/61, G1/65, G3/65 and Other Assets",2024-06-16,2025-12-23,BOURBON OFFSHORE ASIA PTE LTD,7667600.00000,USD,7667600.00000,268366000.00000,501576.00000,USD,501576.00000,16802796.00000,501576.00000,501576.00000,16802796.00000,501576.00000,16802796.00000,"2024.0742.2","Contract Amendment 2 Provision of One (1) 80-130 Ton Bollard Pull AHTS to Support Development Drilling for G2/61, G1/65, G3/65 and Other Assets",Live,2024-06-16 00:00:00.000,2025-12-23 00:00:00.000,7667600,USD,"2024.0742","Contract Amendment 2 Provision of One (1) 80-130 Ton Bollard Pull AHTS to Support Development Drilling for G2/61, G1/65, G3/65 and Other Assets",2024-06-16,2025-12-23,BOURBON OFFSHORE ASIA PTE LTD,7667600,USD
"2024",MPP-TH-24-00230,MPP-TH-24-00230/G1-61,"2024.0863","Contract Amendment 2 Provision of One (1) 80-130 Ton Bollard Pull AHTS to Support Development Drilling for G2/61, G1/65, G3/65 and Other Assets",2024-06-16,2025-12-23,BRITOIL OFFSHORE (SINGAPORE) PTE. LTD.,9957610.00000,USD,9957610.00000,348516350.00000,501576.00000,USD,501576.00000,16802796.00000,501576.00000,501576.00000,16802796.00000,501576.00000,16802796.00000,"2024.0863.0","Provision of One (1) 80-130 Ton Bollard Pull AHTS to Support Development Drilling for G2/61,",Live,2024-06-16 00:00:00.000,2025-12-23 00:00:00.000,9051600,USD,"2024.0863","Contract Amendment 2 Provision of One (1) 80-130 Ton Bollard Pull AHTS to Support Development Drilling for G2/61, G1/65, G3/65 and Other Assets",2024-06-16,2026-04-10,BRITOIL OFFSHORE (SINGAPORE) PTE. LTD.,9957610,USD
"2024",MPP-TH-24-00230,MPP-TH-24-00230/G1-65,"2024.0742","Contract Amendment 2 Provision of One (1) 80-130 Ton Bollard Pull AHTS to Support Development Drilling for G2/61, G1/65, G3/65 and Other Assets",2024-06-16,2025-12-23,BOURBON OFFSHORE ASIA PTE LTD,7667600.00000,USD,7667600.00000,268366000.00000,2908959.00000,USD,2908959.00000,97450126.50000,1340000.00000,1340000.00000,44890000.00000,1340000.00000,44890000.00000,"2024.0742.0","Provision of One (1) 80-130 Ton Bollard Pull AHTS to Support Development Drilling for G2/61, G1/65,",Live,2024-06-16 00:00:00.000,2025-12-23 00:00:00.000,7667600,USD,"2024.0742","Contract Amendment 2 Provision of One (1) 80-130 Ton Bollard Pull AHTS to Support Development Drilling for G2/61, G1/65, G3/65 and Other Assets",2024-06-16,2025-12-23,BOURBON OFFSHORE ASIA PTE LTD,7667600,USD
"2024",MPP-TH-24-00230,MPP-TH-24-00230/G1-65,"2024.0742","Contract Amendment 2 Provision of One (1) 80-130 Ton Bollard Pull AHTS to Support Development Drilling for G2/61, G1/65, G3/65 and Other Assets",2024-06-16,2025-12-23,BOURBON OFFSHORE ASIA PTE LTD,7667600.00000,USD,7667600.00000,268366000.00000,2908959.00000,USD,2908959.00000,97450126.50000,1340000.00000,1340000.00000,44890000.00000,1340000.00000,44890000.00000,"2024.0742.2","Contract Amendment 2 Provision of One (1) 80-130 Ton Bollard Pull AHTS to Support Development Drilling for G2/61, G1/65, G3/65 and Other Assets",Live,2024-06-16 00:00:00.000,2025-12-23 00:00:00.000,7667600,USD,"2024.0742","Contract Amendment 2 Provision of One (1) 80-130 Ton Bollard Pull AHTS to Support Development Drilling for G2/61, G1/65, G3/65 and Other Assets",2024-06-16,2025-12-23,BOURBON OFFSHORE ASIA PTE LTD,7667600,USD
"2024",MPP-TH-24-00230,MPP-TH-24-00230/G1-65,"2024.0863","Contract Amendment 2 Provision of One (1) 80-130 Ton Bollard Pull AHTS to Support Development Drilling for G2/61, G1/65, G3/65 and Other Assets",2024-06-16,2025-12-23,BRITOIL OFFSHORE (SINGAPORE) PTE. LTD.,9957610.00000,USD,9957610.00000,348516350.00000,2908959.00000,USD,2908959.00000,97450126.50000,1340000.00000,1340000.00000,44890000.00000,1340000.00000,44890000.00000,"2024.0863.0","Provision of One (1) 80-130 Ton Bollard Pull AHTS to Support Development Drilling for G2/61,",Live,2024-06-16 00:00:00.000,2025-12-23 00:00:00.000,9051600,USD,"2024.0863","Contract Amendment 2 Provision of One (1) 80-130 Ton Bollard Pull AHTS to Support Development Drilling for G2/61, G1/65, G3/65 and Other Assets",2024-06-16,2026-04-10,BRITOIL OFFSHORE (SINGAPORE) PTE. LTD.,9957610,USD
"2024",MPP-TH-24-00230,MPP-TH-24-00230/G2-61,"2024.0742","Contract Amendment 2 Provision of One (1) 80-130 Ton Bollard Pull AHTS to Support Development Drilling for G2/61, G1/65, G3/65 and Other Assets",2024-06-16,2025-12-23,BOURBON OFFSHORE ASIA PTE LTD,7667600.00000,USD,7667600.00000,268366000.00000,10641816.00000,USD,10641816.00000,356500836.00000,10641816.00000,10641816.00000,356500836.00000,10641816.00000,356500836.00000,"2024.0742.0","Provision of One (1) 80-130 Ton Bollard Pull AHTS to Support Development Drilling for G2/61, G1/65,",Live,2024-06-16 00:00:00.000,2025-12-23 00:00:00.000,7667600,USD,"2024.0742","Contract Amendment 2 Provision of One (1) 80-130 Ton Bollard Pull AHTS to Support Development Drilling for G2/61, G1/65, G3/65 and Other Assets",2024-06-16,2025-12-23,BOURBON OFFSHORE ASIA PTE LTD,7667600,USD
"2024",MPP-TH-24-00230,MPP-TH-24-00230/G2-61,"2024.0742","Contract Amendment 2 Provision of One (1) 80-130 Ton Bollard Pull AHTS to Support Development Drilling for G2/61, G1/65, G3/65 and Other Assets",2024-06-16,2025-12-23,BOURBON OFFSHORE ASIA PTE LTD,7667600.00000,USD,7667600.00000,268366000.00000,10641816.00000,USD,10641816.00000,356500836.00000,10641816.00000,10641816.00000,356500836.00000,10641816.00000,356500836.00000,"2024.0742.2","Contract Amendment 2 Provision of One (1) 80-130 Ton Bollard Pull AHTS to Support Development Drilling for G2/61, G1/65, G3/65 and Other Assets",Live,2024-06-16 00:00:00.000,2025-12-23 00:00:00.000,7667600,USD,"2024.0742","Contract Amendment 2 Provision of One (1) 80-130 Ton Bollard Pull AHTS to Support Development Drilling for G2/61, G1/65, G3/65 and Other Assets",2024-06-16,2025-12-23,BOURBON OFFSHORE ASIA PTE LTD,7667600,USD
"2024",MPP-TH-24-00230,MPP-TH-24-00230/G2-61,"2024.0863","Contract Amendment 2 Provision of One (1) 80-130 Ton Bollard Pull AHTS to Support Development Drilling for G2/61, G1/65, G3/65 and Other Assets",2024-06-16,2025-12-23,BRITOIL OFFSHORE (SINGAPORE) PTE. LTD.,9957610.00000,USD,9957610.00000,348516350.00000,5850000.00000,USD,5850000.00000,5850000.00000,5850000.00000,5850000.00000,5850000.00000,5850000.00000,5850000.00000,"2024.0863.0","Provision of One (1) 80-130 Ton Bollard Pull AHTS to Support Development Drilling for G2/61,",Live,2024-06-16 00:00:00.000,2025-12-23 00:00:00.000,9051600,USD,"2024.0863","Contract Amendment 2 Provision of One (1) 80-130 Ton Bollard Pull AHTS to Support Development Drilling for G2/61, G1/65, G3/65 and Other Assets",2024-06-16,2026-04-10,BRITOIL OFFSHORE (SINGAPORE) PTE. LTD.,9957610,USD
"2024",MPP-TH-24-00230,MPP-TH-24-00230/G3-65,"2024.0742","Contract Amendment 2 Provision of One (1) 80-130 Ton Bollard Pull AHTS to Support Development Drilling for G2/61, G1/65, G3/65 and Other Assets",2024-06-16,2025-12-23,BOURBON OFFSHORE ASIA PTE LTD,7667600.00000,USD,7667600.00000,268366000.00000,2499657.00000,USD,2499657.00000,83738509.50000,1150000.00000,1150000.00000,38525000.00000,1150000.00000,38525000.00000,"2024.0742.0","Provision of One (1) 80-130 Ton Bollard Pull AHTS to Support Development Drilling for G2/61, G1/65,",Live,2024-06-16 00:00:00.000,2025-12-23 00:00:00.000,7667600,USD,"2024.0742","Contract Amendment 2 Provision of One (1) 80-130 Ton Bollard Pull AHTS to Support Development Drilling for G2/61, G1/65, G3/65 and Other Assets",2024-06-16,2025-12-23,BOURBON OFFSHORE ASIA PTE LTD,7667600,USD
"2024",MPP-TH-24-00230,MPP-TH-24-00230/G3-65,"2024.0742","Contract Amendment 2 Provision of One (1) 80-130 Ton Bollard Pull AHTS to Support Development Drilling for G2/61, G1/65, G3/65 and Other Assets",2024-06-16,2025-12-23,BOURBON OFFSHORE ASIA PTE LTD,7667600.00000,USD,7667600.00000,268366000.00000,2499657.00000,USD,2499657.00000,83738509.50000,1150000.00000,1150000.00000,38525000.00000,1150000.00000,38525000.00000,"2024.0742.2","Contract Amendment 2 Provision of One (1) 80-130 Ton Bollard Pull AHTS to Support Development Drilling for G2/61, G1/65, G3/65 and Other Assets",Live,2024-06-16 00:00:00.000,2025-12-23 00:00:00.000,7667600,USD,"2024.0742","Contract Amendment 2 Provision of One (1) 80-130 Ton Bollard Pull AHTS to Support Development Drilling for G2/61, G1/65, G3/65 and Other Assets",2024-06-16,2025-12-23,BOURBON OFFSHORE ASIA PTE LTD,7667600,USD
"2024",MPP-TH-24-00230,MPP-TH-24-00230/G3-65,"2024.0863","Contract Amendment 2 Provision of One (1) 80-130 Ton Bollard Pull AHTS to Support Development Drilling for G2/61, G1/65, G3/65 and Other Assets",2024-06-16,2025-12-23,BRITOIL OFFSHORE (SINGAPORE) PTE. LTD.,9957610.00000,USD,9957610.00000,348516350.00000,2499657.00000,USD,2499657.00000,83738509.50000,1150000.00000,1150000.00000,38525000.00000,1150000.00000,38525000.00000,"2024.0863.0","Provision of One (1) 80-130 Ton Bollard Pull AHTS to Support Development Drilling for G2/61,",Live,2024-06-16 00:00:00.000,2025-12-23 00:00:00.000,9051600,USD,"2024.0863","Contract Amendment 2 Provision of One (1) 80-130 Ton Bollard Pull AHTS to Support Development Drilling for G2/61, G1/65, G3/65 and Other Assets",2024-06-16,2026-04-10,BRITOIL OFFSHORE (SINGAPORE) PTE. LTD.,9957610,USD
"2024",MPP-TH-24-00232,MPP-TH-24-00232/Non-PSC,"2024.0700",Provision of One (1) Crew boat to Support Production Arthit (2 years),,,UNIWISE OFFSHORE LTD.,2356000.00000,USD,2356000.00000,81017185.60000,2356000.00000,USD,2356000.00000,81017185.60000,2356000.00000,2356000.00000,81017185.60000,2356000.00000,81017185.60000,"2024.0700.0",Provision of One (1) Crew boat to Support Production Arthit (2 years),Live,2024-04-06 00:00:00.000,2026-04-05 00:00:00.000,2283000,USD,"2024.0700",Provision of One (1) Crew boat to Support Production Arthit (2 years),2024-04-06,2026-04-05,UNIWISE OFFSHORE LTD.,2283000,USD
"2024",MPP-TH-24-00233,MPP-TH-24-00233/Non-PSC,"2024.0736",Provision of Manpower Services for Onshore Well Operations (Call-Off),,,Connect Energy (Thailand) Company Limited,417651700.00000,USD,417651700.00000,417651700.00000,417651700.00000,USD,417651700.00000,417651700.00000,417651700.00000,417651700.00000,417651700.00000,417651700.00000,417651700.00000,"2024.0736.1",Provision of Manpower Services for Onshore Well Operations (Call-Off),Live,2024-06-01 00:00:00.000,2027-08-31 00:00:00.000,401100000,THB,"2024.0736",Provision of Manpower Services for Onshore Well Operations (Call-Off),2024-06-01,2027-08-31,CONNECT ENERGY (THAILAND) COMPANY LIMITED,401100000,THB
"2024",MPP-TH-24-00250,MPP-TH-24-00250/G1-61,"2024.0071",Amendment of 2024.0071.0,2024-10-01,2026-09-30,HALLIBURTON ENERGY SERVICES INC.,3604146.00000,USD,3604146.00000,126145110.00000,2100000.00000,USD,2100000.00000,70350000.00000,1200000.00000,1200000.00000,40200000.00000,1200000.00000,40200000.00000,"2024.0071.1",Amendment of 2024.0071.0,Live,2024-10-01 00:00:00.000,2026-09-30 00:00:00.000,3604146,USD,"2024.0071",Amendment of 2024.0071.0,2024-10-01,2026-09-30,HALLIBURTON ENERGY SERVICES INC.,3604146,USD
"2024",MPP-TH-24-00250,MPP-TH-24-00250/G1-61,"2024.0072",Supply of Cementing Accessories for Casing Equipment for Offshore Assets (Package G) (Call-off),2024-10-01,2026-09-30,OMS OILFIELD SERVICES (THAILAND) LTD.,29210.00000,USD,29210.00000,1022350.00000,30000.00000,USD,30000.00000,1005000.00000,1200000.00000,1200000.00000,40200000.00000,1200000.00000,40200000.00000,"2024.0072.0",Supply of Cementing Accessories for Casing Equipment for Offshore Assets (Package G) (Call-off),Live,2024-10-01 00:00:00.000,2026-09-30 00:00:00.000,29210,USD,"2024.0072",Supply of Cementing Accessories for Casing Equipment for Offshore Assets (Package G) (Call-off),2024-10-01,2026-09-30,OMS OILFIELD SERVICES (THAILAND) LTD.,29210,USD
"2024",MPP-TH-24-00250,MPP-TH-24-00250/G1-61,"2024.0709","Supply of Cementing Accessories for Casing Equipment for Offshore Assets (Package A, B, F) (Call-off)",2024-10-01,2026-09-30,ENEROIL OFFSHORE DRILLING LIMITED.,2263240.00000,USD,2263240.00000,79213400.00000,1200000.00000,USD,1200000.00000,40200000.00000,1200000.00000,1200000.00000,40200000.00000,1200000.00000,40200000.00000,"2024.0709.0","Supply of Cementing Accessories for Casing Equipment for Offshore Assets (Package A, B, F) (Call-off)",Live,2024-10-01 00:00:00.000,2026-09-30 00:00:00.000,2263240,USD,"2024.0709","Supply of Cementing Accessories for Casing Equipment for Offshore Assets (Package A, B, F) (Call-off)",2024-10-01,2026-09-30,ENEROIL OFFSHORE DRILLING LIMITED.,2263240,USD
"2024",MPP-TH-24-00250,MPP-TH-24-00250/G2-61,"2024.0071",Amendment of 2024.0071.0,2024-10-01,2026-09-30,HALLIBURTON ENERGY SERVICES INC.,3604146.00000,USD,3604146.00000,126145110.00000,920000.00000,USD,920000.00000,30820000.00000,660000.00000,660000.00000,22110000.00000,660000.00000,22110000.00000,"2024.0071.1",Amendment of 2024.0071.0,Live,2024-10-01 00:00:00.000,2026-09-30 00:00:00.000,3604146,USD,"2024.0071",Amendment of 2024.0071.0,2024-10-01,2026-09-30,HALLIBURTON ENERGY SERVICES INC.,3604146,USD
"2024",MPP-TH-24-00250,MPP-TH-24-00250/G2-61,"2024.0072",Supply of Cementing Accessories for Casing Equipment for Offshore Assets (Package G) (Call-off),2024-10-01,2026-09-30,OMS OILFIELD SERVICES (THAILAND) LTD.,29210.00000,USD,29210.00000,1022350.00000,22000.00000,USD,22000.00000,737000.00000,660000.00000,660000.00000,22110000.00000,660000.00000,22110000.00000,"2024.0072.0",Supply of Cementing Accessories for Casing Equipment for Offshore Assets (Package G) (Call-off),Live,2024-10-01 00:00:00.000,2026-09-30 00:00:00.000,29210,USD,"2024.0072",Supply of Cementing Accessories for Casing Equipment for Offshore Assets (Package G) (Call-off),2024-10-01,2026-09-30,OMS OILFIELD SERVICES (THAILAND) LTD.,29210,USD
"2024",MPP-TH-24-00250,MPP-TH-24-00250/G2-61,"2024.0709","Supply of Cementing Accessories for Casing Equipment for Offshore Assets (Package A, B, F) (Call-off)",2024-10-01,2026-09-30,ENEROIL OFFSHORE DRILLING LIMITED.,2263240.00000,USD,2263240.00000,79213400.00000,660000.00000,USD,660000.00000,22110000.00000,660000.00000,660000.00000,22110000.00000,660000.00000,22110000.00000,"2024.0709.0","Supply of Cementing Accessories for Casing Equipment for Offshore Assets (Package A, B, F) (Call-off)",Live,2024-10-01 00:00:00.000,2026-09-30 00:00:00.000,2263240,USD,"2024.0709","Supply of Cementing Accessories for Casing Equipment for Offshore Assets (Package A, B, F) (Call-off)",2024-10-01,2026-09-30,ENEROIL OFFSHORE DRILLING LIMITED.,2263240,USD
"2024",MPP-TH-24-00251,MPP-TH-24-00251/G1-61,"2024.0749",Supply of Offshore Cementing Accessories for Tubing Float Equipment (high temperature) ​,2024-08-20,2026-08-19,HALLIBURTON ENERGY SERVICES INC.,3748628.13000,USD,3748628.13000,131201984.55000,2190000.00000,USD,2190000.00000,73365000.00000,2190000.00000,2190000.00000,73365000.00000,2190000.00000,73365000.00000,"2024.0749.0",Supply of Offshore Cementing Accessories for Tubing Float Equipment (high temperature) ​,Live,2024-08-20 00:00:00.000,2026-08-19 00:00:00.000,3748628.13,USD,"2024.0749",Supply of Offshore Cementing Accessories for Tubing Float Equipment (high temperature) ​,2024-08-20,2026-08-19,HALLIBURTON ENERGY SERVICES INC.,3748628.13,USD
"2024",MPP-TH-24-00251,MPP-TH-24-00251/G2-61,"2024.0749",Supply of Offshore Cementing Accessories for Tubing Float Equipment (high temperature) ​,2024-08-20,2026-08-19,HALLIBURTON ENERGY SERVICES INC.,3748628.13000,USD,3748628.13000,131201984.55000,950000.00000,USD,950000.00000,31825000.00000,950000.00000,950000.00000,31825000.00000,950000.00000,31825000.00000,"2024.0749.0",Supply of Offshore Cementing Accessories for Tubing Float Equipment (high temperature) ​,Live,2024-08-20 00:00:00.000,2026-08-19 00:00:00.000,3748628.13,USD,"2024.0749",Supply of Offshore Cementing Accessories for Tubing Float Equipment (high temperature) ​,2024-08-20,2026-08-19,HALLIBURTON ENERGY SERVICES INC.,3748628.13,USD
"2024",MPP-TH-24-00255,MPP-TH-24-00255/G1-65,"2024.0768",Provision of Supply Base Services at Songkhla for G1/65,2024-10-01,2027-03-31,PTTEP INTERNATIONAL LIMITED,11110000.00000,THB,317428.57143,11110000.00000,330000.00000,USD,330000.00000,11055000.00000,330000.00000,330000.00000,11055000.00000,330000.00000,11055000.00000,"2024.0768.0",Provision of Supply Base Services at Songkhla for G1/65,Live,2024-10-01 00:00:00.000,2027-03-31 00:00:00.000,11110000,THB,"2024.0768",Provision of Supply Base Services at Songkhla for G1/65,2024-10-01,2027-03-31,PTTEP INTERNATIONAL LIMITED,11110000,THB
"2024",MPP-TH-24-00255,MPP-TH-24-00255/G3-65,"2024.0769",Provision of Supply Base Services at Songkhla for G3/65,2024-10-01,2027-03-31,PTTEP INTERNATIONAL LIMITED,9300000.00000,THB,265714.28571,9300000.00000,280000.00000,USD,280000.00000,9380000.00000,280000.00000,280000.00000,9380000.00000,280000.00000,9380000.00000,"2024.0769.2",Provision of Supply Base Services at Songkhla for G3/65,Live,2024-10-01 00:00:00.000,2027-03-31 00:00:00.000,9300000,THB,"2024.0769",Provision of Supply Base Services at Songkhla for G3/65,2024-10-01,2027-03-31,PTTEP INTERNATIONAL LIMITED,9300000,THB
"2024",MPP-TH-24-00258,MPP-TH-24-00258/G1-65,"2023.0324","Provision of DD, MWD, LWD and RSS Services for Rig15 (Call-off)",2023-11-01,2025-12-31,"WEATHERFORD KSP CO., LTD.",13255608.00000,USD,13255608.00000,463946280.00000,1352302.00000,USD,1352302.00000,45302117.00000,1352302.00000,1352302.00000,45302117.00000,1352302.00000,45302117.00000,"2023.0324.3","Amendment 2 - Provision of DD, MWD, LWD and RSS Services for Rig15 (Call-off)",Live,2023-11-01 00:00:00.000,2026-03-31 00:00:00.000,14644529,USD,"2023.0324","Amendment 2 - Provision of DD, MWD, LWD and RSS Services for Rig15 (Call-off)",2023-11-01,2026-03-31,"WEATHERFORD KSP CO., LTD.",14644529,USD
"2024",MPP-TH-24-00258,MPP-TH-24-00258/G3-65,"2023.0324","Provision of DD, MWD, LWD and RSS Services for Rig15 (Call-off)",2023-11-01,2025-12-31,"WEATHERFORD KSP CO., LTD.",13255608.00000,USD,13255608.00000,463946280.00000,1790541.00000,USD,1790541.00000,59983123.50000,1790000.00000,1790000.00000,59965000.00000,1790000.00000,59965000.00000,"2023.0324.3","Amendment 2 - Provision of DD, MWD, LWD and RSS Services for Rig15 (Call-off)",Live,2023-11-01 00:00:00.000,2026-03-31 00:00:00.000,14644529,USD,"2023.0324","Amendment 2 - Provision of DD, MWD, LWD and RSS Services for Rig15 (Call-off)",2023-11-01,2026-03-31,"WEATHERFORD KSP CO., LTD.",14644529,USD
"2024",MPP-TH-24-00264,MPP-TH-24-00264/G1-61,"2024.0809",Provision of Offshore Portable Crane Call-Off Services for G1/61,2024-11-05,2028-02-04,THUNDER CRANES (THAILAND) COMPANY LIMITED,3180375.00000,USD,3180375.00000,111313125.00000,3180000.00000,USD,3180000.00000,106530000.00000,3180000.00000,3180000.00000,106530000.00000,3180000.00000,106530000.00000,"2024.0809.0",Provision of Offshore Portable Crane Call-Off Services for G1/61,Live,2024-11-05 00:00:00.000,2028-02-04 00:00:00.000,3180375,USD,"2024.0809",Provision of Offshore Portable Crane Call-Off Services for G1/61,2024-11-05,2028-02-04,THUNDER CRANES (THAILAND) COMPANY LIMITED,3180375,USD
"2024",MPP-TH-24-00274,MPP-TH-24-00274/G1-61,"2024.0785",Provision of Offshore 26” Splitter Conductor Running Service (Call-Off),2024-07-01,2027-09-30,EEST ENERGY SERVICES (THAILAND) LIMITED,521450.00000,USD,521450.00000,18250750.00000,463550.00000,USD,463550.00000,15528925.00000,463550.00000,463550.00000,15528925.00000,463550.00000,15528925.00000,"2024.0785.0",Provision of Offshore 26” Splitter Conductor Running Service (Call-Off),Live,2024-07-01 00:00:00.000,2027-09-30 00:00:00.000,521450,USD,"2024.0785",Provision of Offshore 26” Splitter Conductor Running Service (Call-Off),2024-07-01,2027-09-30,EEST ENERGY SERVICES (THAILAND) LIMITED,521450,USD
"2024",MPP-TH-24-00282,MPP-TH-24-00282/G1-65,"2024.0812",Provision of Drill Pipe Rental Services for Rig 15 (Call-off),2024-06-01,2026-03-31,WORKSTRINGS INTERNATIONAL (SINGAPORE) PTE LTD,3987822.00000,USD,3987822.00000,139573770.00000,680597.00000,USD,680597.00000,22799999.50000,680000.00000,680000.00000,22780000.00000,680000.00000,22780000.00000,"2024.0812.0",Provision of Drill Pipe Rental Services for Rig#15 (Call-off),Live,2024-06-01 00:00:00.000,2026-03-31 00:00:00.000,3987822,USD,"2024.0812",Provision of Drill Pipe Rental Services for Rig 15 (Call-off),2024-06-01,2026-03-31,WORKSTRINGS INTERNATIONAL (SINGAPORE) PTE LTD,3987822,USD
"2024",MPP-TH-24-00282,MPP-TH-24-00282/G2-61,"2024.0812",Provision of Drill Pipe Rental Services for Rig 15 (Call-off),2024-06-01,2026-03-31,WORKSTRINGS INTERNATIONAL (SINGAPORE) PTE LTD,3987822.00000,USD,3987822.00000,139573770.00000,2722390.00000,USD,2722390.00000,91200065.00000,2720000.00000,2720000.00000,91120000.00000,2720000.00000,91120000.00000,"2024.0812.0",Provision of Drill Pipe Rental Services for Rig#15 (Call-off),Live,2024-06-01 00:00:00.000,2026-03-31 00:00:00.000,3987822,USD,"2024.0812",Provision of Drill Pipe Rental Services for Rig 15 (Call-off),2024-06-01,2026-03-31,WORKSTRINGS INTERNATIONAL (SINGAPORE) PTE LTD,3987822,USD
"2024",MPP-TH-24-00282,MPP-TH-24-00282/G3-65,"2024.0812",Provision of Drill Pipe Rental Services for Rig 15 (Call-off),2024-06-01,2026-03-31,WORKSTRINGS INTERNATIONAL (SINGAPORE) PTE LTD,3987822.00000,USD,3987822.00000,139573770.00000,584835.00000,USD,584835.00000,19591972.50000,580000.00000,580000.00000,19430000.00000,580000.00000,19430000.00000,"2024.0812.0",Provision of Drill Pipe Rental Services for Rig#15 (Call-off),Live,2024-06-01 00:00:00.000,2026-03-31 00:00:00.000,3987822,USD,"2024.0812",Provision of Drill Pipe Rental Services for Rig 15 (Call-off),2024-06-01,2026-03-31,WORKSTRINGS INTERNATIONAL (SINGAPORE) PTE LTD,3987822,USD
"2024",MPP-TH-24-00290,MPP-TH-24-00290/G1-61,"2024.0818",Provision of Offshore Wellhead Related Services for SPM Equipment in P&A Operations (Call-off),2024-10-01,2027-12-31,SPM OIL & GAS PC SINGAPORE PTE. LTD,,USD,,,2250000.00000,USD,2250000.00000,75375000.00000,2250000.00000,2250000.00000,75375000.00000,2250000.00000,75375000.00000,"2024.0818.0",Provision of Offshore Wellhead Related Services for SPM Equipment in P&A Operations (Call-off),Live,2024-10-01 00:00:00.000,2027-12-31 00:00:00.000,5683840,USD,"2024.0818",Provision of Offshore Wellhead Related Services for SPM Equipment in P&A Operations (Call-off),2024-10-01,2027-12-31,SPM OIL & GAS PC SINGAPORE PTE. LTD,5683840,USD
"2024",MPP-TH-24-00290,MPP-TH-24-00290/G2-61,"2024.0818",Provision of Offshore Wellhead Related Services for SPM Equipment in P&A Operations (Call-off),2024-10-01,2027-12-31,SPM OIL & GAS PC SINGAPORE PTE. LTD,,USD,,,887880.00000,USD,887880.00000,29743980.00000,887880.00000,887880.00000,29743980.00000,887880.00000,29743980.00000,"2024.0818.0",Provision of Offshore Wellhead Related Services for SPM Equipment in P&A Operations (Call-off),Live,2024-10-01 00:00:00.000,2027-12-31 00:00:00.000,5683840,USD,"2024.0818",Provision of Offshore Wellhead Related Services for SPM Equipment in P&A Operations (Call-off),2024-10-01,2027-12-31,SPM OIL & GAS PC SINGAPORE PTE. LTD,5683840,USD
"2024",MPP-TH-24-00294,MPP-TH-24-00294/G2-61,"2024.0839",Provision of 7” x 9-5/8” Liner Hanger Services (Call-off),2024-10-01,2026-01-31,BAKER HUGHES OPERATIONS (THAILAND) LIMITED,1041876.00000,USD,1041876.00000,36465660.00000,694584.00000,USD,694584.00000,23268564.00000,694584.00000,694584.00000,23268564.00000,694584.00000,23268564.00000,"2024.0839.0",Provision of 7” x 9-5/8” Liner Hanger Services (Call-off),Live,2024-10-01 00:00:00.000,2026-01-31 00:00:00.000,1041876,USD,"2024.0839",Provision of 7” x 9-5/8” Liner Hanger Services (Call-off),2024-10-01,2026-01-31,BAKER HUGHES OPERATIONS (THAILAND) LIMITED,1041876,USD
"2024",MPP-TH-24-00294,MPP-TH-24-00294/G3-65,"2024.0839",Provision of 7” x 9-5/8” Liner Hanger Services (Call-off),2024-10-01,2026-01-31,BAKER HUGHES OPERATIONS (THAILAND) LIMITED,1041876.00000,USD,1041876.00000,36465660.00000,347292.00000,USD,347292.00000,11634282.00000,347292.00000,347292.00000,11634282.00000,347292.00000,11634282.00000,"2024.0839.0",Provision of 7” x 9-5/8” Liner Hanger Services (Call-off),Live,2024-10-01 00:00:00.000,2026-01-31 00:00:00.000,1041876,USD,"2024.0839",Provision of 7” x 9-5/8” Liner Hanger Services (Call-off),2024-10-01,2026-01-31,BAKER HUGHES OPERATIONS (THAILAND) LIMITED,1041876,USD
"2024",MPP-TH-24-00295,MPP-TH-24-00295/Non-PSC,"2024.0856",Provision of Program Management Officer for S/4HANA Implementation,,,KPMG PHOOMCHAI BUSINESS ADVISORY LTD.,76500000.00000,USD,76500000.00000,76500000.00000,76500000.00000,USD,76500000.00000,76500000.00000,76500000.00000,76500000.00000,76500000.00000,76500000.00000,76500000.00000,"2024.0856.0",Provision of Program Management Officer for S/4HANA Implementation,Live,2024-10-01 00:00:00.000,2027-01-31 00:00:00.000,44950000,THB,"2024.0856",Provision of Program Management Officer for S/4HANA Implementation,2024-10-01,2027-01-31,KPMG PHOOMCHAI BUSINESS ADVISORY LTD.,44950000,THB
"2024",MPP-TH-24-00296,MPP-TH-24-00296/G1-61,"2024.0854","Supply of Nippleless Flow Control Devices, and Accessories",2025-02-17,2027-03-16,SCHLUMBERGER OVERSEAS S.A.,2670303.00000,USD,2670303.00000,93460605.00000,1281746.00000,USD,1281746.00000,42938491.00000,1281746.00000,1281746.00000,42938491.00000,1281746.00000,42938491.00000,"2024.0854.0","Supply of Nippleless Flow Control Devices, and Accessories",Live,2025-02-17 00:00:00.000,2027-03-16 00:00:00.000,2670303,USD,"2024.0854","Supply of Nippleless Flow Control Devices, and Accessories",2025-02-17,2027-03-16,SCHLUMBERGER OVERSEAS S.A.,2670303,USD
"2024",MPP-TH-24-00296,MPP-TH-24-00296/G2-61,"2024.0854","Supply of Nippleless Flow Control Devices, and Accessories",2025-02-17,2027-03-16,SCHLUMBERGER OVERSEAS S.A.,2670303.00000,USD,2670303.00000,93460605.00000,827794.00000,USD,827794.00000,27731099.00000,827794.00000,827794.00000,27731099.00000,827794.00000,27731099.00000,"2024.0854.0","Supply of Nippleless Flow Control Devices, and Accessories",Live,2025-02-17 00:00:00.000,2027-03-16 00:00:00.000,2670303,USD,"2024.0854","Supply of Nippleless Flow Control Devices, and Accessories",2025-02-17,2027-03-16,SCHLUMBERGER OVERSEAS S.A.,2670303,USD
"2024",MPP-TH-24-00306,MPP-TH-24-00306/Non-PSC,"2024.0850","Price Agreement for the Supply Electrical Power, Control and Earthing Cables (E3)",,,BLUE ENERGY SUPPLIES AND TECHNOLOGY COMPANY LIMITED,37100000.00000,USD,37100000.00000,37100000.00000,37100000.00000,USD,37100000.00000,37100000.00000,37100000.00000,37100000.00000,37100000.00000,37100000.00000,37100000.00000,"2024.0850.1","Price Agreement for the Supply Electrical Power, Control and Earthing Cables (E3)",Live,2024-08-15 00:00:00.000,2027-08-14 00:00:00.000,117347017,THB,"2024.0850","Price Agreement for the Supply Electrical Power, Control and Earthing Cables (E3)",2024-08-15,2027-08-14,BLUE ENERGY SUPPLIES AND TECHNOLOGY COMPANY LIMITED,117347017,THB
"2024",MPP-TH-24-00315,MPP-TH-24-00315/G1-61,"2024.0718",G1-61 ASSET INTEGRITY SUPERVISION SERVICES (CALL-OFF),2025-01-01,2026-03-07,"THAI NONDESTRUCTIVE TESTING PUBLIC CO., LTD.",26681676.00000,THB,762333.60000,26681676.00000,796467.00000,USD,796467.00000,26681644.50000,796467.00000,796467.00000,26681644.50000,796467.00000,26681644.50000,"2024.0718.0",G1-61 ASSET INTEGRITY SUPERVISION SERVICES (CALL-OFF),Live,2025-01-01 00:00:00.000,2026-03-07 00:00:00.000,26681676,THB,"2024.0718",G1-61 ASSET INTEGRITY SUPERVISION SERVICES (CALL-OFF),2025-01-01,2026-03-07,"THAI NONDESTRUCTIVE TESTING PUBLIC CO., LTD.",26681676,THB
"2024",MPP-TH-24-00319,MPP-TH-24-00319/G1-61,"2024.0843",Supply of Caterpillar’s Spare Parts,2025-06-01,2026-07-30,METRO MACHINERY COMPANY LIMITED,115560000.00000,THB,3301714.28571,115560000.00000,2271074.63000,USD,2271074.63000,76081000.10500,2271074.63000,2271074.63000,76081000.10500,2271074.63000,76081000.10500,"2024.0843.0",Supply of Caterpillar’s Spare Parts,Live,2025-07-01 00:00:00.000,2026-06-30 00:00:00.000,115560000,THB,"2024.0843",Supply of Caterpillar’s Spare Parts,2025-07-01,2026-06-30,METRO MACHINERY COMPANY LIMITED,115560000,THB
"2024",MPP-TH-24-00319,MPP-TH-24-00319/G2-61,"2024.0843",Supply of Caterpillar’s Spare Parts,2025-06-01,2026-07-30,METRO MACHINERY COMPANY LIMITED,115560000.00000,THB,3301714.28571,115560000.00000,763731.34000,USD,763731.34000,25584999.89000,763731.34328,763731.34328,25585000.00000,763731.34328,25585000.00000,"2024.0843.0",Supply of Caterpillar’s Spare Parts,Live,2025-07-01 00:00:00.000,2026-06-30 00:00:00.000,115560000,THB,"2024.0843",Supply of Caterpillar’s Spare Parts,2025-07-01,2026-06-30,METRO MACHINERY COMPANY LIMITED,115560000,THB
"2024",MPP-TH-24-00321,MPP-TH-24-00321/G2-61,"2024.0103",PROVISION OF 20” CONDUCTOR MUDLINE WHIPSTOCK FABRICATION AND 26” SPLITTER CONDUCTOR FABRICATION SERVICES (CALL-OFF),2024-11-01,2027-12-31,"EXPERTEAM CO., LTD.",83709257.90000,THB,2391693.08286,83709257.90000,461515.00000,USD,461515.00000,15460752.50000,461515.00000,461515.00000,15460752.50000,461515.00000,15460752.50000,"2024.0103.0",PROVISION OF 20” CONDUCTOR MUDLINE WHIPSTOCK FABRICATION AND 26” SPLITTER CONDUCTOR FABRICATION SERVICES (CALL-OFF),Live,2024-11-01 00:00:00.000,2027-12-31 00:00:00.000,83709257.9,THB,"2024.0103",PROVISION OF 20” CONDUCTOR MUDLINE WHIPSTOCK FABRICATION AND 26” SPLITTER CONDUCTOR FABRICATION SERVICES (CALL-OFF),2024-11-01,2027-12-31,"EXPERTEAM CO., LTD.",83709257.900000006,THB
"2024",MPP-TH-24-00321,MPP-TH-24-00321/G2-61,"2024.0869","2024.0869 (Internal Correction)",2024-11-01,2027-12-31,EEST ENERGY SERVICES (THAILAND) LIMITED,76348800.00000,THB,2181394.28571,76348800.00000,569767.00000,USD,569767.00000,19087194.50000,461515.00000,461515.00000,15460752.50000,461515.00000,15460752.50000,"2024.0869.1","2024.0869 (Internal Correction)",Live,2024-11-01 00:00:00.000,2027-12-31 00:00:00.000,76348800,THB,"2024.0869","2024.0869 (Internal Correction)",2024-11-01,2027-12-31,EEST ENERGY SERVICES (THAILAND) LIMITED,76348800,THB
"2024",MPP-TH-24-00324,MPP-TH-24-00324/Non-PSC,"2024.0027","Provision of Onshore DD, MWD, LWD, and RSS Services 2025-2026 (Call-Off)",,,SCHLUMBERGER OVERSEAS S.A.,8259000.00000,USD,8259000.00000,284722417.80000,8259000.00000,USD,8259000.00000,284722417.80000,8259000.00000,8259000.00000,284722417.80000,8259000.00000,284722417.80000,"2024.0027.0","Provision of Onshore DD, MWD, LWD, and RSS Services 2025-2026 (Call-Off)",Live,2025-01-01 00:00:00.000,2026-03-31 00:00:00.000,8302932.61,USD,"2024.0027","Provision of Onshore DD, MWD, LWD, and RSS Services 2025-2026 (Call-Off)",2025-01-01,2026-03-31,SCHLUMBERGER OVERSEAS S.A.,8302932.61,USD
"2024",MPP-TH-24-00325,MPP-TH-24-00325/G1-61,"2024.0025",SUPPLY OF LOCK MANDRELS AND ACCESSORIES (2-7/8” Sizing),2024-12-01,2026-11-30,"FK INTERNATIONAL CO., LTD.",1.00000,,,,120000.00000,USD,120000.00000,4020000.00000,130000.00000,130000.00000,4355000.00000,130000.00000,4355000.00000,"2024.0025.0",SUPPLY OF LOCK MANDRELS AND ACCESSORIES (2-7/8” Sizing),Live,2024-12-01 00:00:00.000,2026-11-30 00:00:00.000,183366,USD,"2024.0025",SUPPLY OF LOCK MANDRELS AND ACCESSORIES (2-7/8” Sizing),2024-12-01,2026-11-30,"FK INTERNATIONAL CO., LTD.",183366,USD
"2024",MPP-TH-24-00325,MPP-TH-24-00325/G1-61,"2024.0147",SUPPLY OF LOCK MANDRELS AND ACCESSORIES (3-1/2” and 4-1/2” Sizing),2024-12-01,2026-11-30,"ZHONGMAN PETROLEUM AND NATURAL GAS GROUP CORP., LTD.",202317.00000,USD,202317.00000,7081095.00000,130000.00000,USD,130000.00000,4355000.00000,130000.00000,130000.00000,4355000.00000,130000.00000,4355000.00000,"2024.0147.0",SUPPLY OF LOCK MANDRELS AND ACCESSORIES (3-1/2” and 4-1/2” Sizing),Live,2024-12-01 00:00:00.000,2026-11-30 00:00:00.000,202317,USD,"2024.0147",SUPPLY OF LOCK MANDRELS AND ACCESSORIES (3-1/2” and 4-1/2” Sizing),2024-12-01,2026-11-30,"ZHONGMAN PETROLEUM AND NATURAL GAS GROUP CORP., LTD.",202317,USD
"2024",MPP-TH-24-00326,MPP-TH-24-00326/G2-61,"2025.0378",Provision of Onshore Construction and Modification Call-Off Services,2025-04-01,2028-04-30,"AVP (THAILAND) CO., LTD.",32518871.50000,THB,929110.61429,32518871.50000,970000.00000,USD,970000.00000,32495000.00000,970000.00000,970000.00000,32495000.00000,970000.00000,32495000.00000,"2025.0378.0",Provision of Onshore Construction and Modification Call-Off Services,Live,2025-05-01 00:00:00.000,2028-04-30 00:00:00.000,32518871.5,THB,"2025.0378",Provision of Onshore Construction and Modification Call-Off Services,2025-05-01,2028-04-30,"AVP (THAILAND) CO., LTD.",32518871.5,THB
"2024",MPP-TH-24-00326,MPP-TH-24-00326/G2-61,"2025.0535",Provision of Onshore Construction and Modification Call-Off Services,2025-05-01,2028-04-30,UNITHAI SHIPYARD AND ENGINEERING LTD.,32518871.50000,THB,929110.61429,32518871.50000,970000.00000,USD,970000.00000,32495000.00000,970000.00000,970000.00000,32495000.00000,970000.00000,32495000.00000,"2025.0535.0",Provision of Onshore Construction and Modification Call-Off Services,Live,2025-05-01 00:00:00.000,2028-04-30 00:00:00.000,32518871.5,THB,"2025.0535",Provision of Onshore Construction and Modification Call-Off Services,2025-05-01,2028-04-30,UNITHAI SHIPYARD AND ENGINEERING LTD.,32518871.5,THB
"2024",MPP-TH-24-00326,MPP-TH-24-00326/G2-61,"2025.0537",Provision of Onshore Construction and Modification Call-Off Services,2025-04-30,2028-04-30,"CES. ENGINEERING & MAINTENANCE SERVICES CO., LTD.",32518871.50000,THB,929110.61429,32518871.50000,970000.00000,USD,970000.00000,32495000.00000,970000.00000,970000.00000,32495000.00000,970000.00000,32495000.00000,"2025.0537.0",Provision of Onshore Construction and Modification Call-Off Services,Live,2025-04-30 00:00:00.000,2028-04-30 00:00:00.000,32518871.5,THB,"2025.0537",Provision of Onshore Construction and Modification Call-Off Services,2025-04-30,2028-04-30,"CES. ENGINEERING & MAINTENANCE SERVICES CO., LTD.",32518871.5,THB
"2024",MPP-TH-24-00328,MPP-TH-24-00328/Non-PSC,"2024.0042",Provision of Onshore Drilling Rig for 2025 - 2026 Campaign (GW158),,,GREATWALL DRILLING COMPANY (THAILAND) LIMITED,7914000.00000,USD,7914000.00000,270403177.80000,7914000.00000,USD,7914000.00000,270403177.80000,7914000.00000,7914000.00000,270403177.80000,7914000.00000,270403177.80000,"2024.0042.2",Provision of Onshore Drilling Rig for 2025 - 2026 Campaign (GW158),Live,2024-10-01 00:00:00.000,2027-03-31 00:00:00.000,11345091,USD,"2024.0042",Provision of Onshore Drilling Rig for 2025 - 2026 Campaign (GW158),2024-10-01,2027-03-31,GREATWALL DRILLING COMPANY (THAILAND) LIMITED,11345091,USD
"2024",MPP-TH-24-00329,MPP-TH-24-00329/Non-PSC,"2024.0041",Provision of Onshore Integrated Drilling Contract for 2025-2026 Drilling Campaign,2025-02-17,2026-02-16,GREATWALL DRILLING COMPANY (THAILAND) LIMITED,7742000.00000,USD,7742000.00000,266228799.20000,18625400.00000,USD,18625400.00000,636387079.58000,18625400.00000,18625400.00000,636387079.58000,18625400.00000,636387079.58000,"2024.0041.2",Amendment 2 of Provision of Onshore Integrated Drilling Contract for 2025-2026 Drilling Campaign,Live,2025-02-17 00:00:00.000,2026-02-16 00:00:00.000,18764334,USD,"2024.0041",Amendment 2 of Provision of Onshore Integrated Drilling Contract for 2025-2026 Drilling Campaign,2025-02-17,2026-02-16,GREATWALL DRILLING COMPANY (THAILAND) LIMITED,18764334,USD
"2024",MPP-TH-24-00334,MPP-TH-24-00334/Non-PSC,"2024.0040",Provision of OCTG Management Services for S1,,,ONSHORE SERVICES AND SUPPLY LIMITED PARTNERSHIP,74900000.00000,USD,74900000.00000,74900000.00000,74900000.00000,USD,74900000.00000,74900000.00000,74900000.00000,74900000.00000,74900000.00000,74900000.00000,74900000.00000,"2024.0040.1",Provision of OCTG Management Services for S1,Live,2024-12-01 00:00:00.000,2027-12-31 00:00:00.000,53499685,THB,"2024.0040",Provision of OCTG Management Services for S1,2024-12-01,2027-12-31,ONSHORE SERVICES AND SUPPLY LIMITED PARTNERSHIP,53499685,THB
"2024",MPP-TH-24-00335,MPP-TH-24-00335/G2-61,"2024.0038",Provision of Mud Cooler Services (Rig 8: T-15),2024-08-28,2026-04-28,NATIONAL OILWELL VARCO (THAILAND) LTD.,584750.00000,USD,584750.00000,20466250.00000,580000.00000,USD,580000.00000,19430000.00000,580000.00000,580000.00000,19430000.00000,580000.00000,19430000.00000,"2024.0038.0",Provision of Mud Cooler Services (Rig#8: T-15),Live,2024-08-28 00:00:00.000,2026-04-28 00:00:00.000,584750,USD,"2024.0038",Provision of Mud Cooler Services (Rig 8: T-15),2024-08-28,2026-04-28,NATIONAL OILWELL VARCO (THAILAND) LTD.,584750,USD
"2024",MPP-TH-24-00337,MPP-TH-24-00337/G2-61,"2024.0115",Supply of Needle Valve for Well Hook Up Projects,2024-11-01,2027-10-31,"T7 SOLUTIONS SERVICES (THAILAND) CO.,LTD",13473960.00000,THB,384970.28571,13473960.00000,400000.00000,USD,400000.00000,13400000.00000,400000.00000,400000.00000,13400000.00000,400000.00000,13400000.00000,"2024.0115.0",Supply of Needle Valve for Well Hook Up Projects,Live,2024-11-01 00:00:00.000,2027-10-31 00:00:00.000,13473960,THB,"2024.0115",Supply of Needle Valve for Well Hook Up Projects,2024-11-01,2027-10-31,"T7 SOLUTIONS SERVICES (THAILAND) CO.,LTD",13473960,THB
"2024",MPP-TH-24-00341,MPP-TH-24-00341/G1-61,"2024.0168",Provision of PAGA System Upgrade and Replacement,2024-12-23,2027-12-22,EXION THAILAND COMPANY LIMITED.,74880000.00000,THB,2139428.57143,74880000.00000,450000.00000,USD,450000.00000,15075000.00000,450000.00000,450000.00000,15075000.00000,450000.00000,15075000.00000,"2024.0168.0",Provision of PAGA System Upgrade and Replacement,Live,2024-12-23 00:00:00.000,2027-12-22 00:00:00.000,74880000,THB,"2024.0168",Provision of PAGA System Upgrade and Replacement,2024-12-23,2027-12-22,EXION THAILAND COMPANY LIMITED.,74880000,THB
"2024",MPP-TH-24-00341,MPP-TH-24-00341/G2-61,"2024.0168",Provision of PAGA System Upgrade and Replacement,2024-12-23,2027-12-22,EXION THAILAND COMPANY LIMITED.,74880000.00000,THB,2139428.57143,74880000.00000,1450000.00000,USD,1450000.00000,48575000.00000,1450000.00000,1450000.00000,48575000.00000,1450000.00000,48575000.00000,"2024.0168.0",Provision of PAGA System Upgrade and Replacement,Live,2024-12-23 00:00:00.000,2027-12-22 00:00:00.000,74880000,THB,"2024.0168",Provision of PAGA System Upgrade and Replacement,2024-12-23,2027-12-22,EXION THAILAND COMPANY LIMITED.,74880000,THB
"2024",MPP-TH-24-00343,MPP-TH-24-00343/G1-61,"2024.0088",Provision of One (1) Accommodation Work Barge to Support Offshore Activities,2024-11-16,2026-09-30,"SC MANAGEMENT CO., LTD.",15928000.00000,USD,15928000.00000,557480000.00000,6070000.00000,USD,6070000.00000,203345000.00000,6070000.00000,6070000.00000,203345000.00000,6070000.00000,203345000.00000,"2024.0088.1",Provision of One (1) Accommodation Work Barge to Support Offshore Activities,Live,2024-11-16 00:00:00.000,2026-09-30 00:00:00.000,15928000,USD,"2024.0088",Provision of One (1) Accommodation Work Barge to Support Offshore Activities,2024-11-16,2026-09-30,"SC MANAGEMENT CO., LTD.",15928000,USD
"2024",MPP-TH-24-00345,MPP-TH-24-00345/G1-61,"2024.0185",Amendment 1 of 2024.0185,2025-02-06,2028-02-05,PETRO-INSTRUMENTS CORP. LTD.,43996332.60000,THB,1257038.07429,43996332.60000,450000.00000,USD,450000.00000,15075000.00000,450000.00000,450000.00000,15075000.00000,450000.00000,15075000.00000,"2024.0185.1",Amendment 1 of 2024.0185,Live,2025-02-06 00:00:00.000,2028-02-05 00:00:00.000,43996332.6,THB,"2024.0185",Amendment 1 of 2024.0185,2025-02-06,2028-02-05,PETRO-INSTRUMENTS CORP. LTD.,43996332.600000001,THB
"2024",MPP-TH-24-00345,MPP-TH-24-00345/G2-61,"2024.0185",Amendment 1 of 2024.0185,2025-02-06,2028-02-05,PETRO-INSTRUMENTS CORP. LTD.,43996332.60000,THB,1257038.07429,43996332.60000,170000.00000,USD,170000.00000,5695000.00000,170000.00000,170000.00000,5695000.00000,170000.00000,5695000.00000,"2024.0185.1",Amendment 1 of 2024.0185,Live,2025-02-06 00:00:00.000,2028-02-05 00:00:00.000,43996332.6,THB,"2024.0185",Amendment 1 of 2024.0185,2025-02-06,2028-02-05,PETRO-INSTRUMENTS CORP. LTD.,43996332.600000001,THB
"2024",MPP-TH-24-00348,MPP-TH-24-00348/G1-61,"2024.0261",Provision of Mooring Master and Assistant Mooring Master Services,2025-03-03,2030-04-02,"TRIPLE SEA MARINE SERVICE CO., LTD.",6071850.00000,USD,6071850.00000,212514750.00000,2520000.00000,USD,2520000.00000,84420000.00000,2560000.00000,2560000.00000,85760000.00000,2560000.00000,85760000.00000,"2024.0261.0",Provision of Mooring Master and Assistant Mooring Master Services,Live,2025-03-03 00:00:00.000,2030-03-31 00:00:00.000,6071850,USD,"2024.0261",Provision of Mooring Master and Assistant Mooring Master Services,2025-03-03,2030-03-31,"TRIPLE SEA MARINE SERVICE CO., LTD.",6071850,USD
"2024",MPP-TH-24-00348,MPP-TH-24-00348/G2-61,"2024.0261",Provision of Mooring Master and Assistant Mooring Master Services,2025-03-03,2030-04-02,"TRIPLE SEA MARINE SERVICE CO., LTD.",6071850.00000,USD,6071850.00000,212514750.00000,3560000.00000,USD,3560000.00000,119260000.00000,3560000.00000,3560000.00000,119260000.00000,3560000.00000,119260000.00000,"2024.0261.0",Provision of Mooring Master and Assistant Mooring Master Services,Live,2025-03-03 00:00:00.000,2030-03-31 00:00:00.000,6071850,USD,"2024.0261",Provision of Mooring Master and Assistant Mooring Master Services,2025-03-03,2030-03-31,"TRIPLE SEA MARINE SERVICE CO., LTD.",6071850,USD
"2024",MPP-TH-24-00350,MPP-TH-24-00350/Non-PSC,"2024.0114",SUPPLY OF CARGO CARRYING UNIT (CCU) FOR PSB SONGKHLA (TYPE NO. 1),,,OEG ASIA PACIFIC PTE LTD,116000000.00000,USD,116000000.00000,116000000.00000,116000000.00000,USD,116000000.00000,116000000.00000,116000000.00000,116000000.00000,116000000.00000,116000000.00000,116000000.00000,"2024.0114.0",SUPPLY OF CARGO CARRYING UNIT (CCU) FOR PSB SONGKHLA (TYPE NO. 1),Live,2024-12-16 00:00:00.000,2026-03-31 00:00:00.000,14248800,THB,"2024.0114",SUPPLY OF CARGO CARRYING UNIT (CCU) FOR PSB SONGKHLA (TYPE NO. 1),2024-12-16,2026-03-31,OEG ASIA PACIFIC PTE LTD,14248800,THB
"2024",MPP-TH-24-00350,MPP-TH-24-00350/Non-PSC,"2024.0299",SUPPLY OF CARGO CARRYING UNIT (CCU) FOR PSB SONGKHLA (TYPE NO. 2),,,"SK SHORESIDE SERVICES CO., LTD.",116000000.00000,USD,116000000.00000,116000000.00000,116000000.00000,USD,116000000.00000,116000000.00000,116000000.00000,116000000.00000,116000000.00000,116000000.00000,116000000.00000,"2024.0299.0",SUPPLY OF CARGO CARRYING UNIT (CCU) FOR PSB SONGKHLA (TYPE NO. 2),Live,2024-12-16 00:00:00.000,2026-03-31 00:00:00.000,17213000,THB,"2024.0299",SUPPLY OF CARGO CARRYING UNIT (CCU) FOR PSB SONGKHLA (TYPE NO. 2),2024-12-16,2026-03-31,"SK SHORESIDE SERVICES CO., LTD.",17213000,THB
"2024",MPP-TH-24-00350,MPP-TH-24-00350/Non-PSC,"2024.0300",SUPPLY OF CARGO CARRYING UNIT (CCU) FOR PSB SONGKHLA (TYPE NO. 3-5),,,UNITHAI SHIPYARD AND ENGINEERING LTD.,116000000.00000,USD,116000000.00000,116000000.00000,116000000.00000,USD,116000000.00000,116000000.00000,116000000.00000,116000000.00000,116000000.00000,116000000.00000,116000000.00000,"2024.0300.0",SUPPLY OF CARGO CARRYING UNIT (CCU) FOR PSB SONGKHLA (TYPE NO. 3-5),Live,2024-12-16 00:00:00.000,2026-03-31 00:00:00.000,32837563.98,THB,"2024.0300",SUPPLY OF CARGO CARRYING UNIT (CCU) FOR PSB SONGKHLA (TYPE NO. 3-5),2024-12-16,2026-03-31,UNITHAI SHIPYARD AND ENGINEERING LTD.,32837563.98,THB
"2024",MPP-TH-24-00350,MPP-TH-24-00350/Non-PSC,"2024.0301",SUPPLY OF CARGO CARRYING UNIT (CCU) FOR PSB SONGKHLA (TYPE NO. 6-9),,,THAI OIL TOOL MACHINERY SERVICES COMPANY LIMITED,116000000.00000,USD,116000000.00000,116000000.00000,116000000.00000,USD,116000000.00000,116000000.00000,116000000.00000,116000000.00000,116000000.00000,116000000.00000,116000000.00000,"2024.0301.1",SUPPLY OF CARGO CARRYING UNIT (CCU) FOR PSB SONGKHLA (TYPE NO. 6-9),Live,2024-12-16 00:00:00.000,2026-03-31 00:00:00.000,55790000,THB,"2024.0301",SUPPLY OF CARGO CARRYING UNIT (CCU) FOR PSB SONGKHLA (TYPE NO. 6-9),2024-12-16,2026-03-31,THAI OIL TOOL MACHINERY SERVICES COMPANY LIMITED,55790000,THB
"2024",MPP-TH-24-00351,MPP-TH-24-00351/G2-61,"2024.0203",Amendment 2 of Contract 2024.0203 for Provision of Supervisory Services to Support Drilling Operation,2024-11-25,2025-11-24,J.S.T. SERVICES COMPANY LIMITED,987245.70000,USD,987245.70000,34553599.50000,710000.00000,USD,710000.00000,23785000.00000,553335.42000,553335.42000,18536736.57000,553335.42000,18536736.57000,"2024.0203.3",Amendment 3 of Contract 2024.0203 for Provision of Supervisory Services to Support Drilling Operation,Live,2024-11-25 00:00:00.000,2026-01-31 00:00:00.000,987245.7,USD,"2024.0203",Amendment 3 of Contract 2024.0203 for Provision of Supervisory Services to Support Drilling Operation,2024-11-25,2026-01-31,J.S.T. SERVICES COMPANY LIMITED,987245.7,USD
"2024",MPP-TH-24-00352,MPP-TH-24-00352/Non-PSC,"2024.0077",PROVISION OF ONSHORE HYDRAULIC FRACTURING SERVICES 2025-2026 (CALL-OFF),,,SCHLUMBERGER OVERSEAS S.A.,19827320.00000,USD,19827320.00000,719888351.82800,19827320.00000,USD,19827320.00000,719888351.82800,19827320.00000,19827320.00000,719888351.82800,19827320.00000,719888351.82800,"2024.0077.1",PROVISION OF ONSHORE HYDRAULIC FRACTURING SERVICES 2025-2026 (CALL-OFF),Live,2024-11-15 00:00:00.000,2026-07-14 00:00:00.000,19663654,USD,"2024.0077",PROVISION OF ONSHORE HYDRAULIC FRACTURING SERVICES 2025-2026 (CALL-OFF),2024-11-15,2026-07-14,SCHLUMBERGER OVERSEAS S.A.,19663654,USD
"2024",MPP-TH-24-00357,MPP-TH-24-00357/Non-PSC,"2024.0093",Provision of Mud Logging Services for Onshore Operation,,,GREATWALL DRILLING COMPANY (THAILAND) LIMITED,2700000.00000,USD,2700000.00000,100506420.00000,2700000.00000,USD,2700000.00000,100506420.00000,2700000.00000,2700000.00000,100506420.00000,2700000.00000,100506420.00000,"2024.0093.0",Provision of Mud Logging Services for Onshore Operation,Live,2025-01-01 00:00:00.000,2027-01-31 00:00:00.000,1449000,USD,"2024.0093",Provision of Mud Logging Services for Onshore Operation,2025-01-01,2027-01-31,GREATWALL DRILLING COMPANY (THAILAND) LIMITED,1449000,USD
"2024",MPP-TH-24-00365,MPP-TH-24-00365/G1-61,"2025.0331","Offshore Crane Operation, Maintenance and Inspection Services for G1/61 and Non-G1/61",2025-10-01,2030-11-30,THUNDER OILFIELD SERVICES (THAILAND) LTD.,,USD,,,29900000.00000,USD,29900000.00000,1001650000.00000,29903880.59701,29903880.59701,1001780000.00000,29903880.59701,1001780000.00000,"2025.0331.0","Offshore Crane Operation, Maintenance and Inspection Services for G1/61 and Non-G1/61",Live,2025-10-01 00:00:00.000,2030-11-30 00:00:00.000,1067448600,THB,"2025.0331","Offshore Crane Operation, Maintenance and Inspection Services for G1/61 and Non-G1/61",2025-10-01,2030-11-30,THUNDER OILFIELD SERVICES (THAILAND) LTD.,1067448600,THB
"2024",MPP-TH-24-00365,MPP-TH-24-00365/Non-PSC,"2025.0331","Offshore Crane Operation, Maintenance and Inspection Services for G1/61 and Non-G1/61",2025-10-01,2030-11-30,THUNDER OILFIELD SERVICES (THAILAND) LTD.,,USD,,,1067448600.00000,THB,31864137.31343,1067448600.00000,,,,,,"2025.0331.0","Offshore Crane Operation, Maintenance and Inspection Services for G1/61 and Non-G1/61",Live,2025-10-01 00:00:00.000,2030-11-30 00:00:00.000,1067448600,THB,"2025.0331","Offshore Crane Operation, Maintenance and Inspection Services for G1/61 and Non-G1/61",2025-10-01,2030-11-30,THUNDER OILFIELD SERVICES (THAILAND) LTD.,1067448600,THB
"2024",MPP-TH-24-00367,MPP-TH-24-00367/G2-61,"2024.0283",Provision of PSV Upsizing for Booster Compressor Phase 1 and 3 for G2/61 and Arthit,2025-08-11,2027-08-10,THAI NIPPON STEEL ENGINEERING & CONSTRUCTION CORPORATION LTD,2730000.00000,USD,2730000.00000,91455000.00000,2730000.00000,USD,2730000.00000,91455000.00000,2730000.00000,2730000.00000,91455000.00000,2730000.00000,91455000.00000,"2024.0283.1",Provision of PSV Upsizing for Booster Compressor Phase 1 and 3 for G2/61 and Arthit,Live,2025-08-11 00:00:00.000,2027-08-10 00:00:00.000,91404000,THB,"2024.0283",Provision of PSV Upsizing for Booster Compressor Phase 1 and 3 for G2/61 and Arthit,2025-08-11,2027-08-10,THAI NIPPON STEEL ENGINEERING & CONSTRUCTION CORPORATION LTD,91404000,THB
"2024",MPP-TH-24-00367,MPP-TH-24-00367/Non-PSC,"2024.0283",Provision of PSV Upsizing for Booster Compressor Phase 1 and 3 for G2/61 and Arthit,2025-08-11,2027-08-10,THAI NIPPON STEEL ENGINEERING & CONSTRUCTION CORPORATION LTD,2730000.00000,USD,2730000.00000,91455000.00000,91404000.00000,THB,2728477.61194,91404000.00000,,,,,,"2024.0283.1",Provision of PSV Upsizing for Booster Compressor Phase 1 and 3 for G2/61 and Arthit,Live,2025-08-11 00:00:00.000,2027-08-10 00:00:00.000,91404000,THB,"2024.0283",Provision of PSV Upsizing for Booster Compressor Phase 1 and 3 for G2/61 and Arthit,2025-08-11,2027-08-10,THAI NIPPON STEEL ENGINEERING & CONSTRUCTION CORPORATION LTD,91404000,THB
"2024",MPP-TH-24-00372,MPP-TH-24-00372/G1-61,"2024.0138",Supply of Cementing accessories (Casing centralizer) for Offshore Assets,2025-03-01,2026-07-31,ENEROIL OFFSHORE DRILLING LIMITED.,2738460.94000,USD,2738460.94000,95846132.90000,800000.00000,USD,800000.00000,26800000.00000,800000.00000,800000.00000,26800000.00000,800000.00000,26800000.00000,"2024.0138.0",Supply of Cementing accessories (Casing centralizer) for Offshore Assets,Live,2025-03-01 00:00:00.000,2026-07-31 00:00:00.000,2738460.94,USD,"2024.0138",Supply of Cementing accessories (Casing centralizer) for Offshore Assets,2025-03-01,2026-07-31,ENEROIL OFFSHORE DRILLING LIMITED.,2738460.94,USD
"2024",MPP-TH-24-00372,MPP-TH-24-00372/G2-61,"2024.0138",Supply of Cementing accessories (Casing centralizer) for Offshore Assets,2025-03-01,2026-07-31,ENEROIL OFFSHORE DRILLING LIMITED.,2738460.94000,USD,2738460.94000,95846132.90000,1210000.00000,USD,1210000.00000,40535000.00000,1210000.00000,1210000.00000,40535000.00000,1210000.00000,40535000.00000,"2024.0138.0",Supply of Cementing accessories (Casing centralizer) for Offshore Assets,Live,2025-03-01 00:00:00.000,2026-07-31 00:00:00.000,2738460.94,USD,"2024.0138",Supply of Cementing accessories (Casing centralizer) for Offshore Assets,2025-03-01,2026-07-31,ENEROIL OFFSHORE DRILLING LIMITED.,2738460.94,USD
"2024",MPP-TH-24-00375,MPP-TH-24-00375/G2-61,"2024.0237","2024.0237 (Amendment No. 1): Provision of Offshore Mud Cooler Services (2025-2028)",2025-01-16,2028-03-16,SCOMI OILTOOLS (THAILAND) LTD.,3630670.00000,USD,3630670.00000,127073450.00000,3630000.00000,USD,3630000.00000,121605000.00000,3630000.00000,3630000.00000,121605000.00000,3630000.00000,121605000.00000,"2024.0237.1","2024.0237 (Amendment No. 1): Provision of Offshore Mud Cooler Services (2025-2028)",Live,2025-01-16 00:00:00.000,2028-03-16 00:00:00.000,3630670,USD,"2024.0237","2024.0237 (Amendment No. 1): Provision of Offshore Mud Cooler Services (2025-2028)",2025-01-16,2028-03-16,SCOMI OILTOOLS (THAILAND) LTD.,3630670,USD
"2024",MPP-TH-24-00376,MPP-TH-24-00376/G1-65,THC21-5233,OLG-21-0041 Supply of Marine Gas Oil for G1/61,2022-04-18,2027-04-17,PTT OIL AND RETAIL BUSINESS PUBLIC COMPANY LIMITED,9418009700.00000,THB,269085991.42857,9418009700.00000,890000.00000,USD,890000.00000,29815000.00000,890000.00000,890000.00000,29815000.00000,890000.00000,29815000.00000,THC21-5233.0,Supply of Marine Gas Oil for G1/61,Live,2022-04-18 00:00:00.000,2027-04-17 00:00:00.000,9176106700,THB,THC21-5233,OLG-21-0041 Supply of Marine Gas Oil for G1/61,2022-04-18,2027-04-17,PTT OIL AND RETAIL BUSINESS PUBLIC COMPANY LIMITED,9418009700,THB
"2024",MPP-TH-24-00376,MPP-TH-24-00376/G3-65,THC21-5233,OLG-21-0041 Supply of Marine Gas Oil for G1/61,2022-04-18,2027-04-17,PTT OIL AND RETAIL BUSINESS PUBLIC COMPANY LIMITED,9418009700.00000,THB,269085991.42857,9418009700.00000,1660000.00000,USD,1660000.00000,55610000.00000,1660000.00000,1660000.00000,55610000.00000,1660000.00000,55610000.00000,THC21-5233.0,Supply of Marine Gas Oil for G1/61,Live,2022-04-18 00:00:00.000,2027-04-17 00:00:00.000,9176106700,THB,THC21-5233,OLG-21-0041 Supply of Marine Gas Oil for G1/61,2022-04-18,2027-04-17,PTT OIL AND RETAIL BUSINESS PUBLIC COMPANY LIMITED,9418009700,THB
"2024",MPP-TH-24-00383,MPP-TH-24-00383/G1-61,"2024.0773",SUPPLY OF OFFSHORE DOWNHOLE EQUIPMENT FOR 2025-2027 (CALL-OFF),2025-06-01,2027-07-31,BAKER HUGHES OPERATIONS (THAILAND) LIMITED,14596000.00000,USD,14596000.00000,510860000.00000,8769276.80000,USD,8769276.80000,293770772.80000,8769276.80000,8769276.80000,293770772.80000,8769276.80000,293770772.80000,"2024.0773.0",SUPPLY OF OFFSHORE DOWNHOLE EQUIPMENT FOR 2025-2027 (CALL-OFF),Live,2025-06-01 00:00:00.000,2027-07-31 00:00:00.000,14596000,USD,"2024.0773",SUPPLY OF OFFSHORE DOWNHOLE EQUIPMENT FOR 2025-2027 (CALL-OFF),2025-06-01,2027-07-31,BAKER HUGHES OPERATIONS (THAILAND) LIMITED,14596000,USD
"2024",MPP-TH-24-00383,MPP-TH-24-00383/G2-61,"2024.0773",SUPPLY OF OFFSHORE DOWNHOLE EQUIPMENT FOR 2025-2027 (CALL-OFF),2025-06-01,2027-07-31,BAKER HUGHES OPERATIONS (THAILAND) LIMITED,14596000.00000,USD,14596000.00000,510860000.00000,4913013.60000,USD,4913013.60000,164585955.60000,4913013.60000,4913013.60000,164585955.60000,4913013.60000,164585955.60000,"2024.0773.0",SUPPLY OF OFFSHORE DOWNHOLE EQUIPMENT FOR 2025-2027 (CALL-OFF),Live,2025-06-01 00:00:00.000,2027-07-31 00:00:00.000,14596000,USD,"2024.0773",SUPPLY OF OFFSHORE DOWNHOLE EQUIPMENT FOR 2025-2027 (CALL-OFF),2025-06-01,2027-07-31,BAKER HUGHES OPERATIONS (THAILAND) LIMITED,14596000,USD
"2024",MPP-TH-24-00384,MPP-TH-24-00384/Non-PSC,"2024.0771",Final Contract 2024.0771 Provision of Onshore Decommissioning Execution for B6/27 Assets,2025-05-01,2026-07-31,"Silamas Services Co., LTd.",40800000.00000,USD,40800000.00000,1473798000.00000,40800000.00000,USD,40800000.00000,1473798000.00000,40800000.00000,40800000.00000,1473798000.00000,40800000.00000,1473798000.00000,"2024.0771.1",Final Contract 2024.0771 Provision of Onshore Decommissioning Execution for B6/27 Assets,Live,2025-05-01 00:00:00.000,2026-07-31 00:00:00.000,26524377,THB,"2024.0771",Final Contract 2024.0771 Provision of Onshore Decommissioning Execution for B6/27 Assets,2025-05-01,2026-07-31,"SILAMAS SERVICES CO., LTD.",26524377,THB
"2024",MPP-TH-24-00386,MPP-TH-24-00386/G1-61,"2023.0412",Provision of One (1) Accommodation Work Barge to Support Offshore Activities,2023-11-01,2025-07-31,TRUTH MARITIME SERVICES COMPANY LIMITED,18169048.00000,USD,18169048.00000,635916680.00000,1150000.00000,USD,1150000.00000,38525000.00000,1150000.00000,1150000.00000,38525000.00000,1150000.00000,38525000.00000,"2023.0412.3",Provision of One (1) Accommodation Work Barge to Support Offshore Activities,Live,2023-11-01 00:00:00.000,2025-12-31 00:00:00.000,18169048,USD,"2023.0412",Provision of One (1) Accommodation Work Barge to Support Offshore Activities,2023-11-01,2025-12-31,TRUTH MARITIME SERVICES COMPANY LIMITED,18169048,USD
"2024",MPP-TH-24-00387,MPP-TH-24-00387/G1-61,"2023.0439",Amendment no.2 of Provision of One (1) 60-75 Tons Bollard Pull AHTS to Support Offshore Activities,2023-11-01,2025-07-31,UNIWISE OFFSHORE LTD.,5763764.00000,USD,5763764.00000,201731740.00000,400000.00000,USD,400000.00000,13400000.00000,400000.00000,400000.00000,13400000.00000,400000.00000,13400000.00000,"2023.0439.4",Amendment no.2 of Provision of One (1) 60-75 Tons Bollard Pull AHTS to Support Offshore Activities,Live,2023-12-12 00:00:00.000,2026-02-13 00:00:00.000,5763764,USD,"2023.0439",Amendment no.2 of Provision of One (1) 60-75 Tons Bollard Pull AHTS to Support Offshore Activities,2023-12-12,2026-02-13,UNIWISE OFFSHORE LTD.,5763764,USD
"2024",MPP-TH-24-00388,MPP-TH-24-00388/G2-61,"2024.0238","Provision of Manpower for QA/QC services for Rig Move, GSI, and GTI",2025-01-01,2025-12-31,BOSS OFFSHORE SDN BHD,705720.00000,USD,705720.00000,24700200.00000,370612.00000,USD,370612.00000,12415502.00000,370612.00000,370612.00000,12415502.00000,370612.00000,12415502.00000,"2024.0238.2","Provision of Manpower for QA/QC services for Rig Move, GSI, and GTI",Live,2025-01-01 00:00:00.000,2025-12-31 00:00:00.000,705720,USD,"2024.0238","Provision of Manpower for QA/QC services for Rig Move, GSI, and GTI",2025-01-01,2025-12-31,BOSS OFFSHORE SDN BHD,705720,USD
"2024",MPP-TH-24-00393,MPP-TH-24-00393/G1-61,"2024.0235",Amendment 1 of 2024.0235 - Lower Completion Package 2,2025-02-15,2025-12-31,BAKER HUGHES OPERATIONS (THAILAND) LIMITED,2854150.00000,USD,2854150.00000,99895250.00000,1879091.00000,USD,1879091.00000,62949548.50000,1424072.00000,1424072.00000,47706412.00000,1424072.00000,47706412.00000,"2024.0235.1",Amendment 1 of 2024.0235 - Lower Completion Package 2,Live,2025-02-15 00:00:00.000,2025-12-31 00:00:00.000,2854150,USD,"2024.0235",Amendment 1 of 2024.0235 - Lower Completion Package 2,2025-02-15,2025-12-31,BAKER HUGHES OPERATIONS (THAILAND) LIMITED,2854150,USD
"2024",MPP-TH-24-00402,MPP-TH-24-00402/G1-61,"2025.0388","Provision of Geophysical Site Investigation ​ (GSI25-1 campaign) for G1/61, G2/61, G1/65 and G3/65 (Additional Scope)",2025-02-01,2026-01-31,GEOLANTIC SDN. BHD.,5709000.00000,USD,5709000.00000,199815000.00000,4520300.00000,USD,4520300.00000,151430050.00000,4520300.00000,4520300.00000,151430050.00000,4520300.00000,151430050.00000,"2025.0388.2","Provision of Geophysical Site Investigation ​ (GSI25-1 campaign) for G1/61, G2/61, G1/65 and G3/65 (Additional Scope)",Live,2025-02-01 00:00:00.000,2026-01-31 00:00:00.000,5709000,USD,"2025.0388","Provision of Geophysical Site Investigation ​ (GSI25-1 campaign) for G1/61, G2/61, G1/65 and G3/65 (Additional Scope)",2025-02-01,2026-01-31,GEOLANTIC SDN. BHD.,5709000,USD
"2024",MPP-TH-24-00402,MPP-TH-24-00402/G2-61,"2025.0388","Provision of Geophysical Site Investigation ​ (GSI25-1 campaign) for G1/61, G2/61, G1/65 and G3/65 (Additional Scope)",2025-02-01,2026-01-31,GEOLANTIC SDN. BHD.,5709000.00000,USD,5709000.00000,199815000.00000,700000.00000,USD,700000.00000,23450000.00000,700000.00000,700000.00000,23450000.00000,700000.00000,23450000.00000,"2025.0388.2","Provision of Geophysical Site Investigation ​ (GSI25-1 campaign) for G1/61, G2/61, G1/65 and G3/65 (Additional Scope)",Live,2025-02-01 00:00:00.000,2026-01-31 00:00:00.000,5709000,USD,"2025.0388","Provision of Geophysical Site Investigation ​ (GSI25-1 campaign) for G1/61, G2/61, G1/65 and G3/65 (Additional Scope)",2025-02-01,2026-01-31,GEOLANTIC SDN. BHD.,5709000,USD
"2024",MPP-TH-24-00409,MPP-TH-24-00409/G2-61,"2025.0369",Provision of Offshore Drilling Rig Services 2025-2030 (RIG 5 – 2nd contract),2025-06-19,2030-10-22,ENERGY DRILLING PTE LTD,146111784.00000,USD,146111784.00000,5113912440.00000,146110000.00000,USD,146110000.00000,4894685000.00000,146110000.00000,146110000.00000,4894685000.00000,146110000.00000,4894685000.00000,"2025.0369.1",Provision of Offshore Drilling Rig Services 2025-2030 (RIG#5 – 2nd contract),Live,2025-06-19 00:00:00.000,2030-10-22 00:00:00.000,146111784,USD,"2025.0369",Provision of Offshore Drilling Rig Services 2025-2030 (RIG 5 – 2nd contract),2025-06-19,2030-10-22,ENERGY DRILLING PTE LTD,146111784,USD
"2025",MPP-TH-25-00021,MPP-TH-25-00021/Non-PSC,"2025.0620","PROVISION OF ENGINEERING, PROCUREMENT, CONSTRUCTION AND COMMISSIONING FOR SINPHUHORM WELLPAD-D FACILITIES AND WELL HOOK-UP PROJECT",2025-10-01,2026-11-15,SIAMRAJ PUBLIC COMPANY LIMITED,1360164.13000,USD,1360164.13000,47605744.55000,1360164.13000,USD,1360164.13000,47605744.55000,,,,,,"2025.0620.1","PROVISION OF ENGINEERING, PROCUREMENT, CONSTRUCTION AND COMMISSIONING FOR SINPHUHORM WELLPAD-D FACILITIES AND WELL HOOK-UP PROJECT",Live,2025-10-01 00:00:00.000,2026-11-15 00:00:00.000,6800820.63,USD,"2025.0620","PROVISION OF ENGINEERING, PROCUREMENT, CONSTRUCTION AND COMMISSIONING FOR SINPHUHORM WELLPAD-D FACILITIES AND WELL HOOK-UP PROJECT",2025-10-01,2026-11-15,SIAMRAJ PUBLIC COMPANY LIMITED,6800820.63,USD
"2025",MPP-TH-25-00021,MPP-TH-25-00021/Non-PSC,"2025.0621","PROVISION OF ENGINEERING, PROCUREMENT, CONSTRUCTION AND COMMISSIONING FOR SINPHUHORM 10” FLOWLINE FROM WELLPAD-D TO WELLPAD-C PROJECT",2025-10-01,2026-10-31,GC MAINTENANCE AND ENGINEERING COMPANY LIMITED,1333773.02000,USD,1333773.02000,46682055.70000,1333773.02000,USD,1333773.02000,46682055.70000,,,,,,"2025.0621.1","PROVISION OF ENGINEERING, PROCUREMENT, CONSTRUCTION AND COMMISSIONING FOR SINPHUHORM 10” FLOWLINE FROM WELLPAD-D TO WELLPAD-C PROJECT",Live,2025-10-01 00:00:00.000,2026-10-31 00:00:00.000,6668865.09,USD,"2025.0621","PROVISION OF ENGINEERING, PROCUREMENT, CONSTRUCTION AND COMMISSIONING FOR SINPHUHORM 10” FLOWLINE FROM WELLPAD-D TO WELLPAD-C PROJECT",2025-10-01,2026-10-31,GC MAINTENANCE AND ENGINEERING COMPANY LIMITED,6668865.09,USD
"2025",MPP-TH-25-00022,MPP-TH-25-00022/Non-PSC,"2025.0494",Provision of Gas compressor package for Gas EOR,2025-09-01,2028-08-31,Jereh Oil & Gas Engineering Corporation,3208000.00000,USD,3208000.00000,112280000.00000,641600.00000,USD,641600.00000,22456000.00000,,,,,,"2025.0494.2",Provision of Gas compressor package for Gas EOR,Approved,2025-09-01 00:00:00.000,2028-08-31 00:00:00.000,3208000,USD,"2025.0494",Provision of Gas compressor package for Gas EOR,2025-09-01,2028-08-31,JEREH OIL & GAS ENGINEERING CORPORATION,3208000,USD
"2025",MPP-TH-25-00023,MPP-TH-25-00023/Non-PSC,"2025.0621","PROVISION OF ENGINEERING, PROCUREMENT, CONSTRUCTION AND COMMISSIONING FOR SINPHUHORM 10” FLOWLINE FROM WELLPAD-D TO WELLPAD-C PROJECT",2025-10-01,2026-10-31,GC MAINTENANCE AND ENGINEERING COMPANY LIMITED,1333773.02000,USD,1333773.02000,46682055.70000,1333773.02000,USD,1333773.02000,46682055.70000,,,,,,"2025.0621.1","PROVISION OF ENGINEERING, PROCUREMENT, CONSTRUCTION AND COMMISSIONING FOR SINPHUHORM 10” FLOWLINE FROM WELLPAD-D TO WELLPAD-C PROJECT",Live,2025-10-01 00:00:00.000,2026-10-31 00:00:00.000,6668865.09,USD,"2025.0621","PROVISION OF ENGINEERING, PROCUREMENT, CONSTRUCTION AND COMMISSIONING FOR SINPHUHORM 10” FLOWLINE FROM WELLPAD-D TO WELLPAD-C PROJECT",2025-10-01,2026-10-31,GC MAINTENANCE AND ENGINEERING COMPANY LIMITED,6668865.09,USD
"2025",MPP-TH-25-00038,MPP-TH-25-00038/Non-PSC,"2025.0609",Provision of Aviation Advisory Services (Call-Off),2025-09-01,2028-08-31,AUDITAIR INTERNATIONAL PTE LTD,729000.00000,USD,729000.00000,25515000.00000,729000.00000,USD,729000.00000,25515000.00000,,,,,,"2025.0609.0",Provision of Aviation Advisory Services (Call-Off),Live,2025-09-01 00:00:00.000,2028-08-31 00:00:00.000,729000,USD,"2025.0609",Provision of Aviation Advisory Services (Call-Off),2025-09-01,2028-08-31,AUDITAIR INTERNATIONAL PTE LTD,729000,USD
"2025",MPP-TH-25-00054,MPP-TH-25-00054/G1-61,"2025.0522","2025.0522 - Provision of Offshore Drilling Rig Services 2026-2031 (RIG#15 – 2nd contract)",2025-12-01,2031-05-14,COSL DRILLING PAN-PACIFIC LTD.,1.00000,USD,1.00000,35.00000,1.00000,USD,1.00000,35.00000,,,,,,"2025.0522.0","2025.0522 - Provision of Offshore Drilling Rig Services 2026-2031 (RIG#15 – 2nd contract)",Live,2025-12-01 00:00:00.000,2031-05-14 00:00:00.000,1,USD,"2025.0522","2025.0522 - Provision of Offshore Drilling Rig Services 2026-2031 (RIG 15 – 2nd contract)",2025-12-01,2031-05-14,COSL DRILLING PAN-PACIFIC LTD.,1,USD
"2025",MPP-TH-25-00054,MPP-TH-25-00054/G2-61,"2025.0522","2025.0522 - Provision of Offshore Drilling Rig Services 2026-2031 (RIG#15 – 2nd contract)",2025-12-01,2031-05-14,COSL DRILLING PAN-PACIFIC LTD.,1.00000,USD,1.00000,35.00000,1.00000,USD,1.00000,35.00000,,,,,,"2025.0522.0","2025.0522 - Provision of Offshore Drilling Rig Services 2026-2031 (RIG#15 – 2nd contract)",Live,2025-12-01 00:00:00.000,2031-05-14 00:00:00.000,1,USD,"2025.0522","2025.0522 - Provision of Offshore Drilling Rig Services 2026-2031 (RIG 15 – 2nd contract)",2025-12-01,2031-05-14,COSL DRILLING PAN-PACIFIC LTD.,1,USD
"2025",MPP-TH-25-00060,MPP-TH-25-00060/G2-61,"2024.0316",Provision of Offshore Cementing Services for Rig 5,2025-07-23,2030-10-22,BAKER HUGHES OPERATIONS (THAILAND) LIMITED,24675714.00000,USD,24675714.00000,863649990.00000,21931013.00000,USD,21931013.00000,767585455.00000,21930000.00000,21930000.00000,767550000.00000,21930000.00000,767550000.00000,"2024.0316.0",Provision of Offshore Cementing Services for Rig#5,Live,2025-07-23 00:00:00.000,2030-10-22 00:00:00.000,24675714,USD,"2024.0316",Provision of Offshore Cementing Services for Rig 5,2025-07-23,2030-10-22,BAKER HUGHES OPERATIONS (THAILAND) LIMITED,24675714,USD
"2025",MPP-TH-25-00067,MPP-TH-25-00067/G1-61,"2025.0469",Supply of Offshore Blended Cement 2026-2031 (Call-Off),2025-11-01,2031-04-30,COSL DRILLING PAN-PACIFIC LTD.,44718255.48000,USD,44718255.48000,1565138941.80000,44718255.48000,USD,44718255.48000,1565138941.80000,24028146.82000,24028146.82000,840985138.70000,24028146.82000,840985138.70000,"2025.0469.1",Supply of Offshore Blended Cement 2026-2031 (Call-Off),Approved,2025-12-01 00:00:00.000,2031-04-30 00:00:00.000,44718255.48,USD,"2025.0469",Supply of Offshore Blended Cement 2026-2031 (Call-Off),2025-11-01,2031-04-30,COSL DRILLING PAN-PACIFIC LTD.,44718255.479999997,USD
"2025",MPP-TH-25-00067,MPP-TH-25-00067/G1-65,"2025.0469",Supply of Offshore Blended Cement 2026-2031 (Call-Off),2025-11-01,2031-04-30,COSL DRILLING PAN-PACIFIC LTD.,44718255.48000,USD,44718255.48000,1565138941.80000,44718255.48000,USD,44718255.48000,1565138941.80000,31147.28000,31147.28000,1090154.80000,31147.28000,1090154.80000,"2025.0469.1",Supply of Offshore Blended Cement 2026-2031 (Call-Off),Approved,2025-12-01 00:00:00.000,2031-04-30 00:00:00.000,44718255.48,USD,"2025.0469",Supply of Offshore Blended Cement 2026-2031 (Call-Off),2025-11-01,2031-04-30,COSL DRILLING PAN-PACIFIC LTD.,44718255.479999997,USD
"2025",MPP-TH-25-00067,MPP-TH-25-00067/G2-61,"2025.0469",Supply of Offshore Blended Cement 2026-2031 (Call-Off),2025-11-01,2031-04-30,COSL DRILLING PAN-PACIFIC LTD.,44718255.48000,USD,44718255.48000,1565138941.80000,44718255.48000,USD,44718255.48000,1565138941.80000,14173596.16000,14173596.16000,496075865.60000,14173596.16000,496075865.60000,"2025.0469.1",Supply of Offshore Blended Cement 2026-2031 (Call-Off),Approved,2025-12-01 00:00:00.000,2031-04-30 00:00:00.000,44718255.48,USD,"2025.0469",Supply of Offshore Blended Cement 2026-2031 (Call-Off),2025-11-01,2031-04-30,COSL DRILLING PAN-PACIFIC LTD.,44718255.479999997,USD
"2025",MPP-TH-25-00067,MPP-TH-25-00067/G3-65,"2025.0469",Supply of Offshore Blended Cement 2026-2031 (Call-Off),2025-11-01,2031-04-30,COSL DRILLING PAN-PACIFIC LTD.,44718255.48000,USD,44718255.48000,1565138941.80000,44718255.48000,USD,44718255.48000,1565138941.80000,31147.28000,31147.28000,1090154.80000,31147.28000,1090154.80000,"2025.0469.1",Supply of Offshore Blended Cement 2026-2031 (Call-Off),Approved,2025-12-01 00:00:00.000,2031-04-30 00:00:00.000,44718255.48,USD,"2025.0469",Supply of Offshore Blended Cement 2026-2031 (Call-Off),2025-11-01,2031-04-30,COSL DRILLING PAN-PACIFIC LTD.,44718255.479999997,USD
"2025",MPP-TH-25-00067,MPP-TH-25-00067/Non-PSC,"2025.0469",Supply of Offshore Blended Cement 2026-2031 (Call-Off),2025-11-01,2031-04-30,COSL DRILLING PAN-PACIFIC LTD.,44718255.48000,USD,44718255.48000,1565138941.80000,44718255.48000,USD,44718255.48000,1565138941.80000,6454217.94000,6454217.94000,225897627.90000,6454217.94000,225897627.90000,"2025.0469.1",Supply of Offshore Blended Cement 2026-2031 (Call-Off),Approved,2025-12-01 00:00:00.000,2031-04-30 00:00:00.000,44718255.48,USD,"2025.0469",Supply of Offshore Blended Cement 2026-2031 (Call-Off),2025-11-01,2031-04-30,COSL DRILLING PAN-PACIFIC LTD.,44718255.479999997,USD
"2025",MPP-TH-25-00092,MPP-TH-25-00092/G1-61,"2025.0592",Provision of Offshore Crossover and Pup Joint Services (Call-off),2025-07-01,2028-06-30,"OILFIELD SERVICES & SUPPLIES (THAILAND) CO.,LTD.",96186608.00000,THB,2748188.80000,96186608.00000,1761860.80000,USD,1761860.80000,61665128.00000,1761860.80000,1761860.80000,61665128.00000,1761860.80000,61665128.00000,"2025.0592.0",Provision of Offshore Crossover and Pup Joint Services (Call-off),Live,2025-07-01 00:00:00.000,2028-06-30 00:00:00.000,96186608,THB,"2025.0592",Provision of Offshore Crossover and Pup Joint Services (Call-off),2025-07-01,2028-06-30,"OILFIELD SERVICES & SUPPLIES (THAILAND) CO.,LTD.",96186608,THB
"2025",MPP-TH-25-00092,MPP-TH-25-00092/G2-61,"2025.0592",Provision of Offshore Crossover and Pup Joint Services (Call-off),2025-07-01,2028-06-30,"OILFIELD SERVICES & SUPPLIES (THAILAND) CO.,LTD.",96186608.00000,THB,2748188.80000,96186608.00000,723391.20000,USD,723391.20000,25318692.00000,723391.20000,723391.20000,25318692.00000,723391.20000,25318692.00000,"2025.0592.0",Provision of Offshore Crossover and Pup Joint Services (Call-off),Live,2025-07-01 00:00:00.000,2028-06-30 00:00:00.000,96186608,THB,"2025.0592",Provision of Offshore Crossover and Pup Joint Services (Call-off),2025-07-01,2028-06-30,"OILFIELD SERVICES & SUPPLIES (THAILAND) CO.,LTD.",96186608,THB
"2025",MPP-TH-25-00093,MPP-TH-25-00093/G1-61,"2025.0593",Provision of Offshore Crossover and Pup Joint Services for BGT-2 Thread (Call-off),2025-07-01,2028-06-30,OMS OILFIELD SERVICES (THAILAND) LTD.,110817210.00000,THB,3166206.00000,110817210.00000,2082284.29000,USD,2082284.29000,72879950.15000,2082284.28571,2082284.28571,72879950.00000,2082284.28571,72879950.00000,"2025.0593.0",Provision of Offshore Crossover and Pup Joint Services for BGT-2 Thread (Call-off),Live,2025-07-01 00:00:00.000,2028-06-30 00:00:00.000,110817210,THB,"2025.0593",Provision of Offshore Crossover and Pup Joint Services for BGT-2 Thread (Call-off),2025-07-01,2028-06-30,OMS OILFIELD SERVICES (THAILAND) LTD.,110817210,THB
"2025",MPP-TH-25-00093,MPP-TH-25-00093/G2-61,"2025.0593",Provision of Offshore Crossover and Pup Joint Services for BGT-2 Thread (Call-off),2025-07-01,2028-06-30,OMS OILFIELD SERVICES (THAILAND) LTD.,110817210.00000,THB,3166206.00000,110817210.00000,805362.00000,USD,805362.00000,28187670.00000,805362.00000,805362.00000,28187670.00000,805362.00000,28187670.00000,"2025.0593.0",Provision of Offshore Crossover and Pup Joint Services for BGT-2 Thread (Call-off),Live,2025-07-01 00:00:00.000,2028-06-30 00:00:00.000,110817210,THB,"2025.0593",Provision of Offshore Crossover and Pup Joint Services for BGT-2 Thread (Call-off),2025-07-01,2028-06-30,OMS OILFIELD SERVICES (THAILAND) LTD.,110817210,THB
"2025",MPP-TH-25-00094,MPP-TH-25-00094/G1-61,"2025.0558",Provision of Splash Zone Coating Services (Call-Off),2025-12-01,2030-11-30," LS ENGINEERING & CONSTRUCTION CO.,LTD.",,USD,,,1070541.14000,USD,1070541.14000,37468939.90000,1070541.14000,1070541.14000,37468939.90000,1070541.14000,37468939.90000,"2025.0558.0",Provision of Splash Zone Coating Services (Call-Off),Live,2025-12-01 00:00:00.000,2030-11-30 00:00:00.000,65588495,THB,"2025.0558",Provision of Splash Zone Coating Services (Call-Off),2025-12-01,2030-11-30,"LS ENGINEERING & CONSTRUCTION CO.,LTD.",65588495,THB
"2025",MPP-TH-25-00094,MPP-TH-25-00094/G2-61,"2025.0558",Provision of Splash Zone Coating Services (Call-Off),2025-12-01,2030-11-30," LS ENGINEERING & CONSTRUCTION CO.,LTD.",,USD,,,600510.14000,USD,600510.14000,21017854.90000,600510.14000,600510.14000,21017854.90000,600510.14000,21017854.90000,"2025.0558.0",Provision of Splash Zone Coating Services (Call-Off),Live,2025-12-01 00:00:00.000,2030-11-30 00:00:00.000,65588495,THB,"2025.0558",Provision of Splash Zone Coating Services (Call-Off),2025-12-01,2030-11-30,"LS ENGINEERING & CONSTRUCTION CO.,LTD.",65588495,THB
"2025",MPP-TH-25-00096,MPP-TH-25-00096/G1-61,"2024.0308",Provision of Offshore Cased Hole Equipment Services (Package A: Well Intervention),2025-11-16,2031-07-15,OWEN OIL TOOLS LP.,17485845.63000,USD,17485845.63000,612004597.05000,17485845.63000,USD,17485845.63000,612004597.05000,5612956.45000,5612956.45000,196453475.75000,5612956.45000,196453475.75000,"2024.0308.1",Provision of Offshore Cased Hole Equipment Services (Package A: Well Intervention),Live,2025-11-16 00:00:00.000,2031-07-15 00:00:00.000,17485845.63,USD,"2024.0308",Provision of Offshore Cased Hole Equipment Services (Package A: Well Intervention),2025-11-16,2031-07-15,OWEN OIL TOOLS LP.,17485845.629999999,USD
"2025",MPP-TH-25-00096,MPP-TH-25-00096/G1-61,"2024.0309",Provision of Offshore Cased Hole Equipment Services (Package B: Well Plug and Abandonment),2025-11-16,2031-07-15,THRU-TUBING SYSTEMS ASIA LIMITED,23939305.59000,USD,23939305.59000,837875695.65000,23939305.59000,USD,23939305.59000,837875695.65000,12831467.80000,12831467.80000,449101373.00000,12831467.80000,449101373.00000,"2024.0309.1",Provision of Offshore Cased Hole Equipment Services (Package B: Well Plug and Abandonment),Live,2025-11-16 00:00:00.000,2031-07-15 00:00:00.000,23939305.59,USD,"2024.0309",Provision of Offshore Cased Hole Equipment Services (Package B: Well Plug and Abandonment),2025-11-16,2031-07-15,THRU-TUBING SYSTEMS ASIA LIMITED,23939305.59,USD
"2025",MPP-TH-25-00096,MPP-TH-25-00096/G2-61,"2024.0308",Provision of Offshore Cased Hole Equipment Services (Package A: Well Intervention),2025-11-16,2031-07-15,OWEN OIL TOOLS LP.,17485845.63000,USD,17485845.63000,612004597.05000,17485845.63000,USD,17485845.63000,612004597.05000,6714564.72000,6714564.72000,235009765.20000,6714564.72000,235009765.20000,"2024.0308.1",Provision of Offshore Cased Hole Equipment Services (Package A: Well Intervention),Live,2025-11-16 00:00:00.000,2031-07-15 00:00:00.000,17485845.63,USD,"2024.0308",Provision of Offshore Cased Hole Equipment Services (Package A: Well Intervention),2025-11-16,2031-07-15,OWEN OIL TOOLS LP.,17485845.629999999,USD
"2025",MPP-TH-25-00096,MPP-TH-25-00096/G2-61,"2024.0309",Provision of Offshore Cased Hole Equipment Services (Package B: Well Plug and Abandonment),2025-11-16,2031-07-15,THRU-TUBING SYSTEMS ASIA LIMITED,23939305.59000,USD,23939305.59000,837875695.65000,23939305.59000,USD,23939305.59000,837875695.65000,5482100.98000,5482100.98000,191873534.30000,5482100.98000,191873534.30000,"2024.0309.1",Provision of Offshore Cased Hole Equipment Services (Package B: Well Plug and Abandonment),Live,2025-11-16 00:00:00.000,2031-07-15 00:00:00.000,23939305.59,USD,"2024.0309",Provision of Offshore Cased Hole Equipment Services (Package B: Well Plug and Abandonment),2025-11-16,2031-07-15,THRU-TUBING SYSTEMS ASIA LIMITED,23939305.59,USD
"2025",MPP-TH-25-00096,MPP-TH-25-00096/Non-PSC,"2024.0308",Provision of Offshore Cased Hole Equipment Services (Package A: Well Intervention),2025-11-16,2031-07-15,OWEN OIL TOOLS LP.,17485845.63000,USD,17485845.63000,612004597.05000,17485845.63000,USD,17485845.63000,612004597.05000,5158324.46000,5158324.46000,180541356.10000,5158324.46000,180541356.10000,"2024.0308.1",Provision of Offshore Cased Hole Equipment Services (Package A: Well Intervention),Live,2025-11-16 00:00:00.000,2031-07-15 00:00:00.000,17485845.63,USD,"2024.0308",Provision of Offshore Cased Hole Equipment Services (Package A: Well Intervention),2025-11-16,2031-07-15,OWEN OIL TOOLS LP.,17485845.629999999,USD
"2025",MPP-TH-25-00096,MPP-TH-25-00096/Non-PSC,"2024.0309",Provision of Offshore Cased Hole Equipment Services (Package B: Well Plug and Abandonment),2025-11-16,2031-07-15,THRU-TUBING SYSTEMS ASIA LIMITED,23939305.59000,USD,23939305.59000,837875695.65000,23939305.59000,USD,23939305.59000,837875695.65000,5625736.82000,5625736.82000,196900788.70000,5625736.82000,196900788.70000,"2024.0309.1",Provision of Offshore Cased Hole Equipment Services (Package B: Well Plug and Abandonment),Live,2025-11-16 00:00:00.000,2031-07-15 00:00:00.000,23939305.59,USD,"2024.0309",Provision of Offshore Cased Hole Equipment Services (Package B: Well Plug and Abandonment),2025-11-16,2031-07-15,THRU-TUBING SYSTEMS ASIA LIMITED,23939305.59,USD
"2025",MPP-TH-25-00100,MPP-TH-25-00100/Non-PSC,"2025.0751","2025.0751 for Provision of Onshore Drilling Rig for 2026-2028 Campaign",2026-01-01,2028-03-31,GREATWALL DRILLING COMPANY (THAILAND) LIMITED,13253000.00000,USD,13253000.00000,463855000.00000,13253000.00000,USD,13253000.00000,463855000.00000,,,,,,"2025.0751.0","2025.0751 for Provision of Onshore Drilling Rig for 2026-2028 Campaign",Executed,2026-01-01 00:00:00.000,2028-03-31 00:00:00.000,13253000,USD,,,,,,,
"2025",MPP-TH-25-00101,MPP-TH-25-00101/Non-PSC,"2025.0504","2025.0504 - Provision of Onshore Integrated Drilling Contract for 2026-2027 Campaign",2025-09-01,2027-12-31,GREATWALL DRILLING COMPANY (THAILAND) LIMITED,45051808.00000,USD,45051808.00000,1576813280.00000,45051808.00000,USD,45051808.00000,1576813280.00000,,,,,,"2025.0504.0","2025.0504 - Provision of Onshore Integrated Drilling Contract for 2026-2027 Campaign",Live,2025-09-01 00:00:00.000,2027-12-31 00:00:00.000,45051808,USD,"2025.0504","2025.0504 - Provision of Onshore Integrated Drilling Contract for 2026-2027 Campaign",2025-09-01,2027-12-31,GREATWALL DRILLING COMPANY (THAILAND) LIMITED,45051808,USD
"2025",MPP-TH-25-00104,MPP-TH-25-00104/Non-PSC,"2025.0699",Provision of Onshore Cementing Services for Drilling Rig,2025-10-01,2028-03-31,SCHLUMBERGER OVERSEAS S.A.,6582410.00000,USD,6582410.00000,230384350.00000,6582410.00000,USD,6582410.00000,230384350.00000,,,,,,"2025.0699.0",Provision of Onshore Cementing Services for Drilling Rig,Live,2025-10-01 00:00:00.000,2028-03-31 00:00:00.000,6582410,USD,"2025.0699",Provision of Onshore Cementing Services for Drilling Rig,2025-10-01,2028-03-31,SCHLUMBERGER OVERSEAS S.A.,6582410,USD
"2025",MPP-TH-25-00106,MPP-TH-25-00106/Non-PSC,"2025.0727",DRILLING AND WELL SERVICES WASTE MANAGEMENT,2025-12-01,2028-03-31,KOBCHOCK LOGISTICS AND SUPPLY COMPANY LIMITED,295734260.00000,THB,8449550.28571,295734260.00000,295734260.00000,THB,8449550.28571,295734260.00000,,,,,,"2025.0727.0",DRILLING AND WELL SERVICES WASTE MANAGEMENT,Live,2025-12-01 00:00:00.000,2028-03-31 00:00:00.000,295734260,THB,"2025.0727",DRILLING AND WELL SERVICES WASTE MANAGEMENT,2025-12-01,2028-03-31,KOBCHOCK LOGISTICS AND SUPPLY COMPANY LIMITED,295734260,THB
"2025",MPP-TH-25-00110,MPP-TH-25-00110/Non-PSC,"2025.0575",Provision of Onshore Casing and Tubular Running Services (Call-Off),2025-11-01,2028-12-31,"WEATHERFORD KSP CO., LTD.",4635250.00000,USD,4635250.00000,162233750.00000,4635250.00000,USD,4635250.00000,162233750.00000,,,,,,"2025.0575.0",Provision of Onshore Casing and Tubular Running Services (Call-Off),Live,2025-11-01 00:00:00.000,2028-12-31 00:00:00.000,4635250,USD,"2025.0575",Provision of Onshore Casing and Tubular Running Services (Call-Off),2025-11-01,2028-12-31,"WEATHERFORD KSP CO., LTD.",4635250,USD
"2025",MPP-TH-25-00114,MPP-TH-25-00114/Non-PSC,"2025.0575",Provision of Onshore Casing and Tubular Running Services (Call-Off),2025-11-01,2028-12-31,"WEATHERFORD KSP CO., LTD.",4635250.00000,USD,4635250.00000,162233750.00000,4635250.00000,USD,4635250.00000,162233750.00000,,,,,,"2025.0575.0",Provision of Onshore Casing and Tubular Running Services (Call-Off),Live,2025-11-01 00:00:00.000,2028-12-31 00:00:00.000,4635250,USD,"2025.0575",Provision of Onshore Casing and Tubular Running Services (Call-Off),2025-11-01,2028-12-31,"WEATHERFORD KSP CO., LTD.",4635250,USD
"2025",MPP-TH-25-00119,MPP-TH-25-00119/Non-PSC,"2025.0739",Supply of Subsurface Sucker Rod Pump Assemblies,2026-01-01,2028-12-31,SCHLUMBERGER OVERSEAS S.A.,719956.98000,USD,719956.98000,25198494.30000,719956.98000,USD,719956.98000,25198494.30000,,,,,,"2025.0739.0",Supply of Subsurface Sucker Rod Pump Assemblies,Approved,2026-01-01 00:00:00.000,2028-12-31 00:00:00.000,719956.98,USD,,,,,,,
"2025",MPP-TH-25-00120,MPP-TH-25-00120/Non-PSC,"2025.0495",Supply of Beam Pump Automation Equipment and Provision of Services,2025-08-15,2028-11-14,"WEATHERFORD KSP CO., LTD.",3201474.92000,USD,3201474.92000,112051622.20000,3201474.92000,USD,3201474.92000,112051622.20000,,,,,,"2025.0495.0",Supply of Beam Pump Automation Equipment and Provision of Services,Live,2025-08-15 00:00:00.000,2028-11-14 00:00:00.000,3201474.92,USD,"2025.0495",Supply of Beam Pump Automation Equipment and Provision of Services,2025-08-15,2028-11-14,"WEATHERFORD KSP CO., LTD.",3201474.92,USD
"2025",MPP-TH-25-00126,MPP-TH-25-00126/G1-61,"2025.0610",Provision of Geophysical Site Investigation for GSI25-2 (Amendment),2025-08-11,2026-08-10,GEOLANTIC SDN. BHD.,1510325.00000,USD,1510325.00000,52861375.00000,1137261.00000,USD,1137261.00000,14219450000.00000,1137261.00000,1137261.00000,14219450000.00000,1137261.00000,14219450000.00000,"2025.0610.2",Provision of Geophysical Site Investigation for GSI25-2 (Amendment),Live,2025-08-11 00:00:00.000,2026-08-10 00:00:00.000,1812999,USD,"2025.0610",Provision of Geophysical Site Investigation for GSI25-2 (Amendment),2025-08-11,2026-08-10,GEOLANTIC SDN. BHD.,1812999,USD
"2025",MPP-TH-25-00126,MPP-TH-25-00126/G1-61,"2025.0733","Provision of Geophysical Site Investigation for GSI26-1 for G1/61, G2/61",2026-01-15,2027-01-14,GEOLANTIC SDN. BHD.,3469275.00000,USD,3469275.00000,121424625.00000,1943029.00000,USD,1943029.00000,14219450000.00000,1137261.00000,1137261.00000,39804135.00000,1137261.00000,39804135.00000,"2025.0733.0","Provision of Geophysical Site Investigation for GSI26-1 for G1/61, G2/61",Executed,2026-01-15 00:00:00.000,2027-01-14 00:00:00.000,3469275,USD,,,,,,,
"2025",MPP-TH-25-00126,MPP-TH-25-00126/G1-61,"2025.0734","Provision of Geophysical Site Investigation for GSI26-2 for G1/61, G2/61",2026-07-01,2027-06-30,GEOLANTIC SDN. BHD.,1217400.00000,USD,1217400.00000,42609000.00000,407300.00000,USD,407300.00000,14219450000.00000,1137261.00000,1137261.00000,39804135.00000,1137261.00000,39804135.00000,"2025.0734.0","Provision of Geophysical Site Investigation for GSI26-2 for G1/61, G2/61",Executed,2026-07-01 00:00:00.000,2027-06-30 00:00:00.000,1217400,USD,,,,,,,
"2025",MPP-TH-25-00126,MPP-TH-25-00126/G1-61,"2025.0735","Provision of Geophysical Site Investigation for GSI27-1 for G1/61, G2/61, ART, G3/65 and G1/65",2027-01-15,2028-01-14,GEOLANTIC SDN. BHD.,4302925.00000,USD,4302925.00000,150602375.00000,1725112.00000,USD,1725112.00000,14219450000.00000,1137261.00000,1137261.00000,39804135.00000,1137261.00000,39804135.00000,"2025.0735.0","Provision of Geophysical Site Investigation for GSI27-1 for G1/61, G2/61, ART, G3/65 and G1/65",Executed,2027-01-15 00:00:00.000,2028-01-14 00:00:00.000,4302925,USD,,,,,,,
"2025",MPP-TH-25-00126,MPP-TH-25-00126/G1-61,"2025.0736","Provision of Geophysical Site Investigation for GSI27-2 for G1/61, G2/61 and ART",2027-07-01,2028-06-30,GEOLANTIC SDN. BHD.,1003100.00000,USD,1003100.00000,35108500.00000,376725.00000,USD,376725.00000,14219450000.00000,1137261.00000,1137261.00000,39804135.00000,1137261.00000,39804135.00000,"2025.0736.0","Provision of Geophysical Site Investigation for GSI27-2 for G1/61, G2/61 and ART",Executed,2027-07-01 00:00:00.000,2028-06-30 00:00:00.000,1003100,USD,,,,,,,
"2025",MPP-TH-25-00126,MPP-TH-25-00126/G1-65,"2025.0735","Provision of Geophysical Site Investigation for GSI27-1 for G1/61, G2/61, ART, G3/65 and G1/65",2027-01-15,2028-01-14,GEOLANTIC SDN. BHD.,4302925.00000,USD,4302925.00000,150602375.00000,4302925.00000,USD,4302925.00000,150602375.00000,,,,,,"2025.0735.0","Provision of Geophysical Site Investigation for GSI27-1 for G1/61, G2/61, ART, G3/65 and G1/65",Executed,2027-01-15 00:00:00.000,2028-01-14 00:00:00.000,4302925,USD,,,,,,,
"2025",MPP-TH-25-00126,MPP-TH-25-00126/G1-65,"2025.0736","Provision of Geophysical Site Investigation for GSI27-2 for G1/61, G2/61 and ART",2027-07-01,2028-06-30,GEOLANTIC SDN. BHD.,1003100.00000,USD,1003100.00000,35108500.00000,1003100.00000,USD,1003100.00000,35108500.00000,,,,,,"2025.0736.0","Provision of Geophysical Site Investigation for GSI27-2 for G1/61, G2/61 and ART",Executed,2027-07-01 00:00:00.000,2028-06-30 00:00:00.000,1003100,USD,,,,,,,
"2025",MPP-TH-25-00126,MPP-TH-25-00126/G2-61,"2025.0610",Provision of Geophysical Site Investigation for GSI25-2 (Amendment),2025-08-11,2026-08-10,GEOLANTIC SDN. BHD.,1510325.00000,USD,1510325.00000,52861375.00000,373064.00000,USD,373064.00000,13057240.00000,373064.00000,373064.00000,13057240.00000,373064.00000,13057240.00000,"2025.0610.2",Provision of Geophysical Site Investigation for GSI25-2 (Amendment),Live,2025-08-11 00:00:00.000,2026-08-10 00:00:00.000,1812999,USD,"2025.0610",Provision of Geophysical Site Investigation for GSI25-2 (Amendment),2025-08-11,2026-08-10,GEOLANTIC SDN. BHD.,1812999,USD
"2025",MPP-TH-25-00126,MPP-TH-25-00126/G2-61,"2025.0733","Provision of Geophysical Site Investigation for GSI26-1 for G1/61, G2/61",2026-01-15,2027-01-14,GEOLANTIC SDN. BHD.,3469275.00000,USD,3469275.00000,121424625.00000,1526245.68000,USD,1526245.68000,53418598.80000,373064.00000,373064.00000,13057240.00000,373064.00000,13057240.00000,"2025.0733.0","Provision of Geophysical Site Investigation for GSI26-1 for G1/61, G2/61",Executed,2026-01-15 00:00:00.000,2027-01-14 00:00:00.000,3469275,USD,,,,,,,
"2025",MPP-TH-25-00126,MPP-TH-25-00126/G2-61,"2025.0734","Provision of Geophysical Site Investigation for GSI26-2 for G1/61, G2/61",2026-07-01,2027-06-30,GEOLANTIC SDN. BHD.,1217400.00000,USD,1217400.00000,42609000.00000,810100.00000,USD,810100.00000,28353500.00000,373064.00000,373064.00000,13057240.00000,373064.00000,13057240.00000,"2025.0734.0","Provision of Geophysical Site Investigation for GSI26-2 for G1/61, G2/61",Executed,2026-07-01 00:00:00.000,2027-06-30 00:00:00.000,1217400,USD,,,,,,,
"2025",MPP-TH-25-00126,MPP-TH-25-00126/G2-61,"2025.0735","Provision of Geophysical Site Investigation for GSI27-1 for G1/61, G2/61, ART, G3/65 and G1/65",2027-01-15,2028-01-14,GEOLANTIC SDN. BHD.,4302925.00000,USD,4302925.00000,150602375.00000,1693982.47000,USD,1693982.47000,59289386.45000,373064.00000,373064.00000,13057240.00000,373064.00000,13057240.00000,"2025.0735.0","Provision of Geophysical Site Investigation for GSI27-1 for G1/61, G2/61, ART, G3/65 and G1/65",Executed,2027-01-15 00:00:00.000,2028-01-14 00:00:00.000,4302925,USD,,,,,,,
"2025",MPP-TH-25-00126,MPP-TH-25-00126/G2-61,"2025.0736","Provision of Geophysical Site Investigation for GSI27-2 for G1/61, G2/61 and ART",2027-07-01,2028-06-30,GEOLANTIC SDN. BHD.,1003100.00000,USD,1003100.00000,35108500.00000,502300.00000,USD,502300.00000,17580500.00000,373064.00000,373064.00000,13057240.00000,373064.00000,13057240.00000,"2025.0736.0","Provision of Geophysical Site Investigation for GSI27-2 for G1/61, G2/61 and ART",Executed,2027-07-01 00:00:00.000,2028-06-30 00:00:00.000,1003100,USD,,,,,,,
"2025",MPP-TH-25-00126,MPP-TH-25-00126/G3-65,"2025.0735","Provision of Geophysical Site Investigation for GSI27-1 for G1/61, G2/61, ART, G3/65 and G1/65",2027-01-15,2028-01-14,GEOLANTIC SDN. BHD.,4302925.00000,USD,4302925.00000,150602375.00000,4302925.00000,USD,4302925.00000,150602375.00000,,,,,,"2025.0735.0","Provision of Geophysical Site Investigation for GSI27-1 for G1/61, G2/61, ART, G3/65 and G1/65",Executed,2027-01-15 00:00:00.000,2028-01-14 00:00:00.000,4302925,USD,,,,,,,
"2025",MPP-TH-25-00126,MPP-TH-25-00126/G3-65,"2025.0736","Provision of Geophysical Site Investigation for GSI27-2 for G1/61, G2/61 and ART",2027-07-01,2028-06-30,GEOLANTIC SDN. BHD.,1003100.00000,USD,1003100.00000,35108500.00000,1003100.00000,USD,1003100.00000,35108500.00000,,,,,,"2025.0736.0","Provision of Geophysical Site Investigation for GSI27-2 for G1/61, G2/61 and ART",Executed,2027-07-01 00:00:00.000,2028-06-30 00:00:00.000,1003100,USD,,,,,,,
"2025",MPP-TH-25-00126,MPP-TH-25-00126/Non-PSC,"2025.0735","Provision of Geophysical Site Investigation for GSI27-1 for G1/61, G2/61, ART, G3/65 and G1/65",2027-01-15,2028-01-14,GEOLANTIC SDN. BHD.,4302925.00000,USD,4302925.00000,150602375.00000,4302925.00000,USD,4302925.00000,150602375.00000,,,,,,"2025.0735.0","Provision of Geophysical Site Investigation for GSI27-1 for G1/61, G2/61, ART, G3/65 and G1/65",Executed,2027-01-15 00:00:00.000,2028-01-14 00:00:00.000,4302925,USD,,,,,,,
"2025",MPP-TH-25-00126,MPP-TH-25-00126/Non-PSC,"2025.0736","Provision of Geophysical Site Investigation for GSI27-2 for G1/61, G2/61 and ART",2027-07-01,2028-06-30,GEOLANTIC SDN. BHD.,1003100.00000,USD,1003100.00000,35108500.00000,1003100.00000,USD,1003100.00000,35108500.00000,,,,,,"2025.0736.0","Provision of Geophysical Site Investigation for GSI27-2 for G1/61, G2/61 and ART",Executed,2027-07-01 00:00:00.000,2028-06-30 00:00:00.000,1003100,USD,,,,,,,
"2025",MPP-TH-25-00131,MPP-TH-25-00131/Non-PSC,"2025.0551",THE PROVISION OF SECURITY GUARD SERVICES AT SONGKHLA AND RANONG BASE,2025-09-01,2030-10-31,G4S SECURITY SERVICES (THAILAND) LIMITED,127613543.00000,THB,3646101.22857,127613543.00000,,,,,,,,,,"2025.0551.0",THE PROVISION OF SECURITY GUARD SERVICES AT SONGKHLA AND RANONG BASE,Live,2025-09-01 00:00:00.000,2030-10-31 00:00:00.000,127613543,THB,"2025.0551",THE PROVISION OF SECURITY GUARD SERVICES AT SONGKHLA AND RANONG BASE,2025-09-01,2030-10-31,G4S SECURITY SERVICES (THAILAND) LIMITED,127613543,THB
"2025",MPP-TH-25-00166,MPP-TH-25-00166/G2-61,"2025.0604",Provision of One (1) 80-130T Bollard Pull AHTS to support Drilling Rig for G2/61 and other Assets,2025-09-29,2027-10-22,Uniwise Offshore Ltd.,,USD,,,8770000.00000,USD,8770000.00000,306950000.00000,8770000.00000,8770000.00000,306950000.00000,8770000.00000,306950000.00000,"2025.0604.1",Provision of One (1) 80-130T Bollard Pull AHTS to support Drilling Rig for G2/61 and other Assets,Approved,2025-09-29 00:00:00.000,2027-10-22 00:00:00.000,8946900,USD,"2025.0604",Provision of One (1) 80-130T Bollard Pull AHTS to support Drilling Rig for G2/61 and other Assets,2025-09-29,2027-10-22,UNIWISE OFFSHORE LTD.,1789380,USD
"2025",MPP-TH-25-00166,MPP-TH-25-00166/G2-61,"2025.0815",Provision of One (1) 80-130T Bollard Pull AHTS to support Drilling Rig for G2/61 and other Assets,2025-09-29,2027-10-25,"SC Management Co.,Ltd.",,USD,,,7590000.00000,USD,7590000.00000,265650000.00000,8770000.00000,8770000.00000,306950000.00000,8770000.00000,306950000.00000,"2025.0815.1",Provision of One (1) 80-130T Bollard Pull AHTS to support Drilling Rig for G2/61 and other Assets,Live,2025-09-29 00:00:00.000,2027-11-25 00:00:00.000,7744100,USD,"2025.0815",Provision of One (1) 80-130T Bollard Pull AHTS to support Drilling Rig for G2/61 and other Assets,2025-09-29,2027-11-25,"SC MANAGEMENT CO., LTD.",7744100,USD
"2025",MPP-TH-25-00178,MPP-TH-25-00178/Non-PSC,"2025.0716",Supply of High Speed Diesel for Onshore Assets,2025-12-01,2028-03-31,PTT OIL AND RETAIL BUSINESS PUBLIC COMPANY LIMITED,451846800.00000,THB,12909908.57143,451846800.00000,451846800.00000,THB,12909908.57143,451846800.00000,,,,,,"2025.0716.0",Supply of High Speed Diesel for Onshore Assets,Approved,2025-12-01 00:00:00.000,2028-03-31 00:00:00.000,451846800,THB,,,,,,,
"2025",MPP-TH-25-00180,MPP-TH-25-00180/Non-PSC,"2025.0602",Provision of Vacuum Truck and Water Truck Services (Call-Off),2025-11-01,2031-03-31,SRIPHIPHATPHITSANULOK(1989) COMPANY LIMITED,74098500.00000,THB,2117100.00000,74098500.00000,74098500.00000,THB,2117100.00000,74098500.00000,,,,,,"2025.0602.0",Provision of Vacuum Truck and Water Truck Services (Call-Off),Live,2025-11-01 00:00:00.000,2031-03-31 00:00:00.000,74098500,THB,"2025.0602",Provision of Vacuum Truck and Water Truck Services (Call-Off),2025-11-01,2031-03-31,SRIPHIPHATPHITSANULOK(1989) COMPANY LIMITED,74098500,THB
"2025",MPP-TH-25-00183,MPP-TH-25-00183/G1-61,"2025.0432",Provision of Tubing Inspection and Rectification Services,2025-06-15,2028-06-14,"U.A.E.POWER CO.,LTD.",30469776.00000,THB,870565.02857,30469776.00000,870565.03000,USD,870565.03000,30469776.05000,870565.03000,870565.03000,30469776.05000,870565.03000,30469776.05000,"2025.0432.0",Provision of Tubing Inspection and Rectification Services,Live,2025-06-15 00:00:00.000,2028-06-14 00:00:00.000,30469776,THB,"2025.0432",Provision of Tubing Inspection and Rectification Services,2025-06-15,2028-06-14,"U.A.E.POWER CO.,LTD.",30469776,THB
"2025",MPP-TH-25-00184,MPP-TH-25-00184/G1-61,"2025.0554",Provision of WHPs Generator Overhaul Services for G1/61 ( Call-Off),2025-08-15,2028-08-14,"PRECISION POWER SERVICES CO., LTD.",27684126.00000,USD,790975.02857,27684126.00000,790975.02857,USD,790975.02857,27684126.00000,790975.02857,790975.02857,27684126.00000,790975.02857,27684126.00000,"2025.0554.0",Provision of WHPs Generator Overhaul Services for G1/61 ( Call-Off),Live,2025-08-15 00:00:00.000,2028-08-14 00:00:00.000,27684126,THB,"2025.0554",Provision of WHPs Generator Overhaul Services for G1/61 ( Call-Off),2025-08-15,2028-08-14,"PRECISION POWER SERVICES CO., LTD.",27684126,THB
"2025",MPP-TH-25-00189,MPP-TH-25-00189/G1-61,"2025.0786",Provision of Risk Based Inspection Support Services,2025-12-18,2031-01-17,GC MAINTENANCE AND ENGINEERING COMPANY LIMITED,98430000.00000,THB,2812285.71429,98430000.00000,98430000.00000,THB,2812285.71429,98430000.00000,,,,,,"2025.0786.0",Provision of Risk Based Inspection Support Services,Approved,2025-12-18 00:00:00.000,2031-01-17 00:00:00.000,98430000,THB,,,,,,,
"2025",MPP-TH-25-00189,MPP-TH-25-00189/G2-61,"2025.0786",Provision of Risk Based Inspection Support Services,2025-12-18,2031-01-17,GC MAINTENANCE AND ENGINEERING COMPANY LIMITED,98430000.00000,THB,2812285.71429,98430000.00000,98430000.00000,THB,2812285.71429,98430000.00000,,,,,,"2025.0786.0",Provision of Risk Based Inspection Support Services,Approved,2025-12-18 00:00:00.000,2031-01-17 00:00:00.000,98430000,THB,,,,,,,
"2025",MPP-TH-25-00189,MPP-TH-25-00189/Non-PSC,"2025.0786",Provision of Risk Based Inspection Support Services,2025-12-18,2031-01-17,GC MAINTENANCE AND ENGINEERING COMPANY LIMITED,98430000.00000,THB,2812285.71429,98430000.00000,98430000.00000,THB,2812285.71429,98430000.00000,,,,,,"2025.0786.0",Provision of Risk Based Inspection Support Services,Approved,2025-12-18 00:00:00.000,2031-01-17 00:00:00.000,98430000,THB,,,,,,,
"2025",MPP-TH-25-00190,MPP-TH-25-00190/G1-61,"2025.0422","Provision of Composite Wrapping Repair Services G1/61,(Call-off)",2025-08-20,2028-08-19,"ECOFORCE CO.,LTD",,USD,,,906008.85714,USD,906008.85714,31710310.00000,906008.85714,906008.85714,31710310.00000,906008.85714,31710310.00000,"2025.0422.0","Provision of Composite Wrapping Repair Services G1/61,(Call-off)",Live,2025-08-20 00:00:00.000,2028-08-19 00:00:00.000,49268950,THB,"2025.0422","Provision of Composite Wrapping Repair Services G1/61,(Call-off)",2025-08-20,2028-08-19,"ECOFORCE CO.,LTD",49268950,THB
"2025",MPP-TH-25-00190,MPP-TH-25-00190/G2-61,"2025.0422","Provision of Composite Wrapping Repair Services G1/61,(Call-off)",2025-08-20,2028-08-19,"ECOFORCE CO.,LTD",,USD,,,250837.71429,USD,250837.71429,8779320.00000,250837.71429,250837.71429,8779320.00000,250837.71429,8779320.00000,"2025.0422.0","Provision of Composite Wrapping Repair Services G1/61,(Call-off)",Live,2025-08-20 00:00:00.000,2028-08-19 00:00:00.000,49268950,THB,"2025.0422","Provision of Composite Wrapping Repair Services G1/61,(Call-off)",2025-08-20,2028-08-19,"ECOFORCE CO.,LTD",49268950,THB
"2025",MPP-TH-25-00197,MPP-TH-25-00197/G1-61,"2025.0573",Provision of IR Air Compressor Overhaul Services,2025-09-01,2028-08-31,"PREMIUM EQUIPMENT & ENGINEERING CO., LTD.",9801294.00000,USD,280036.97143,9801294.00000,280036.97143,USD,280036.97143,9801294.00000,280036.97143,280036.97143,9801294.00000,280036.97143,9801294.00000,"2025.0573.1",Provision of IR Air Compressor Overhaul Services,Live,2025-09-01 00:00:00.000,2028-08-31 00:00:00.000,9801294,THB,"2025.0573",Provision of IR Air Compressor Overhaul Services,2025-09-01,2028-08-31,"PREMIUM EQUIPMENT & ENGINEERING CO., LTD.",9801294,THB
"2025",MPP-TH-25-00201,MPP-TH-25-00201/G1-61,"2025.0686",Provision of Vapor Recovery Unit Maintenance Services,2025-12-01,2028-12-31,"HOERBIGER (THAILAND) CO., LTD.",126159.88000,USD,126159.88000,4415595.80000,126159.88000,USD,126159.88000,4415595.80000,,,,,,"2025.0686.0",Provision of Vapor Recovery Unit Maintenance Services,Approved,2025-12-01 00:00:00.000,2028-12-31 00:00:00.000,126159.88,USD,,,,,,,
"2025",MPP-TH-25-00201,MPP-TH-25-00201/G2-61,"2025.0686",Provision of Vapor Recovery Unit Maintenance Services,2025-12-01,2028-12-31,"HOERBIGER (THAILAND) CO., LTD.",126159.88000,USD,126159.88000,4415595.80000,126159.88000,USD,126159.88000,4415595.80000,,,,,,"2025.0686.0",Provision of Vapor Recovery Unit Maintenance Services,Approved,2025-12-01 00:00:00.000,2028-12-31 00:00:00.000,126159.88,USD,,,,,,,
"2025",MPP-TH-25-00206,MPP-TH-25-00206/G1-61,"2025.0743",Provision of Maintenance and Inspection General Support Services,2025-12-01,2029-03-31,Kobchock Services Company Limited,80235383.36000,THB,2292439.52457,80235383.36000,80235383.36000,THB,2292439.52457,80235383.36000,,,,,,"2025.0743.0",Provision of Maintenance and Inspection General Support Services,Approved,2025-12-01 00:00:00.000,2029-03-31 00:00:00.000,80235383.36,THB,,,,,,,
"2025",MPP-TH-25-00206,MPP-TH-25-00206/G2-61,"2025.0743",Provision of Maintenance and Inspection General Support Services,2025-12-01,2029-03-31,Kobchock Services Company Limited,80235383.36000,THB,2292439.52457,80235383.36000,80235383.36000,THB,2292439.52457,80235383.36000,,,,,,"2025.0743.0",Provision of Maintenance and Inspection General Support Services,Approved,2025-12-01 00:00:00.000,2029-03-31 00:00:00.000,80235383.36,THB,,,,,,,
"2025",MPP-TH-25-00206,MPP-TH-25-00206/Non-PSC,"2025.0743",Provision of Maintenance and Inspection General Support Services,2025-12-01,2029-03-31,Kobchock Services Company Limited,80235383.36000,THB,2292439.52457,80235383.36000,80235383.36000,THB,2292439.52457,80235383.36000,,,,,,"2025.0743.0",Provision of Maintenance and Inspection General Support Services,Approved,2025-12-01 00:00:00.000,2029-03-31 00:00:00.000,80235383.36,THB,,,,,,,
"2025",MPP-TH-25-00208,MPP-TH-25-00208/G1-61,"2025.0492",The Provision of Manpower Services for Wellsite Geologist (Call-Off),2025-09-01,2028-10-31,DHI SERVICES (THAILAND) CO. LTD,,USD,,,1680000.00000,USD,1680000.00000,58800000.00000,1680000.00000,1680000.00000,58800000.00000,1680000.00000,58800000.00000,"2025.0492.0",The Provision of Manpower Services for Wellsite Geologist (Call-Off),Live,2025-09-01 00:00:00.000,2028-10-31 00:00:00.000,4510593,USD,"2025.0492",The Provision of Manpower Services for Wellsite Geologist (Call-Off),2025-09-01,2028-10-31,DHI SERVICES (THAILAND) CO. LTD,4510593,USD
"2025",MPP-TH-25-00208,MPP-TH-25-00208/G2-61,"2025.0492",The Provision of Manpower Services for Wellsite Geologist (Call-Off),2025-09-01,2028-10-31,DHI SERVICES (THAILAND) CO. LTD,,USD,,,1240000.00000,USD,1240000.00000,43400000.00000,1240000.00000,1240000.00000,43400000.00000,1240000.00000,43400000.00000,"2025.0492.0",The Provision of Manpower Services for Wellsite Geologist (Call-Off),Live,2025-09-01 00:00:00.000,2028-10-31 00:00:00.000,4510593,USD,"2025.0492",The Provision of Manpower Services for Wellsite Geologist (Call-Off),2025-09-01,2028-10-31,DHI SERVICES (THAILAND) CO. LTD,4510593,USD
"2025",MPP-TH-25-00216,MPP-TH-25-00216/G1-61,"2025.0890",Supply of Mercury Removal Filter in Condensate for G1/61,2025-12-01,2028-11-30,"SNU SOLUTIONS PROVIDER CO.,LTD",3808000.00000,THB,108800.00000,3808000.00000,3808000.00000,THB,108800.00000,3808000.00000,,,,,,"2025.0890.0",Supply of Mercury Removal Filter in Condensate for G1/61,Approved,2025-12-01 00:00:00.000,2028-11-30 00:00:00.000,3808000,THB,,,,,,,
"2025",MPP-TH-25-00216,MPP-TH-25-00216/G2-61,"2025.0891",Supply of Mercury Removal Filter in Condensate for G2/61,2025-12-01,2028-11-30,"SNU SOLUTIONS PROVIDER CO.,LTD",115378560.00000,THB,3296530.28571,115378560.00000,115378560.00000,THB,3296530.28571,115378560.00000,,,,,,"2025.0891.0",Supply of Mercury Removal Filter in Condensate for G2/61,Approved,2025-12-01 00:00:00.000,2028-11-30 00:00:00.000,115378560,THB,,,,,,,
"2025",MPP-TH-25-00216,MPP-TH-25-00216/Non-PSC,"2025.0763",Supply of Mercury Removal Filter in Condensate for Arthit,2025-12-01,2028-11-30,"SNU SOLUTIONS PROVIDER CO.,LTD",28236120.00000,THB,806746.28571,28236120.00000,28236120.00000,THB,806746.28571,28236120.00000,,,,,,"2025.0763.0",Supply of Mercury Removal Filter in Condensate for Arthit,Approved,2025-12-01 00:00:00.000,2028-11-30 00:00:00.000,28236120,THB,,,,,,,
"2025",MPP-TH-25-00217,MPP-TH-25-00217/G1-61,"2025.0600",Provision Of Well Unloading Unit Services for G1/61 (Call-Off),2025-11-01,2027-07-31,PRODUCTION SOLUTIONS (THAILAND) LIMITED,10290103.00000,USD,10290103.00000,360153605.00000,10290103.00000,USD,10290103.00000,360153605.00000,,,,,,"2025.0600.0",Provision Of Well Unloading Unit Services for G1/61 (Call-Off),Live,2025-11-01 00:00:00.000,2027-07-31 00:00:00.000,10290103,USD,"2025.0600",Provision Of Well Unloading Unit Services for G1/61 (Call-Off),2025-11-01,2027-07-31,PRODUCTION SOLUTIONS (THAILAND) LIMITED,10290103,USD
"2025",MPP-TH-25-00217,MPP-TH-25-00217/G1-61,"2025.0833",Provision Of Well Unloading Unit Services for G1/61 (Call-Off),2025-11-01,2027-07-31,EXPRO OVERSEAS INC,3467093.00000,USD,3467093.00000,121348255.00000,3467093.00000,USD,3467093.00000,121348255.00000,,,,,,"2025.0833.0",Provision Of Well Unloading Unit Services for G1/61 (Call-Off),Live,2025-11-01 00:00:00.000,2027-07-31 00:00:00.000,3467093,USD,"2025.0833",Provision Of Well Unloading Unit Services for G1/61 (Call-Off),2025-11-01,2027-07-31,EXPRO OVERSEAS INC,3467093,USD
"2025",MPP-TH-25-00217,MPP-TH-25-00217/G2-61,"2025.0832",Provision Of Well Unloading Unit Services for G2/61 (Call-Off),2025-11-01,2027-07-31,EXPRO OVERSEAS INC,5006464.00000,USD,5006464.00000,175226240.00000,5006464.00000,USD,5006464.00000,175226240.00000,,,,,,"2025.0832.0",Provision Of Well Unloading Unit Services for G2/61 (Call-Off),Live,2025-11-01 00:00:00.000,2027-07-31 00:00:00.000,5006464,USD,"2025.0832",Provision Of Well Unloading Unit Services for G2/61 (Call-Off),2025-11-01,2027-07-31,EXPRO OVERSEAS INC,5006464,USD
"2025",MPP-TH-25-00223,MPP-TH-25-00223/G1-61,"2025.0425","Provision of Water Analysis Service for G1/61, G2/61, G12/48 and ART",2025-05-01,2030-04-30,INTERTEK TESTING SERVICES (THAILAND) LTD.,2521000.00000,THB,72028.57143,2521000.00000,2521000.00000,THB,72028.57143,2521000.00000,1593000.00000,45514.28571,1593000.00000,45514.28571,1593000.00000,"2025.0425.1","Provision of Water Analysis Service for G1/61, G2/61, G12/48 and ART",Live,2025-05-01 00:00:00.000,2030-04-30 00:00:00.000,2521000,THB,"2025.0425","Provision of Water Analysis Service for G1/61, G2/61, G12/48 and ART",2025-05-01,2030-04-30,INTERTEK TESTING SERVICES (THAILAND) LTD.,2521000,THB
"2025",MPP-TH-25-00223,MPP-TH-25-00223/G2-61,"2025.0425","Provision of Water Analysis Service for G1/61, G2/61, G12/48 and ART",2025-05-01,2030-04-30,INTERTEK TESTING SERVICES (THAILAND) LTD.,2521000.00000,THB,72028.57143,2521000.00000,2521000.00000,THB,72028.57143,2521000.00000,551000.00000,15742.85714,551000.00000,15742.85714,551000.00000,"2025.0425.1","Provision of Water Analysis Service for G1/61, G2/61, G12/48 and ART",Live,2025-05-01 00:00:00.000,2030-04-30 00:00:00.000,2521000,THB,"2025.0425","Provision of Water Analysis Service for G1/61, G2/61, G12/48 and ART",2025-05-01,2030-04-30,INTERTEK TESTING SERVICES (THAILAND) LTD.,2521000,THB
"2025",MPP-TH-25-00223,MPP-TH-25-00223/Non-PSC,"2025.0425","Provision of Water Analysis Service for G1/61, G2/61, G12/48 and ART",2025-05-01,2030-04-30,INTERTEK TESTING SERVICES (THAILAND) LTD.,2521000.00000,THB,72028.57143,2521000.00000,2521000.00000,THB,72028.57143,2521000.00000,365000.00000,10428.57142,365000.00000,10428.57142,365000.00000,"2025.0425.1","Provision of Water Analysis Service for G1/61, G2/61, G12/48 and ART",Live,2025-05-01 00:00:00.000,2030-04-30 00:00:00.000,2521000,THB,"2025.0425","Provision of Water Analysis Service for G1/61, G2/61, G12/48 and ART",2025-05-01,2030-04-30,INTERTEK TESTING SERVICES (THAILAND) LTD.,2521000,THB
"2025",MPP-TH-25-00237,MPP-TH-25-00237/G1-61,"2025.0341","Price Agreement for Offshore Painting Material for G1/61, G2/61, ART and G8/50 (Call-Off)",2025-05-15,2028-05-14,JOTUN THAILAND LIMITED,54388000.00000,THB,1553942.85714,54388000.00000,690000.00000,USD,690000.00000,24150000.00000,690000.00000,690000.00000,24150000.00000,690000.00000,24150000.00000,"2025.0341.0","Price Agreement for Offshore Painting Material for G1/61, G2/61, ART and G8/50 (Call-Off)",Live,2025-05-15 00:00:00.000,2028-05-14 00:00:00.000,54388000,THB,"2025.0341","Price Agreement for Offshore Painting Material for G1/61, G2/61, ART and G8/50 (Call-Off)",2025-05-15,2028-05-14,JOTUN THAILAND LIMITED,54388000,THB
"2025",MPP-TH-25-00237,MPP-TH-25-00237/G2-61,"2025.0341","Price Agreement for Offshore Painting Material for G1/61, G2/61, ART and G8/50 (Call-Off)",2025-05-15,2028-05-14,JOTUN THAILAND LIMITED,54388000.00000,THB,1553942.85714,54388000.00000,550000.00000,USD,550000.00000,19250000.00000,550000.00000,550000.00000,19250000.00000,550000.00000,19250000.00000,"2025.0341.0","Price Agreement for Offshore Painting Material for G1/61, G2/61, ART and G8/50 (Call-Off)",Live,2025-05-15 00:00:00.000,2028-05-14 00:00:00.000,54388000,THB,"2025.0341","Price Agreement for Offshore Painting Material for G1/61, G2/61, ART and G8/50 (Call-Off)",2025-05-15,2028-05-14,JOTUN THAILAND LIMITED,54388000,THB
"2025",MPP-TH-25-00237,MPP-TH-25-00237/Non-PSC,"2025.0341","Price Agreement for Offshore Painting Material for G1/61, G2/61, ART and G8/50 (Call-Off)",2025-05-15,2028-05-14,JOTUN THAILAND LIMITED,54388000.00000,THB,1553942.85714,54388000.00000,54388000.00000,THB,1903580000.00000,54388000.00000,,,,,,"2025.0341.0","Price Agreement for Offshore Painting Material for G1/61, G2/61, ART and G8/50 (Call-Off)",Live,2025-05-15 00:00:00.000,2028-05-14 00:00:00.000,54388000,THB,"2025.0341","Price Agreement for Offshore Painting Material for G1/61, G2/61, ART and G8/50 (Call-Off)",2025-05-15,2028-05-14,JOTUN THAILAND LIMITED,54388000,THB
"2025",MPP-TH-25-00239,MPP-TH-25-00239/G1-65,THC20-5031,OTF-20-0005 Supply of Drilling Base Fluid for G1/61,2020-11-01,2026-04-30,DIALOG SYSTEMS (THAILAND) LTD,96405169.00000,USD,96405169.00000,3374180915.00000,860000.00000,USD,860000.00000,30100000.00000,860000.00000,860000.00000,30100000.00000,860000.00000,30100000.00000,THC20-5031.1,Supply of Drilling Base Fluid for G1/61,Approved,2020-11-01 00:00:00.000,2026-04-30 00:00:00.000,96405169,USD,THC20-5031,OTF-20-0005 Supply of Drilling Base Fluid for G1/61,2020-11-01,2026-04-30,DIALOG SYSTEMS (THAILAND) LTD,96405169,USD
"2025",MPP-TH-25-00239,MPP-TH-25-00239/G3-65,THC20-5031,OTF-20-0005 Supply of Drilling Base Fluid for G1/61,2020-11-01,2026-04-30,DIALOG SYSTEMS (THAILAND) LTD,96405169.00000,USD,96405169.00000,3374180915.00000,1160000.00000,USD,1160000.00000,40600000.00000,1160000.00000,1160000.00000,40600000.00000,1160000.00000,40600000.00000,THC20-5031.1,Supply of Drilling Base Fluid for G1/61,Approved,2020-11-01 00:00:00.000,2026-04-30 00:00:00.000,96405169,USD,THC20-5031,OTF-20-0005 Supply of Drilling Base Fluid for G1/61,2020-11-01,2026-04-30,DIALOG SYSTEMS (THAILAND) LTD,96405169,USD
"2025",MPP-TH-25-00240,MPP-TH-25-00240/G1-61,"2024.0317",Amendment of 2024.0317.1,2025-03-12,2028-03-31,SAMART TELECOMS PUBLIC COMPANY LIMITED,22469700.00000,THB,641991.42857,22469700.00000,280000.00000,USD,280000.00000,9800000.00000,280000.00000,280000.00000,9800000.00000,280000.00000,9800000.00000,"2024.0317.3",Amendment of 2024.0317.1,Live,2025-03-12 00:00:00.000,2028-03-31 00:00:00.000,0.01,THB,"2024.0317",Amendment of 2024.0317.1,2025-03-12,2028-03-31,SAMART TELECOMS PUBLIC COMPANY LIMITED,0.01,THB
"2025",MPP-TH-25-00240,MPP-TH-25-00240/G2-61,"2024.0317",Amendment of 2024.0317.1,2025-03-12,2028-03-31,SAMART TELECOMS PUBLIC COMPANY LIMITED,22469700.00000,THB,641991.42857,22469700.00000,22469700.00000,THB,786439500.00000,22469700.00000,,,,,,"2024.0317.3",Amendment of 2024.0317.1,Live,2025-03-12 00:00:00.000,2028-03-31 00:00:00.000,0.01,THB,"2024.0317",Amendment of 2024.0317.1,2025-03-12,2028-03-31,SAMART TELECOMS PUBLIC COMPANY LIMITED,0.01,THB
"2025",MPP-TH-25-00240,MPP-TH-25-00240/Non-PSC,"2024.0317",Amendment of 2024.0317.1,2025-03-12,2028-03-31,SAMART TELECOMS PUBLIC COMPANY LIMITED,22469700.00000,THB,641991.42857,22469700.00000,22469700.00000,THB,786439500.00000,22469700.00000,,,,,,"2024.0317.3",Amendment of 2024.0317.1,Live,2025-03-12 00:00:00.000,2028-03-31 00:00:00.000,0.01,THB,"2024.0317",Amendment of 2024.0317.1,2025-03-12,2028-03-31,SAMART TELECOMS PUBLIC COMPANY LIMITED,0.01,THB
"2025",MPP-TH-25-00242,MPP-TH-25-00242/G1-61,"2025.0335",Price Agreement for Supply of Fisher Products (2025-2027),2025-05-16,2027-05-15,"KANIT ENGINEERING CORP., LTD.",1240638.00000,USD,1240638.00000,43422330.00000,440000.00000,USD,440000.00000,15400000.00000,440000.00000,440000.00000,15400000.00000,440000.00000,15400000.00000,"2025.0335.0",Price Agreement for Supply of Fisher Products (2025-2027),Live,2025-05-16 00:00:00.000,2027-05-15 00:00:00.000,1240638,USD,"2025.0335",Price Agreement for Supply of Fisher Products (2025-2027),2025-05-16,2027-05-15,"KANIT ENGINEERING CORP., LTD.",1240638,USD
"2025",MPP-TH-25-00242,MPP-TH-25-00242/G2-61,"2025.0335",Price Agreement for Supply of Fisher Products (2025-2027),2025-05-16,2027-05-15,"KANIT ENGINEERING CORP., LTD.",1240638.00000,USD,1240638.00000,43422330.00000,280000.00000,USD,280000.00000,9800000.00000,280000.00000,280000.00000,9800000.00000,280000.00000,9800000.00000,"2025.0335.0",Price Agreement for Supply of Fisher Products (2025-2027),Live,2025-05-16 00:00:00.000,2027-05-15 00:00:00.000,1240638,USD,"2025.0335",Price Agreement for Supply of Fisher Products (2025-2027),2025-05-16,2027-05-15,"KANIT ENGINEERING CORP., LTD.",1240638,USD
"2025",MPP-TH-25-00242,MPP-TH-25-00242/Non-PSC,"2025.0335",Price Agreement for Supply of Fisher Products (2025-2027),2025-05-16,2027-05-15,"KANIT ENGINEERING CORP., LTD.",1240638.00000,USD,1240638.00000,43422330.00000,1240638.00000,USD,1240638.00000,43422330.00000,,,,,,"2025.0335.0",Price Agreement for Supply of Fisher Products (2025-2027),Live,2025-05-16 00:00:00.000,2027-05-15 00:00:00.000,1240638,USD,"2025.0335",Price Agreement for Supply of Fisher Products (2025-2027),2025-05-16,2027-05-15,"KANIT ENGINEERING CORP., LTD.",1240638,USD
"2025",MPP-TH-25-00245,MPP-TH-25-00245/G1-61,"2024.0021",Contract Amendment 2 for Provision of One (1) 80-130 Ton Bollard Pull AHTS to Support Development Drilling for G2/61 and Other Assets - TC Jupiter,2024-11-01,2026-11-30,"SC MANAGEMENT CO., LTD.",8049600.00000,USD,8049600.00000,281736000.00000,1510000.00000,USD,1510000.00000,52850000.00000,1510000.00000,1510000.00000,52850000.00000,1510000.00000,52850000.00000,"2024.0021.2",Contract Amendment 2 for Provision of One (1) 80-130 Ton Bollard Pull AHTS to Support Development Drilling for G2/61 and Other Assets - TC Jupiter,Live,2024-11-01 00:00:00.000,2026-11-30 00:00:00.000,8049600,USD,"2024.0021",Contract Amendment 2 for Provision of One (1) 80-130 Ton Bollard Pull AHTS to Support Development Drilling for G2/61 and Other Assets - TC Jupiter,2024-11-01,2026-11-30,"SC MANAGEMENT CO., LTD.",8049600,USD
"2025",MPP-TH-25-00249,MPP-TH-25-00249/G2-61,"2025.0398",Provision of SWIM and PRISM Services for G2/61 Asset (Call-off),2025-05-15,2028-05-14,EXPRO OVERSEAS INC,43133640.00000,THB,1232389.71429,43133640.00000,1230000.00000,USD,1230000.00000,43050000.00000,1230000.00000,1230000.00000,43050000.00000,1230000.00000,43050000.00000,"2025.0398.0",Provision of SWIM and PRISM Services for G2/61 Asset (Call-off),Live,2025-05-15 00:00:00.000,2028-05-14 00:00:00.000,43133640,THB,"2025.0398",Provision of SWIM and PRISM Services for G2/61 Asset (Call-off),2025-05-15,2028-05-14,EXPRO OVERSEAS INC,43133640,THB
"2025",MPP-TH-25-00250,MPP-TH-25-00250/G1-61,"2025.0391",Sale and Purchase of Wellhead Platform Topside Facility Agreement of Satun Wellhead Platform Q – SAWQ (CTEP),2025-03-14,2026-03-13,"CHEVRON THAILAND EXPLORATION AND PRODUCTION, LTD.",1006640.60000,USD,1006640.60000,35232421.00000,1006640.60000,USD,1006640.60000,35232421.00000,,,,,,"2025.0391.0",Sale and Purchase of Wellhead Platform Topside Facility Agreement of Satun Wellhead Platform Q – SAWQ (CTEP),Live,2025-03-14 00:00:00.000,2026-03-13 00:00:00.000,1006640.6,USD,"2025.0391",Sale and Purchase of Wellhead Platform Topside Facility Agreement of Satun Wellhead Platform Q – SAWQ (CTEP),2025-03-14,2026-03-13,"CHEVRON THAILAND EXPLORATION AND PRODUCTION, LTD.",1006640.6,USD
"2025",MPP-TH-25-00250,MPP-TH-25-00250/G1-61,"2025.0392",Sale and Purchase of Wellhead Platform Topside Facility Agreement of Satun Wellhead Platform Q – SAWQ (MOECO),2025-03-14,2026-03-13,"MITSUI ENERGY DEVELOPMENT CO., LTD",431417.40000,USD,431417.40000,15099609.00000,431417.40000,USD,431417.40000,15099609.00000,,,,,,"2025.0392.1",Sale and Purchase of Wellhead Platform Topside Facility Agreement of Satun Wellhead Platform Q – SAWQ (MOECO),Live,2025-03-14 00:00:00.000,2026-03-13 00:00:00.000,431417.4,USD,"2025.0392",Sale and Purchase of Wellhead Platform Topside Facility Agreement of Satun Wellhead Platform Q – SAWQ (MOECO),2025-03-14,2026-03-13,"MITSUI ENERGY DEVELOPMENT CO., LTD",431417.4,USD
"2025",MPP-TH-25-00250,MPP-TH-25-00250/G1-61,"2025.0393",Sale and Purchase of Wellhead Platform Topside Facility Agreement of Platong Wellhead Platform K- PLWK (CTEP),2025-03-14,2026-03-14,"CHEVRON THAILAND EXPLORATION AND PRODUCTION, LTD.",1006640.60000,USD,1006640.60000,35232421.00000,1010000.00000,USD,1010000.00000,35350000.00000,1010000.00000,1010000.00000,35350000.00000,1010000.00000,35350000.00000,"2025.0393.1",Sale and Purchase of Wellhead Platform Topside Facility Agreement of Platong Wellhead Platform K- PLWK (CTEP),Live,2025-03-14 00:00:00.000,2026-03-13 00:00:00.000,1006640.6,USD,"2025.0393",Sale and Purchase of Wellhead Platform Topside Facility Agreement of Platong Wellhead Platform K- PLWK (CTEP),2025-03-14,2026-03-13,"CHEVRON THAILAND EXPLORATION AND PRODUCTION, LTD.",1006640.6,USD
"2025",MPP-TH-25-00250,MPP-TH-25-00250/G1-61,"2025.0394",Sale and Purchase of Wellhead Platform Topside Facility Agreement of Platong Wellhead Platform K- PLWK (MOECO),2025-03-14,2026-03-14,"MITSUI ENERGY DEVELOPMENT CO., LTD",431417.40000,USD,431417.40000,15099609.00000,430000.00000,USD,430000.00000,15050000.00000,430000.00000,430000.00000,15050000.00000,430000.00000,15050000.00000,"2025.0394.1",Sale and Purchase of Wellhead Platform Topside Facility Agreement of Platong Wellhead Platform K- PLWK (MOECO),Live,2025-03-14 00:00:00.000,2026-03-13 00:00:00.000,431417.4,USD,"2025.0394",Sale and Purchase of Wellhead Platform Topside Facility Agreement of Platong Wellhead Platform K- PLWK (MOECO),2025-03-14,2026-03-13,"MITSUI ENERGY DEVELOPMENT CO., LTD",431417.4,USD
"2025",MPP-TH-25-00250,MPP-TH-25-00250/G1-61,"2025.0395",Sale and Purchase of Wellhead Platform Topside Facility Agreement of Plamuk Wellhead Platform M - PMWM (CTEP),2025-03-14,2026-03-14,"CHEVRON THAILAND EXPLORATION AND PRODUCTION, LTD.",1024616.32000,USD,1024616.32000,35861571.20000,1020000.00000,USD,1020000.00000,35700000.00000,1020000.00000,1020000.00000,35700000.00000,1020000.00000,35700000.00000,"2025.0395.0",Sale and Purchase of Wellhead Platform Topside Facility Agreement of Plamuk Wellhead Platform M - PMWM (CTEP),Live,2025-03-14 00:00:00.000,2026-03-13 00:00:00.000,1024616.32,USD,"2025.0395",Sale and Purchase of Wellhead Platform Topside Facility Agreement of Plamuk Wellhead Platform M - PMWM (CTEP),2025-03-14,2026-03-13,"CHEVRON THAILAND EXPLORATION AND PRODUCTION, LTD.",1024616.32,USD
"2025",MPP-TH-25-00250,MPP-TH-25-00250/G1-61,"2025.0396",Sale and Purchase of Wellhead Platform Topside Facility Agreement of Plamuk Wellhead Platform M - PMWM (MOECO),2025-03-14,2026-03-14,"MITSUI ENERGY DEVELOPMENT CO., LTD",341538.78000,USD,341538.78000,11953857.30000,340000.00000,USD,340000.00000,11900000.00000,340000.00000,340000.00000,11900000.00000,340000.00000,11900000.00000,"2025.0396.1",Sale and Purchase of Wellhead Platform Topside Facility Agreement of Plamuk Wellhead Platform M - PMWM (MOECO),Live,2025-03-14 00:00:00.000,2026-03-13 00:00:00.000,341538.78,USD,"2025.0396",Sale and Purchase of Wellhead Platform Topside Facility Agreement of Plamuk Wellhead Platform M - PMWM (MOECO),2025-03-14,2026-03-13,"MITSUI ENERGY DEVELOPMENT CO., LTD",341538.78,USD
"2025",MPP-TH-25-00250,MPP-TH-25-00250/G1-61,"2025.0397",Sale and Purchase of Wellhead Platform Topside Facility Agreement of Plamuk Wellhead Platform M - PMWM (PTTEP),2025-03-14,2026-03-14,PTT EXPLORATION AND PRODUCTION PUBLIC COMPANY LIMITED,71902.90000,USD,71902.90000,2516601.50000,70000.00000,USD,70000.00000,2450000.00000,70000.00000,70000.00000,2450000.00000,70000.00000,2450000.00000,"2025.0397.0",Sale and Purchase of Wellhead Platform Topside Facility Agreement of Plamuk Wellhead Platform M - PMWM (PTTEP),Live,2025-03-14 00:00:00.000,2026-03-13 00:00:00.000,71902.9,USD,"2025.0397",Sale and Purchase of Wellhead Platform Topside Facility Agreement of Plamuk Wellhead Platform M - PMWM (PTTEP),2025-03-14,2026-03-13,PTT EXPLORATION AND PRODUCTION PUBLIC COMPANY LIMITED,71902.9,USD
"2025",MPP-TH-25-00250,MPP-TH-25-00250/G2-61,"2025.0391",Sale and Purchase of Wellhead Platform Topside Facility Agreement of Satun Wellhead Platform Q – SAWQ (CTEP),2025-03-14,2026-03-13,"CHEVRON THAILAND EXPLORATION AND PRODUCTION, LTD.",1006640.60000,USD,1006640.60000,35232421.00000,1010000.00000,USD,1010000.00000,35350000.00000,1006640.60000,1006640.60000,35232421.00000,1006640.60000,35232421.00000,"2025.0391.0",Sale and Purchase of Wellhead Platform Topside Facility Agreement of Satun Wellhead Platform Q – SAWQ (CTEP),Live,2025-03-14 00:00:00.000,2026-03-13 00:00:00.000,1006640.6,USD,"2025.0391",Sale and Purchase of Wellhead Platform Topside Facility Agreement of Satun Wellhead Platform Q – SAWQ (CTEP),2025-03-14,2026-03-13,"CHEVRON THAILAND EXPLORATION AND PRODUCTION, LTD.",1006640.6,USD
"2025",MPP-TH-25-00250,MPP-TH-25-00250/G2-61,"2025.0392",Sale and Purchase of Wellhead Platform Topside Facility Agreement of Satun Wellhead Platform Q – SAWQ (MOECO),2025-03-14,2026-03-13,"MITSUI ENERGY DEVELOPMENT CO., LTD",431417.40000,USD,431417.40000,15099609.00000,430000.00000,USD,430000.00000,15050000.00000,431417.40000,431417.40000,15099609.00000,431417.40000,15099609.00000,"2025.0392.1",Sale and Purchase of Wellhead Platform Topside Facility Agreement of Satun Wellhead Platform Q – SAWQ (MOECO),Live,2025-03-14 00:00:00.000,2026-03-13 00:00:00.000,431417.4,USD,"2025.0392",Sale and Purchase of Wellhead Platform Topside Facility Agreement of Satun Wellhead Platform Q – SAWQ (MOECO),2025-03-14,2026-03-13,"MITSUI ENERGY DEVELOPMENT CO., LTD",431417.4,USD
"2025",MPP-TH-25-00250,MPP-TH-25-00250/G2-61,"2025.0393",Sale and Purchase of Wellhead Platform Topside Facility Agreement of Platong Wellhead Platform K- PLWK (CTEP),2025-03-14,2026-03-14,"CHEVRON THAILAND EXPLORATION AND PRODUCTION, LTD.",1006640.60000,USD,1006640.60000,35232421.00000,1006640.60000,USD,1006640.60000,35232421.00000,,,,,,"2025.0393.1",Sale and Purchase of Wellhead Platform Topside Facility Agreement of Platong Wellhead Platform K- PLWK (CTEP),Live,2025-03-14 00:00:00.000,2026-03-13 00:00:00.000,1006640.6,USD,"2025.0393",Sale and Purchase of Wellhead Platform Topside Facility Agreement of Platong Wellhead Platform K- PLWK (CTEP),2025-03-14,2026-03-13,"CHEVRON THAILAND EXPLORATION AND PRODUCTION, LTD.",1006640.6,USD
"2025",MPP-TH-25-00250,MPP-TH-25-00250/G2-61,"2025.0394",Sale and Purchase of Wellhead Platform Topside Facility Agreement of Platong Wellhead Platform K- PLWK (MOECO),2025-03-14,2026-03-14,"MITSUI ENERGY DEVELOPMENT CO., LTD",431417.40000,USD,431417.40000,15099609.00000,431417.40000,USD,431417.40000,15099609.00000,,,,,,"2025.0394.1",Sale and Purchase of Wellhead Platform Topside Facility Agreement of Platong Wellhead Platform K- PLWK (MOECO),Live,2025-03-14 00:00:00.000,2026-03-13 00:00:00.000,431417.4,USD,"2025.0394",Sale and Purchase of Wellhead Platform Topside Facility Agreement of Platong Wellhead Platform K- PLWK (MOECO),2025-03-14,2026-03-13,"MITSUI ENERGY DEVELOPMENT CO., LTD",431417.4,USD
"2025",MPP-TH-25-00250,MPP-TH-25-00250/G2-61,"2025.0395",Sale and Purchase of Wellhead Platform Topside Facility Agreement of Plamuk Wellhead Platform M - PMWM (CTEP),2025-03-14,2026-03-14,"CHEVRON THAILAND EXPLORATION AND PRODUCTION, LTD.",1024616.32000,USD,1024616.32000,35861571.20000,1024616.32000,USD,1024616.32000,35861571.20000,,,,,,"2025.0395.0",Sale and Purchase of Wellhead Platform Topside Facility Agreement of Plamuk Wellhead Platform M - PMWM (CTEP),Live,2025-03-14 00:00:00.000,2026-03-13 00:00:00.000,1024616.32,USD,"2025.0395",Sale and Purchase of Wellhead Platform Topside Facility Agreement of Plamuk Wellhead Platform M - PMWM (CTEP),2025-03-14,2026-03-13,"CHEVRON THAILAND EXPLORATION AND PRODUCTION, LTD.",1024616.32,USD
"2025",MPP-TH-25-00250,MPP-TH-25-00250/G2-61,"2025.0397",Sale and Purchase of Wellhead Platform Topside Facility Agreement of Plamuk Wellhead Platform M - PMWM (PTTEP),2025-03-14,2026-03-14,PTT EXPLORATION AND PRODUCTION PUBLIC COMPANY LIMITED,71902.90000,USD,71902.90000,2516601.50000,71902.90000,USD,71902.90000,2516601.50000,,,,,,"2025.0397.0",Sale and Purchase of Wellhead Platform Topside Facility Agreement of Plamuk Wellhead Platform M - PMWM (PTTEP),Live,2025-03-14 00:00:00.000,2026-03-13 00:00:00.000,71902.9,USD,"2025.0397",Sale and Purchase of Wellhead Platform Topside Facility Agreement of Plamuk Wellhead Platform M - PMWM (PTTEP),2025-03-14,2026-03-13,PTT EXPLORATION AND PRODUCTION PUBLIC COMPANY LIMITED,71902.9,USD
"2025",MPP-TH-25-00251,MPP-TH-25-00251/G1-61,"2025.0374",Supply of Offshore Splitter Wellhead & Christmas Tree 2025-2026 for G1/61 (Call-Off),2025-08-20,2027-02-19,SPM OIL & GAS PC SINGAPORE PTE. LTD,,USD,,,2767000.00000,USD,2767000.00000,96845000.00000,2767000.00000,2767000.00000,96845000.00000,2767000.00000,96845000.00000,"2025.0374.0",Supply of Offshore Splitter Wellhead & Christmas Tree 2025-2026 for G1/61 (Call-Off),Live,2025-08-20 00:00:00.000,2027-02-19 00:00:00.000,2767000,USD,"2025.0374",Supply of Offshore Splitter Wellhead & Christmas Tree 2025-2026 for G1/61 (Call-Off),2025-08-20,2027-02-19,SPM OIL & GAS PC SINGAPORE PTE. LTD,2767000,USD
"2025",MPP-TH-25-00251,MPP-TH-25-00251/G1-61,"2025.0375",Provision of Offshore Splitter Wellhead and Christmas Tree Services 2025-2026 for G1/61 (Call-Off),2025-08-20,2027-02-19,SPM OIL & GAS PC SINGAPORE PTE. LTD,,USD,,,1055000.00000,USD,1055000.00000,36925000.00000,2767000.00000,2767000.00000,96845000.00000,2767000.00000,96845000.00000,"2025.0375.0",Provision of Offshore Splitter Wellhead and Christmas Tree Services 2025-2026 for G1/61 (Call-Off),Live,2025-08-20 00:00:00.000,2027-02-19 00:00:00.000,1055000,USD,"2025.0375",Provision of Offshore Splitter Wellhead and Christmas Tree Services 2025-2026 for G1/61 (Call-Off),2025-08-20,2027-02-19,SPM OIL & GAS PC SINGAPORE PTE. LTD,1055000,USD
"2025",MPP-TH-25-00252,MPP-TH-25-00252/G1-61,"2025.0438",Provision of Insulation Installation and High Temperature Painting Repair Services Contract,2025-07-15,2030-08-14,KAEFER ENGINEERING (THAILAND) LIMITED,254991153.00000,THB,7285461.51429,254991153.00000,4740000.00000,USD,4740000.00000,165900000.00000,4740000.00000,4740000.00000,165900000.00000,4740000.00000,165900000.00000,"2025.0438.0",Provision of Insulation Installation and High Temperature Painting Repair Services Contract,Live,2025-07-15 00:00:00.000,2030-08-14 00:00:00.000,254991153,THB,"2025.0438",Provision of Insulation Installation and High Temperature Painting Repair Services Contract,2025-07-15,2030-08-14,KAEFER ENGINEERING (THAILAND) LIMITED,254991153,THB
"2025",MPP-TH-25-00252,MPP-TH-25-00252/G2-61,"2025.0438",Provision of Insulation Installation and High Temperature Painting Repair Services Contract,2025-07-15,2030-08-14,KAEFER ENGINEERING (THAILAND) LIMITED,254991153.00000,THB,7285461.51429,254991153.00000,1700000.00000,USD,1700000.00000,59500000.00000,1700000.00000,1700000.00000,59500000.00000,1700000.00000,59500000.00000,"2025.0438.0",Provision of Insulation Installation and High Temperature Painting Repair Services Contract,Live,2025-07-15 00:00:00.000,2030-08-14 00:00:00.000,254991153,THB,"2025.0438",Provision of Insulation Installation and High Temperature Painting Repair Services Contract,2025-07-15,2030-08-14,KAEFER ENGINEERING (THAILAND) LIMITED,254991153,THB
"2025",MPP-TH-25-00252,MPP-TH-25-00252/Non-PSC,"2025.0438",Provision of Insulation Installation and High Temperature Painting Repair Services Contract,2025-07-15,2030-08-14,KAEFER ENGINEERING (THAILAND) LIMITED,254991153.00000,THB,7285461.51429,254991153.00000,254991153.00000,THB,8924690355.00000,254991153.00000,,,,,,"2025.0438.0",Provision of Insulation Installation and High Temperature Painting Repair Services Contract,Live,2025-07-15 00:00:00.000,2030-08-14 00:00:00.000,254991153,THB,"2025.0438",Provision of Insulation Installation and High Temperature Painting Repair Services Contract,2025-07-15,2030-08-14,KAEFER ENGINEERING (THAILAND) LIMITED,254991153,THB
"2025",MPP-TH-25-00253,MPP-TH-25-00253/G1-61,"2025.0599",Supply of Intermediate Fuel Oil ISO 8217 Marine Fuels (Class F) RME Category for G1FSO,2025-11-01,2028-11-30,PTT OIL AND RETAIL BUSINESS PUBLIC COMPANY LIMITED,408213962.00000,THB,11663256.05714,408213962.00000,408213962.00000,THB,11663256.05714,408213962.00000,,,,,,"2025.0599.0",Supply of Intermediate Fuel Oil ISO 8217 Marine Fuels (Class F) RME Category for G1FSO,Live,2025-11-01 00:00:00.000,2028-11-30 00:00:00.000,408213962,THB,"2025.0599",Supply of Intermediate Fuel Oil ISO 8217 Marine Fuels (Class F) RME Category for G1FSO,2025-11-01,2028-11-30,PTT OIL AND RETAIL BUSINESS PUBLIC COMPANY LIMITED,408213962,THB
"2025",MPP-TH-25-00254,MPP-TH-25-00254/Non-PSC,"2025.0436","Prevision of Security Guard Service for ENCO, PSRC, PTIC, RASC",2025-06-01,2028-06-30,"SIAM ADMINISTRATIVE MANAGEMENT AND SECURITY GUARDS CO.,LTD.",47102400.00000,THB,1345782.85714,47102400.00000,47102400.00000,THB,1648584000.00000,47102400.00000,,,,,,"2025.0436.0","Prevision of Security Guard Service for ENCO, PSRC, PTIC, RASC",Live,2025-06-01 00:00:00.000,2028-06-30 00:00:00.000,47102400,THB,"2025.0436","Prevision of Security Guard Service for ENCO, PSRC, PTIC, RASC",2025-06-01,2028-06-30,"SIAM ADMINISTRATIVE MANAGEMENT AND SECURITY GUARDS CO.,LTD.",47102400,THB
"2025",MPP-TH-25-00259,MPP-TH-25-00259/Non-PSC,"2025.0411","Supply of 3.1/2"" Carbon Steel OCTG Products to Support S1 for Delivery in Q3/2025",2025-05-01,2026-10-31,JIANGSU CHANGBAO STEEL TUBULARS CORPORATION,1721000.00000,USD,1721000.00000,60235000.00000,1721000.00000,USD,1721000.00000,60235000.00000,,,,,,"2025.0411.0","Supply of 3.1/2"" Carbon Steel OCTG Products to Support S1 for Delivery in Q3/2025",Live,2025-05-01 00:00:00.000,2026-10-31 00:00:00.000,1721000,USD,"2025.0411",Supply of 3.1/2  Carbon Steel OCTG Products to Support S1 for Delivery in Q3/2025,2025-05-01,2026-10-31,JIANGSU CHANGBAO STEEL TUBULARS CORPORATION,1721000,USD
"2025",MPP-TH-25-00260,MPP-TH-25-00260/G1-61,"2025.0431",Provision of Medical and Occupational Health Services for Domestic Offshore Vessels,2025-05-01,2028-12-31,INTERNATIONAL SOS SERVICES (THAILAND) LTD.,94319627.80000,THB,2694846.50857,94319627.80000,1640000.00000,USD,1640000.00000,57400000.00000,1640000.00000,1640000.00000,57400000.00000,1640000.00000,57400000.00000,"2025.0431.2",Provision of Medical and Occupational Health Services for Domestic Offshore Vessels,Live,2025-05-01 00:00:00.000,2028-12-31 00:00:00.000,94319627.8,THB,"2025.0431",Provision of Medical and Occupational Health Services for Domestic Offshore Vessels,2025-05-01,2028-12-31,INTERNATIONAL SOS SERVICES (THAILAND) LTD.,94319627.799999997,THB
"2025",MPP-TH-25-00260,MPP-TH-25-00260/G2-61,"2025.0431",Provision of Medical and Occupational Health Services for Domestic Offshore Vessels,2025-05-01,2028-12-31,INTERNATIONAL SOS SERVICES (THAILAND) LTD.,94319627.80000,THB,2694846.50857,94319627.80000,800000.00000,USD,800000.00000,28000000.00000,800000.00000,800000.00000,28000000.00000,800000.00000,28000000.00000,"2025.0431.2",Provision of Medical and Occupational Health Services for Domestic Offshore Vessels,Live,2025-05-01 00:00:00.000,2028-12-31 00:00:00.000,94319627.8,THB,"2025.0431",Provision of Medical and Occupational Health Services for Domestic Offshore Vessels,2025-05-01,2028-12-31,INTERNATIONAL SOS SERVICES (THAILAND) LTD.,94319627.799999997,THB
"2025",MPP-TH-25-00260,MPP-TH-25-00260/Non-PSC,"2025.0431",Provision of Medical and Occupational Health Services for Domestic Offshore Vessels,2025-05-01,2028-12-31,INTERNATIONAL SOS SERVICES (THAILAND) LTD.,94319627.80000,THB,2694846.50857,94319627.80000,94319627.80000,THB,3301186973.00000,94319627.80000,,,,,,"2025.0431.2",Provision of Medical and Occupational Health Services for Domestic Offshore Vessels,Live,2025-05-01 00:00:00.000,2028-12-31 00:00:00.000,94319627.8,THB,"2025.0431",Provision of Medical and Occupational Health Services for Domestic Offshore Vessels,2025-05-01,2028-12-31,INTERNATIONAL SOS SERVICES (THAILAND) LTD.,94319627.799999997,THB
"2025",MPP-TH-25-00261,MPP-TH-25-00261/G1-61,"2025.0407",Provision of One (1) 80-130 Tons Bollard Pull AHTS to support Drilling Rig for G1/61 and other Assets,2025-06-19,2028-06-25,BOURBON OFFSHORE ASIA PTE LTD,17250800.00000,USD,17250800.00000,603778000.00000,17250000.00000,USD,17250000.00000,603750000.00000,17250000.00000,17250000.00000,603750000.00000,17250000.00000,603750000.00000,"2025.0407.1",Provision of One (1) 80-130 Tons Bollard Pull AHTS to support Drilling Rig for G1/61 and other Assets,Live,2025-06-19 00:00:00.000,2028-06-25 00:00:00.000,17250800,USD,"2025.0407",Provision of One (1) 80-130 Tons Bollard Pull AHTS to support Drilling Rig for G1/61 and other Assets,2025-06-19,2028-06-25,BOURBON OFFSHORE ASIA PTE LTD,17250800,USD
"2025",MPP-TH-25-00269,MPP-TH-25-00269/G1-61,"2025.0417",Supply of Offshore Liquid Lubricant of Drilling Fluid 2025-2027 (Call-Off),2025-08-01,2027-01-31,BAKER HUGHES OPERATIONS (THAILAND) LIMITED,7360943.00000,USD,7360943.00000,257633005.00000,3995123.00000,USD,3995123.00000,139829305.00000,3995123.00000,3995123.00000,139829305.00000,3995123.00000,139829305.00000,"2025.0417.0",Supply of Offshore Liquid Lubricant of Drilling Fluid 2025-2027 (Call-Off),Live,2025-08-01 00:00:00.000,2027-01-31 00:00:00.000,7360943,USD,"2025.0417",Supply of Offshore Liquid Lubricant of Drilling Fluid 2025-2027 (Call-Off),2025-08-01,2027-01-31,BAKER HUGHES OPERATIONS (THAILAND) LIMITED,7360943,USD
"2025",MPP-TH-25-00269,MPP-TH-25-00269/G2-61,"2025.0417",Supply of Offshore Liquid Lubricant of Drilling Fluid 2025-2027 (Call-Off),2025-08-01,2027-01-31,BAKER HUGHES OPERATIONS (THAILAND) LIMITED,7360943.00000,USD,7360943.00000,257633005.00000,2050000.00000,USD,2050000.00000,71750000.00000,2050000.00000,2050000.00000,71750000.00000,2050000.00000,71750000.00000,"2025.0417.0",Supply of Offshore Liquid Lubricant of Drilling Fluid 2025-2027 (Call-Off),Live,2025-08-01 00:00:00.000,2027-01-31 00:00:00.000,7360943,USD,"2025.0417",Supply of Offshore Liquid Lubricant of Drilling Fluid 2025-2027 (Call-Off),2025-08-01,2027-01-31,BAKER HUGHES OPERATIONS (THAILAND) LIMITED,7360943,USD
"2025",MPP-TH-25-00271,MPP-TH-25-00271/G2-61,"2025.0430","Supply of Marine Gas Oil for G2/61, Arthit and Non-PSC Assets​",2025-10-27,2030-10-31,PTT OIL AND RETAIL BUSINESS PUBLIC COMPANY LIMITED,14108253507.00000,THB,403092957.34286,14108253507.00000,14108253507.00000,THB,403092957.34286,14108253507.00000,,,,,,"2025.0430.0","Supply of Marine Gas Oil for G2/61, Arthit and Non-PSC Assets​",Live,2025-10-27 00:00:00.000,2030-10-31 00:00:00.000,14108253507,THB,"2025.0430","Supply of Marine Gas Oil for G2/61, Arthit and Non-PSC Assets​",2025-10-27,2030-10-31,PTT OIL AND RETAIL BUSINESS PUBLIC COMPANY LIMITED,14108253507,THB
"2025",MPP-TH-25-00271,MPP-TH-25-00271/Non-PSC,"2025.0430","Supply of Marine Gas Oil for G2/61, Arthit and Non-PSC Assets​",2025-10-27,2030-10-31,PTT OIL AND RETAIL BUSINESS PUBLIC COMPANY LIMITED,14108253507.00000,THB,403092957.34286,14108253507.00000,14108253507.00000,THB,403092957.34286,14108253507.00000,,,,,,"2025.0430.0","Supply of Marine Gas Oil for G2/61, Arthit and Non-PSC Assets​",Live,2025-10-27 00:00:00.000,2030-10-31 00:00:00.000,14108253507,THB,"2025.0430","Supply of Marine Gas Oil for G2/61, Arthit and Non-PSC Assets​",2025-10-27,2030-10-31,PTT OIL AND RETAIL BUSINESS PUBLIC COMPANY LIMITED,14108253507,THB
"2025",MPP-TH-25-00276,MPP-TH-25-00276/G1-61,"2025.0534",Supply of Offloading Hose System and Accessories for Erawan 2 FSO (E2FSO),2025-10-01,2026-10-31,SAENG THAI RUBBER COMPANY LIMITED ,,USD,,,1460000.00000,USD,1460000.00000,51100000.00000,1460000.00000,1460000.00000,51100000.00000,1460000.00000,51100000.00000,"2025.0534.0",Supply of Offloading Hose System and Accessories for Erawan 2 FSO (E2FSO),Live,2025-10-01 00:00:00.000,2026-10-31 00:00:00.000,1456525,USD,"2025.0534",Supply of Offloading Hose System and Accessories for Erawan 2 FSO (E2FSO),2025-10-01,2026-10-31,SAENG THAI RUBBER COMPANY LIMITED,1456525,USD
"2025",MPP-TH-25-00279,MPP-TH-25-00279/G2-61,"2023.0593",Provision of Offshore Casing & Tubular Running Services (Package B),2024-03-01,2027-05-31,"WEATHERFORD KSP CO., LTD.",9705900.00000,USD,9705900.00000,339706500.00000,440000.00000,USD,440000.00000,15400000.00000,440000.00000,440000.00000,15400000.00000,440000.00000,15400000.00000,"2023.0593.1",Provision of Offshore Casing & Tubular Running Services (Package B),Live,2024-03-01 00:00:00.000,2027-05-31 00:00:00.000,9705900,USD,"2023.0593",Provision of Offshore Casing & Tubular Running Services (Package B),2024-03-01,2027-05-31,"WEATHERFORD KSP CO., LTD.",9705900,USD
"2025",MPP-TH-25-00287,MPP-TH-25-00287/G1-61,"2025.0553",Supply of MRU Adsorbents and Ceramic Balls for G1/61,2025-08-16,2026-02-15,Right Solution Public Company Limited​,767640.00000,USD,767640.00000,26867400.00000,767640.00000,USD,767640.00000,26867400.00000,767640.00000,767640.00000,26867400.00000,767640.00000,26867400.00000,"2025.0553.0",Supply of MRU Adsorbents and Ceramic Balls for G1/61,Live,2025-08-16 00:00:00.000,2026-02-15 00:00:00.000,767640,USD,"2025.0553",Supply of MRU Adsorbents and Ceramic Balls for G1/61,2025-08-16,2026-02-15,RIGHT SOLUTION PUBLIC COMPANY LIMITED,767640,USD
"2025",MPP-TH-25-00291,MPP-TH-25-00291/G2-61,"2025.0586","2025.0586",2025-10-15,2027-06-30,HALLIBURTON ENERGY SERVICES INC.,3223600.00000,USD,3223600.00000,112826000.00000,3223600.00000,USD,3223600.00000,112826000.00000,,,,,,"2025.0586.0","2025.0586 for Provision of Offshore Wireline Logging Services for Rig 15 (2026-2027)",Live,2025-10-15 00:00:00.000,2027-06-30 00:00:00.000,3223600,USD,"2025.0586","2025.0586 for Provision of Offshore Wireline Logging Services for Rig 15 (2026-2027)",2025-10-15,2027-06-30,HALLIBURTON ENERGY SERVICES INC.,3223600,USD
"2025",MPP-TH-25-00303,MPP-TH-25-00303/G1-61,"2025.0718",Provision of Crane finite element analysis service for G1/61 (Call-off),2025-08-01,2028-07-31,THUNDER OILFIELD SERVICES (THAILAND) LTD.,21096000.00000,THB,602742.85714,21096000.00000,602742.86000,USD,602742.86000,21096000.10000,602742.86000,602742.86000,21096000.10000,602742.86000,21096000.10000,"2025.0718.0",Provision of Crane finite element analysis service for G1/61 (Call-off),Live,2025-08-01 00:00:00.000,2028-07-31 00:00:00.000,21096000,THB,"2025.0718",Provision of Crane finite element analysis service for G1/61 (Call-off),2025-08-01,2028-07-31,THUNDER OILFIELD SERVICES (THAILAND) LTD.,21096000,THB
"2025",MPP-TH-25-00311,MPP-TH-25-00311/G1-61,"2025.0709",Provision of One (1) 80-130T Bollard Pull AHTS to support Drilling Rig for G2/61 and other Assets,2025-12-10,2029-01-29,BAHTERA SRI KANDI PTE LTD,16809000.00000,USD,16809000.00000,588315000.00000,16809000.00000,USD,16809000.00000,588315000.00000,,,,,,"2025.0709.0",Provision of One (1) 80-130T Bollard Pull AHTS to support Drilling Rig for G2/61 and other Assets,Approved,2025-12-10 00:00:00.000,2029-01-29 00:00:00.000,16809000,USD,,,,,,,
"2025",MPP-TH-25-00311,MPP-TH-25-00311/G2-61,"2025.0709",Provision of One (1) 80-130T Bollard Pull AHTS to support Drilling Rig for G2/61 and other Assets,2025-12-10,2029-01-29,BAHTERA SRI KANDI PTE LTD,16809000.00000,USD,16809000.00000,588315000.00000,16809000.00000,USD,16809000.00000,588315000.00000,,,,,,"2025.0709.0",Provision of One (1) 80-130T Bollard Pull AHTS to support Drilling Rig for G2/61 and other Assets,Approved,2025-12-10 00:00:00.000,2029-01-29 00:00:00.000,16809000,USD,,,,,,,
"2025",MPP-TH-25-00311,MPP-TH-25-00311/G3-65,"2025.0709",Provision of One (1) 80-130T Bollard Pull AHTS to support Drilling Rig for G2/61 and other Assets,2025-12-10,2029-01-29,BAHTERA SRI KANDI PTE LTD,16809000.00000,USD,16809000.00000,588315000.00000,16809000.00000,USD,16809000.00000,588315000.00000,,,,,,"2025.0709.0",Provision of One (1) 80-130T Bollard Pull AHTS to support Drilling Rig for G2/61 and other Assets,Approved,2025-12-10 00:00:00.000,2029-01-29 00:00:00.000,16809000,USD,,,,,,,
"2025",MPP-TH-25-00311,MPP-TH-25-00311/Non-PSC,"2025.0709",Provision of One (1) 80-130T Bollard Pull AHTS to support Drilling Rig for G2/61 and other Assets,2025-12-10,2029-01-29,BAHTERA SRI KANDI PTE LTD,16809000.00000,USD,16809000.00000,588315000.00000,16809000.00000,USD,16809000.00000,588315000.00000,,,,,,"2025.0709.0",Provision of One (1) 80-130T Bollard Pull AHTS to support Drilling Rig for G2/61 and other Assets,Approved,2025-12-10 00:00:00.000,2029-01-29 00:00:00.000,16809000,USD,,,,,,,
"2025",MPP-TH-25-00316,MPP-TH-25-00316/Non-PSC,"2025.0707",PROVISION OF NEW WELLSITE LOCATION AND SITE PREPARATION SERVICES FOR ONSHORE ASSETS,2025-11-01,2028-04-30,"THE JEARK JIRM CO., LTD.",638699721.48000,THB,18248563.47086,638699721.48000,638699721.48000,THB,18248563.47086,638699721.48000,,,,,,"2025.0707.0",PROVISION OF NEW WELLSITE LOCATION AND SITE PREPARATION SERVICES FOR ONSHORE ASSETS,Live,2025-11-01 00:00:00.000,2028-04-30 00:00:00.000,638699721.48,THB,"2025.0707",PROVISION OF NEW WELLSITE LOCATION AND SITE PREPARATION SERVICES FOR ONSHORE ASSETS,2025-11-01,2028-04-30,"THE JEARK JIRM CO., LTD.",638699721.480000019,THB
"2025",MPP-TH-25-00328,MPP-TH-25-00328/G1-61,"2025.0748",Provision of Rental Gas Detector Services for G1/61 (Call-Off),2025-11-15,2028-12-31,INDUSTRIAL SCIENTIFIC CORPORATION PTE LTD,12762720.00000,THB,364649.14286,12762720.00000,12762720.00000,THB,364649.14286,12762720.00000,,,,,,"2025.0748.0",Provision of Rental Gas Detector Services for G1/61 (Call-Off),Live,2025-11-15 00:00:00.000,2028-12-31 00:00:00.000,12762720,THB,"2025.0748",Provision of Rental Gas Detector Services for G1/61 (Call-Off),2025-11-15,2028-12-31,INDUSTRIAL SCIENTIFIC CORPORATION PTE LTD,12762720,THB
"2025",MPP-TH-25-00328,MPP-TH-25-00328/G2-61,"2025.0749",Provision of Rental Gas Detector Services for G2/61 (Call-Off),2025-11-15,2028-12-31,INDUSTRIAL SCIENTIFIC CORPORATION PTE LTD,13121640.00000,THB,374904.00000,13121640.00000,13121640.00000,THB,374904.00000,13121640.00000,,,,,,"2025.0749.0",Provision of Rental Gas Detector Services for G2/61 (Call-Off),Live,2025-11-15 00:00:00.000,2028-12-31 00:00:00.000,13121640,THB,,,,,,,
"2025",MPP-TH-25-00328,MPP-TH-25-00328/Non-PSC,"2025.0750",Provision of Rental Gas Detector Services for Arthit (Call-Off),2025-11-15,2028-12-31,INDUSTRIAL SCIENTIFIC CORPORATION PTE LTD,842400.00000,THB,24068.57143,842400.00000,842400.00000,THB,24068.57143,842400.00000,,,,,,"2025.0750.0",Provision of Rental Gas Detector Services for Arthit (Call-Off),Live,2025-11-15 00:00:00.000,2028-12-31 00:00:00.000,842400,THB,"2025.0750",Provision of Rental Gas Detector Services for Arthit (Call-Off),2025-11-15,2028-12-31,INDUSTRIAL SCIENTIFIC CORPORATION PTE LTD,842400,THB
"2025",MPP-TH-25-00337,MPP-TH-25-00337/G1-61,"2025.0787",Provision of Supervisory Services to Support PSC and Non-PSC Drilling Operations,2026-01-01,2026-12-31,J.S.T. SERVICES COMPANY LIMITED,912957.10000,USD,912957.10000,31953498.50000,912957.10000,USD,912957.10000,31953498.50000,,,,,,"2025.0787.0",Provision of Supervisory Services to Support PSC and Non-PSC Drilling Operations,Executed,2026-01-01 00:00:00.000,2026-12-31 00:00:00.000,912957.1,USD,,,,,,,
"2025",MPP-TH-25-00337,MPP-TH-25-00337/G2-61,"2025.0787",Provision of Supervisory Services to Support PSC and Non-PSC Drilling Operations,2026-01-01,2026-12-31,J.S.T. SERVICES COMPANY LIMITED,912957.10000,USD,912957.10000,31953498.50000,912957.10000,USD,912957.10000,31953498.50000,,,,,,"2025.0787.0",Provision of Supervisory Services to Support PSC and Non-PSC Drilling Operations,Executed,2026-01-01 00:00:00.000,2026-12-31 00:00:00.000,912957.1,USD,,,,,,,
"2025",MPP-TH-25-00337,MPP-TH-25-00337/Non-PSC,"2025.0787",Provision of Supervisory Services to Support PSC and Non-PSC Drilling Operations,2026-01-01,2026-12-31,J.S.T. SERVICES COMPANY LIMITED,912957.10000,USD,912957.10000,31953498.50000,912957.10000,USD,912957.10000,31953498.50000,,,,,,"2025.0787.0",Provision of Supervisory Services to Support PSC and Non-PSC Drilling Operations,Executed,2026-01-01 00:00:00.000,2026-12-31 00:00:00.000,912957.1,USD,,,,,,,
