"username","module","role_id","role_name","role_type","menu_permission_id"
AkapongJ,Reference Price System,2,Role Supply Chain,Admin,"101101"
AkapongJ,Reference Price System,2,Role Supply Chain,Admin,"101103"
AmintaT,APP System,3,Procurement Officer,specific,"1011001"
AmintaT,APP System,3,Procurement Officer,specific,"1011003"
AmintaT,APP System,3,Procurement Officer,specific,"1011005"
AmintaT,APP System,3,Procurement Officer,specific,"1011011"
AmintaT,APP System,3,Procurement Officer,specific,"1011012"
AmintaT,APP System,3,Procurement Officer,specific,"1012002"
AmintaT,APP System,3,Procurement Officer,specific,"1014001"
AmintaT,APP System,3,Procurement Officer,specific,"1014002"
AmintaT,APP System,3,Procurement Officer,specific,"1014003"
AmintaT,APP System,3,Procurement Officer,specific,"1014005"
AmintaT,APP System,3,Procurement Officer,specific,"1014008"
AmintaT,APP System,3,Procurement Officer,specific,"2021001"
AmintaT,APP System,3,Procurement Officer,specific,"2021005"
AmintaT,APP System,3,Procurement Officer,specific,"2022001"
AmintaT,APP System,3,Procurement Officer,specific,"2022005"
AmintaT,APP System,3,Procurement Officer,specific,"2023001"
AmintaT,APP System,3,Procurement Officer,specific,"2023005"
AmintaT,APP System,3,Procurement Officer,specific,"2024001"
AmintaT,APP System,3,Procurement Officer,specific,"2024005"
AmintaT,APP System,3,Procurement Officer,specific,"2025001"
AmintaT,APP System,3,Procurement Officer,specific,"2025005"
AmintaT,APP System,3,Procurement Officer,specific,"3036001"
AmintaT,Procurement Assistant System,3,Procurement Officer,All,"11011001"
AmintaT,Procurement Assistant System,3,Procurement Officer,All,"11011003"
AmintaT,Procurement Assistant System,3,Procurement Officer,All,"11011005"
AmintaT,Procurement Assistant System,3,Procurement Officer,All,"11011007"
AmintaT,Procurement Assistant System,3,Procurement Officer,All,"11012001"
AmintaT,Procurement Assistant System,3,Procurement Officer,All,"11012002"
AmintaT,Procurement Assistant System,3,Procurement Officer,All,"11013001"
AmintaT,Procurement Assistant System,3,Procurement Officer,All,"11013003"
AmintaT,Procurement Assistant System,3,Procurement Officer,All,"11013005"
AmintaT,Procurement Assistant System,3,Procurement Officer,All,"11013007"
AmintaT,Procurement Assistant System,3,Procurement Officer,All,"11014001"
AmintaT,Procurement Assistant System,3,Procurement Officer,All,"11014005"
AmintaT,Procurement Assistant System,3,Procurement Officer,All,"21011001"
AmintaT,Procurement Assistant System,3,Procurement Officer,All,"21011003"
AmintaT,Procurement Assistant System,3,Procurement Officer,All,"21011005"
AmintaT,Procurement Assistant System,3,Procurement Officer,All,"21012002"
AmintaT,Procurement Assistant System,3,Procurement Officer,All,"21012011"
AmintaT,Procurement Assistant System,3,Procurement Officer,All,"21012012"
AmintaT,Procurement Assistant System,3,Procurement Officer,All,"21014001"
AmintaT,Procurement Assistant System,3,Procurement Officer,All,"21014002"
AmintaT,Procurement Assistant System,3,Procurement Officer,All,"21014003"
AmintaT,Procurement Assistant System,3,Procurement Officer,All,"21014005"
AmintaT,Procurement Assistant System,3,Procurement Officer,All,"21014008"
AmintaT,Procurement Assistant System,3,Procurement Officer,All,"22021001"
AmintaT,Procurement Assistant System,3,Procurement Officer,All,"22021005"
AmintaT,Procurement Assistant System,3,Procurement Officer,All,"22022001"
AmintaT,Procurement Assistant System,3,Procurement Officer,All,"22022005"
AmintaT,Procurement Assistant System,3,Procurement Officer,All,"22023001"
AmintaT,Procurement Assistant System,3,Procurement Officer,All,"22023005"
AmintaT,Procurement Assistant System,3,Procurement Officer,All,"22024001"
AmintaT,Procurement Assistant System,3,Procurement Officer,All,"22024005"
AmintaT,Procurement Assistant System,3,Procurement Officer,All,"22025001"
AmintaT,Procurement Assistant System,3,Procurement Officer,All,"22025005"
AmintaT,Procurement Assistant System,3,Procurement Officer,All,"30100101"
AmintaT,Procurement Assistant System,3,Procurement Officer,All,"30100202"
AmintaT,Procurement Assistant System,3,Procurement Officer,All,"30200202"
AmintaT,Procurement Assistant System,3,Procurement Officer,All,"30300301"
AmintaT,Procurement Assistant System,3,Procurement Officer,All,"30300303"
AmintaT,Procurement Assistant System,3,Procurement Officer,All,"30300304"
AmintaT,Procurement Assistant System,3,Procurement Officer,All,"30300305"
AmintaT,Procurement Assistant System,3,Procurement Officer,All,"30300508"
AmintaT,Procurement Assistant System,3,Procurement Officer,All,"30300509"
AmintaT,Procurement Assistant System,3,Procurement Officer,All,"30300701"
AmintaT,Procurement Assistant System,3,Procurement Officer,All,"30400403"
AmintaT,Procurement Assistant System,3,Procurement Officer,All,"30400406"
AmintaT,Procurement Assistant System,3,Procurement Officer,All,"30400407"
AmintaT,Procurement Assistant System,3,Procurement Officer,All,"30400508"
AmintaT,Procurement Assistant System,3,Procurement Officer,All,"30400509"
AmintaT,Procurement Assistant System,3,Procurement Officer,All,"30400701"
AmintaT,Procurement Assistant System,3,Procurement Officer,All,"30400702"
AmintaT,Procurement Assistant System,3,Procurement Officer,All,"30400703"
AmintaT,Procurement Assistant System,3,Procurement Officer,All,"30400704"
AmintaT,Procurement Assistant System,3,Procurement Officer,All,"30500601"
AmintaT,Procurement Assistant System,3,Procurement Officer,All,"30500603"
AmintaT,Procurement Assistant System,3,Procurement Officer,All,"30600101"
AmintaT,Procurement Assistant System,3,Procurement Officer,All,"90900501"
AnusornW,APP System,2,Management,all,"1011001"
AnusornW,APP System,2,Management,all,"1011005"
AnusornW,APP System,2,Management,all,"1014001"
AnusornW,APP System,2,Management,all,"1014005"
AnusornW,APP System,2,Management,all,"2021001"
AnusornW,APP System,2,Management,all,"2021005"
AnusornW,APP System,2,Management,all,"2022001"
AnusornW,APP System,2,Management,all,"2022005"
AnusornW,APP System,2,Management,all,"2023001"
AnusornW,APP System,2,Management,all,"2023005"
AnusornW,APP System,2,Management,all,"2024001"
AnusornW,APP System,2,Management,all,"2024005"
AnusornW,APP System,2,Management,all,"2025001"
AnusornW,APP System,2,Management,all,"2025005"
AnusornW,APP System,2,Management,all,"3036001"
ArchananN,APP System,7,Management relate org,specific,"1011001"
ArchananN,APP System,7,Management relate org,specific,"1011005"
ArchananN,APP System,7,Management relate org,specific,"1014001"
ArchananN,APP System,7,Management relate org,specific,"1014005"
ArchananN,APP System,7,Management relate org,specific,"2021001"
ArchananN,APP System,7,Management relate org,specific,"2021005"
ArchananN,APP System,7,Management relate org,specific,"2022001"
ArchananN,APP System,7,Management relate org,specific,"2022005"
ArchananN,APP System,7,Management relate org,specific,"2023001"
ArchananN,APP System,7,Management relate org,specific,"2023005"
ArchananN,APP System,7,Management relate org,specific,"2024001"
ArchananN,APP System,7,Management relate org,specific,"2024005"
ArchananN,APP System,7,Management relate org,specific,"2025001"
ArchananN,APP System,7,Management relate org,specific,"2025005"
AreewanH,APP System,3,Procurement Officer,specific,"1011001"
AreewanH,APP System,3,Procurement Officer,specific,"1011003"
AreewanH,APP System,3,Procurement Officer,specific,"1011005"
AreewanH,APP System,3,Procurement Officer,specific,"1011011"
AreewanH,APP System,3,Procurement Officer,specific,"1011012"
AreewanH,APP System,3,Procurement Officer,specific,"1012002"
AreewanH,APP System,3,Procurement Officer,specific,"1014001"
AreewanH,APP System,3,Procurement Officer,specific,"1014002"
AreewanH,APP System,3,Procurement Officer,specific,"1014003"
AreewanH,APP System,3,Procurement Officer,specific,"1014005"
AreewanH,APP System,3,Procurement Officer,specific,"1014008"
AreewanH,APP System,3,Procurement Officer,specific,"2021001"
AreewanH,APP System,3,Procurement Officer,specific,"2021005"
AreewanH,APP System,3,Procurement Officer,specific,"2022001"
AreewanH,APP System,3,Procurement Officer,specific,"2022005"
AreewanH,APP System,3,Procurement Officer,specific,"2023001"
AreewanH,APP System,3,Procurement Officer,specific,"2023005"
AreewanH,APP System,3,Procurement Officer,specific,"2024001"
AreewanH,APP System,3,Procurement Officer,specific,"2024005"
AreewanH,APP System,3,Procurement Officer,specific,"2025001"
AreewanH,APP System,3,Procurement Officer,specific,"2025005"
AreewanH,APP System,3,Procurement Officer,specific,"3036001"
AreewanH,Procurement Assistant System,3,Procurement Officer,All,"11011001"
AreewanH,Procurement Assistant System,3,Procurement Officer,All,"11011003"
AreewanH,Procurement Assistant System,3,Procurement Officer,All,"11011005"
AreewanH,Procurement Assistant System,3,Procurement Officer,All,"11011007"
AreewanH,Procurement Assistant System,3,Procurement Officer,All,"11012001"
AreewanH,Procurement Assistant System,3,Procurement Officer,All,"11012002"
AreewanH,Procurement Assistant System,3,Procurement Officer,All,"11013001"
AreewanH,Procurement Assistant System,3,Procurement Officer,All,"11013003"
AreewanH,Procurement Assistant System,3,Procurement Officer,All,"11013005"
AreewanH,Procurement Assistant System,3,Procurement Officer,All,"11013007"
AreewanH,Procurement Assistant System,3,Procurement Officer,All,"11014001"
AreewanH,Procurement Assistant System,3,Procurement Officer,All,"11014005"
AreewanH,Procurement Assistant System,3,Procurement Officer,All,"21011001"
AreewanH,Procurement Assistant System,3,Procurement Officer,All,"21011003"
AreewanH,Procurement Assistant System,3,Procurement Officer,All,"21011005"
AreewanH,Procurement Assistant System,3,Procurement Officer,All,"21012002"
AreewanH,Procurement Assistant System,3,Procurement Officer,All,"21012011"
AreewanH,Procurement Assistant System,3,Procurement Officer,All,"21012012"
AreewanH,Procurement Assistant System,3,Procurement Officer,All,"21014001"
AreewanH,Procurement Assistant System,3,Procurement Officer,All,"21014002"
AreewanH,Procurement Assistant System,3,Procurement Officer,All,"21014003"
AreewanH,Procurement Assistant System,3,Procurement Officer,All,"21014005"
AreewanH,Procurement Assistant System,3,Procurement Officer,All,"21014008"
AreewanH,Procurement Assistant System,3,Procurement Officer,All,"22021001"
AreewanH,Procurement Assistant System,3,Procurement Officer,All,"22021005"
AreewanH,Procurement Assistant System,3,Procurement Officer,All,"22022001"
AreewanH,Procurement Assistant System,3,Procurement Officer,All,"22022005"
AreewanH,Procurement Assistant System,3,Procurement Officer,All,"22023001"
AreewanH,Procurement Assistant System,3,Procurement Officer,All,"22023005"
AreewanH,Procurement Assistant System,3,Procurement Officer,All,"22024001"
AreewanH,Procurement Assistant System,3,Procurement Officer,All,"22024005"
AreewanH,Procurement Assistant System,3,Procurement Officer,All,"22025001"
AreewanH,Procurement Assistant System,3,Procurement Officer,All,"22025005"
AreewanH,Procurement Assistant System,3,Procurement Officer,All,"30100101"
AreewanH,Procurement Assistant System,3,Procurement Officer,All,"30100202"
AreewanH,Procurement Assistant System,3,Procurement Officer,All,"30200202"
AreewanH,Procurement Assistant System,3,Procurement Officer,All,"30300301"
AreewanH,Procurement Assistant System,3,Procurement Officer,All,"30300303"
AreewanH,Procurement Assistant System,3,Procurement Officer,All,"30300304"
AreewanH,Procurement Assistant System,3,Procurement Officer,All,"30300305"
AreewanH,Procurement Assistant System,3,Procurement Officer,All,"30300508"
AreewanH,Procurement Assistant System,3,Procurement Officer,All,"30300509"
AreewanH,Procurement Assistant System,3,Procurement Officer,All,"30300701"
AreewanH,Procurement Assistant System,3,Procurement Officer,All,"30400403"
AreewanH,Procurement Assistant System,3,Procurement Officer,All,"30400406"
AreewanH,Procurement Assistant System,3,Procurement Officer,All,"30400407"
AreewanH,Procurement Assistant System,3,Procurement Officer,All,"30400508"
AreewanH,Procurement Assistant System,3,Procurement Officer,All,"30400509"
AreewanH,Procurement Assistant System,3,Procurement Officer,All,"30400701"
AreewanH,Procurement Assistant System,3,Procurement Officer,All,"30400702"
AreewanH,Procurement Assistant System,3,Procurement Officer,All,"30400703"
AreewanH,Procurement Assistant System,3,Procurement Officer,All,"30400704"
AreewanH,Procurement Assistant System,3,Procurement Officer,All,"30500601"
AreewanH,Procurement Assistant System,3,Procurement Officer,All,"30500603"
AreewanH,Procurement Assistant System,3,Procurement Officer,All,"30600101"
AreewanH,Procurement Assistant System,3,Procurement Officer,All,"90900501"
AuttasitJ,APP System,3,Procurement Officer,specific,"1011001"
AuttasitJ,APP System,3,Procurement Officer,specific,"1011003"
AuttasitJ,APP System,3,Procurement Officer,specific,"1011005"
AuttasitJ,APP System,3,Procurement Officer,specific,"1011011"
AuttasitJ,APP System,3,Procurement Officer,specific,"1011012"
AuttasitJ,APP System,3,Procurement Officer,specific,"1012002"
AuttasitJ,APP System,3,Procurement Officer,specific,"1014001"
AuttasitJ,APP System,3,Procurement Officer,specific,"1014002"
AuttasitJ,APP System,3,Procurement Officer,specific,"1014003"
AuttasitJ,APP System,3,Procurement Officer,specific,"1014005"
AuttasitJ,APP System,3,Procurement Officer,specific,"1014008"
AuttasitJ,APP System,3,Procurement Officer,specific,"2021001"
AuttasitJ,APP System,3,Procurement Officer,specific,"2021005"
AuttasitJ,APP System,3,Procurement Officer,specific,"2022001"
AuttasitJ,APP System,3,Procurement Officer,specific,"2022005"
AuttasitJ,APP System,3,Procurement Officer,specific,"2023001"
AuttasitJ,APP System,3,Procurement Officer,specific,"2023005"
AuttasitJ,APP System,3,Procurement Officer,specific,"2024001"
AuttasitJ,APP System,3,Procurement Officer,specific,"2024005"
AuttasitJ,APP System,3,Procurement Officer,specific,"2025001"
AuttasitJ,APP System,3,Procurement Officer,specific,"2025005"
AuttasitJ,APP System,3,Procurement Officer,specific,"3036001"
AuttasitJ,Procurement Assistant System,3,Procurement Officer,All,"11011001"
AuttasitJ,Procurement Assistant System,3,Procurement Officer,All,"11011003"
AuttasitJ,Procurement Assistant System,3,Procurement Officer,All,"11011005"
AuttasitJ,Procurement Assistant System,3,Procurement Officer,All,"11011007"
AuttasitJ,Procurement Assistant System,3,Procurement Officer,All,"11012001"
AuttasitJ,Procurement Assistant System,3,Procurement Officer,All,"11012002"
AuttasitJ,Procurement Assistant System,3,Procurement Officer,All,"11013001"
AuttasitJ,Procurement Assistant System,3,Procurement Officer,All,"11013003"
AuttasitJ,Procurement Assistant System,3,Procurement Officer,All,"11013005"
AuttasitJ,Procurement Assistant System,3,Procurement Officer,All,"11013007"
AuttasitJ,Procurement Assistant System,3,Procurement Officer,All,"11014001"
AuttasitJ,Procurement Assistant System,3,Procurement Officer,All,"11014005"
AuttasitJ,Procurement Assistant System,3,Procurement Officer,All,"21011001"
AuttasitJ,Procurement Assistant System,3,Procurement Officer,All,"21011003"
AuttasitJ,Procurement Assistant System,3,Procurement Officer,All,"21011005"
AuttasitJ,Procurement Assistant System,3,Procurement Officer,All,"21012002"
AuttasitJ,Procurement Assistant System,3,Procurement Officer,All,"21012011"
AuttasitJ,Procurement Assistant System,3,Procurement Officer,All,"21012012"
AuttasitJ,Procurement Assistant System,3,Procurement Officer,All,"21014001"
AuttasitJ,Procurement Assistant System,3,Procurement Officer,All,"21014002"
AuttasitJ,Procurement Assistant System,3,Procurement Officer,All,"21014003"
AuttasitJ,Procurement Assistant System,3,Procurement Officer,All,"21014005"
AuttasitJ,Procurement Assistant System,3,Procurement Officer,All,"21014008"
AuttasitJ,Procurement Assistant System,3,Procurement Officer,All,"22021001"
AuttasitJ,Procurement Assistant System,3,Procurement Officer,All,"22021005"
AuttasitJ,Procurement Assistant System,3,Procurement Officer,All,"22022001"
AuttasitJ,Procurement Assistant System,3,Procurement Officer,All,"22022005"
AuttasitJ,Procurement Assistant System,3,Procurement Officer,All,"22023001"
AuttasitJ,Procurement Assistant System,3,Procurement Officer,All,"22023005"
AuttasitJ,Procurement Assistant System,3,Procurement Officer,All,"22024001"
AuttasitJ,Procurement Assistant System,3,Procurement Officer,All,"22024005"
AuttasitJ,Procurement Assistant System,3,Procurement Officer,All,"22025001"
AuttasitJ,Procurement Assistant System,3,Procurement Officer,All,"22025005"
AuttasitJ,Procurement Assistant System,3,Procurement Officer,All,"30100101"
AuttasitJ,Procurement Assistant System,3,Procurement Officer,All,"30100202"
AuttasitJ,Procurement Assistant System,3,Procurement Officer,All,"30200202"
AuttasitJ,Procurement Assistant System,3,Procurement Officer,All,"30300301"
AuttasitJ,Procurement Assistant System,3,Procurement Officer,All,"30300303"
AuttasitJ,Procurement Assistant System,3,Procurement Officer,All,"30300304"
AuttasitJ,Procurement Assistant System,3,Procurement Officer,All,"30300305"
AuttasitJ,Procurement Assistant System,3,Procurement Officer,All,"30300508"
AuttasitJ,Procurement Assistant System,3,Procurement Officer,All,"30300509"
AuttasitJ,Procurement Assistant System,3,Procurement Officer,All,"30300701"
AuttasitJ,Procurement Assistant System,3,Procurement Officer,All,"30400403"
AuttasitJ,Procurement Assistant System,3,Procurement Officer,All,"30400406"
AuttasitJ,Procurement Assistant System,3,Procurement Officer,All,"30400407"
AuttasitJ,Procurement Assistant System,3,Procurement Officer,All,"30400508"
AuttasitJ,Procurement Assistant System,3,Procurement Officer,All,"30400509"
AuttasitJ,Procurement Assistant System,3,Procurement Officer,All,"30400701"
AuttasitJ,Procurement Assistant System,3,Procurement Officer,All,"30400702"
AuttasitJ,Procurement Assistant System,3,Procurement Officer,All,"30400703"
AuttasitJ,Procurement Assistant System,3,Procurement Officer,All,"30400704"
AuttasitJ,Procurement Assistant System,3,Procurement Officer,All,"30500601"
AuttasitJ,Procurement Assistant System,3,Procurement Officer,All,"30500603"
AuttasitJ,Procurement Assistant System,3,Procurement Officer,All,"30600101"
AuttasitJ,Procurement Assistant System,3,Procurement Officer,All,"90900501"
ButriP,APP System,7,Management relate org,specific,"1011001"
ButriP,APP System,7,Management relate org,specific,"1011005"
ButriP,APP System,7,Management relate org,specific,"1014001"
ButriP,APP System,7,Management relate org,specific,"1014005"
ButriP,APP System,7,Management relate org,specific,"2021001"
ButriP,APP System,7,Management relate org,specific,"2021005"
ButriP,APP System,7,Management relate org,specific,"2022001"
ButriP,APP System,7,Management relate org,specific,"2022005"
ButriP,APP System,7,Management relate org,specific,"2023001"
ButriP,APP System,7,Management relate org,specific,"2023005"
ButriP,APP System,7,Management relate org,specific,"2024001"
ButriP,APP System,7,Management relate org,specific,"2024005"
ButriP,APP System,7,Management relate org,specific,"2025001"
ButriP,APP System,7,Management relate org,specific,"2025005"
ChamatK,APP System,3,Procurement Officer,specific,"1011001"
ChamatK,APP System,3,Procurement Officer,specific,"1011003"
ChamatK,APP System,3,Procurement Officer,specific,"1011005"
ChamatK,APP System,3,Procurement Officer,specific,"1011011"
ChamatK,APP System,3,Procurement Officer,specific,"1011012"
ChamatK,APP System,3,Procurement Officer,specific,"1012002"
ChamatK,APP System,3,Procurement Officer,specific,"1014001"
ChamatK,APP System,3,Procurement Officer,specific,"1014002"
ChamatK,APP System,3,Procurement Officer,specific,"1014003"
ChamatK,APP System,3,Procurement Officer,specific,"1014005"
ChamatK,APP System,3,Procurement Officer,specific,"1014008"
ChamatK,APP System,3,Procurement Officer,specific,"2021001"
ChamatK,APP System,3,Procurement Officer,specific,"2021005"
ChamatK,APP System,3,Procurement Officer,specific,"2022001"
ChamatK,APP System,3,Procurement Officer,specific,"2022005"
ChamatK,APP System,3,Procurement Officer,specific,"2023001"
ChamatK,APP System,3,Procurement Officer,specific,"2023005"
ChamatK,APP System,3,Procurement Officer,specific,"2024001"
ChamatK,APP System,3,Procurement Officer,specific,"2024005"
ChamatK,APP System,3,Procurement Officer,specific,"2025001"
ChamatK,APP System,3,Procurement Officer,specific,"2025005"
ChamatK,APP System,3,Procurement Officer,specific,"3036001"
ChamatK,APP System,9,Focal Point_PSC Report,all,"1011001"
ChamatK,APP System,9,Focal Point_PSC Report,all,"1011003"
ChamatK,APP System,9,Focal Point_PSC Report,all,"1011005"
ChamatK,APP System,9,Focal Point_PSC Report,all,"1011011"
ChamatK,APP System,9,Focal Point_PSC Report,all,"1011012"
ChamatK,APP System,9,Focal Point_PSC Report,all,"1014001"
ChamatK,APP System,9,Focal Point_PSC Report,all,"1014005"
ChamatK,APP System,9,Focal Point_PSC Report,all,"2021001"
ChamatK,APP System,9,Focal Point_PSC Report,all,"2021005"
ChamatK,APP System,9,Focal Point_PSC Report,all,"2022001"
ChamatK,APP System,9,Focal Point_PSC Report,all,"2022005"
ChamatK,APP System,9,Focal Point_PSC Report,all,"2023001"
ChamatK,APP System,9,Focal Point_PSC Report,all,"2023005"
ChamatK,APP System,9,Focal Point_PSC Report,all,"2024001"
ChamatK,APP System,9,Focal Point_PSC Report,all,"2024005"
ChamatK,APP System,9,Focal Point_PSC Report,all,"2025001"
ChamatK,APP System,9,Focal Point_PSC Report,all,"2025005"
ChamatK,APP System,9,Focal Point_PSC Report,all,"3035001"
ChamatK,APP System,9,Focal Point_PSC Report,all,"3036001"
ChamatK,Procurement Assistant System,3,Procurement Officer,All,"11011001"
ChamatK,Procurement Assistant System,3,Procurement Officer,All,"11011003"
ChamatK,Procurement Assistant System,3,Procurement Officer,All,"11011005"
ChamatK,Procurement Assistant System,3,Procurement Officer,All,"11011007"
ChamatK,Procurement Assistant System,3,Procurement Officer,All,"11012001"
ChamatK,Procurement Assistant System,3,Procurement Officer,All,"11012002"
ChamatK,Procurement Assistant System,3,Procurement Officer,All,"11013001"
ChamatK,Procurement Assistant System,3,Procurement Officer,All,"11013003"
ChamatK,Procurement Assistant System,3,Procurement Officer,All,"11013005"
ChamatK,Procurement Assistant System,3,Procurement Officer,All,"11013007"
ChamatK,Procurement Assistant System,3,Procurement Officer,All,"11014001"
ChamatK,Procurement Assistant System,3,Procurement Officer,All,"11014005"
ChamatK,Procurement Assistant System,3,Procurement Officer,All,"21011001"
ChamatK,Procurement Assistant System,3,Procurement Officer,All,"21011003"
ChamatK,Procurement Assistant System,3,Procurement Officer,All,"21011005"
ChamatK,Procurement Assistant System,3,Procurement Officer,All,"21012002"
ChamatK,Procurement Assistant System,3,Procurement Officer,All,"21012011"
ChamatK,Procurement Assistant System,3,Procurement Officer,All,"21012012"
ChamatK,Procurement Assistant System,3,Procurement Officer,All,"21014001"
ChamatK,Procurement Assistant System,3,Procurement Officer,All,"21014002"
ChamatK,Procurement Assistant System,3,Procurement Officer,All,"21014003"
ChamatK,Procurement Assistant System,3,Procurement Officer,All,"21014005"
ChamatK,Procurement Assistant System,3,Procurement Officer,All,"21014008"
ChamatK,Procurement Assistant System,3,Procurement Officer,All,"22021001"
ChamatK,Procurement Assistant System,3,Procurement Officer,All,"22021005"
ChamatK,Procurement Assistant System,3,Procurement Officer,All,"22022001"
ChamatK,Procurement Assistant System,3,Procurement Officer,All,"22022005"
ChamatK,Procurement Assistant System,3,Procurement Officer,All,"22023001"
ChamatK,Procurement Assistant System,3,Procurement Officer,All,"22023005"
ChamatK,Procurement Assistant System,3,Procurement Officer,All,"22024001"
ChamatK,Procurement Assistant System,3,Procurement Officer,All,"22024005"
ChamatK,Procurement Assistant System,3,Procurement Officer,All,"22025001"
ChamatK,Procurement Assistant System,3,Procurement Officer,All,"22025005"
ChamatK,Procurement Assistant System,3,Procurement Officer,All,"30100101"
ChamatK,Procurement Assistant System,3,Procurement Officer,All,"30100202"
ChamatK,Procurement Assistant System,3,Procurement Officer,All,"30200202"
ChamatK,Procurement Assistant System,3,Procurement Officer,All,"30300301"
ChamatK,Procurement Assistant System,3,Procurement Officer,All,"30300303"
ChamatK,Procurement Assistant System,3,Procurement Officer,All,"30300304"
ChamatK,Procurement Assistant System,3,Procurement Officer,All,"30300305"
ChamatK,Procurement Assistant System,3,Procurement Officer,All,"30300508"
ChamatK,Procurement Assistant System,3,Procurement Officer,All,"30300509"
ChamatK,Procurement Assistant System,3,Procurement Officer,All,"30300701"
ChamatK,Procurement Assistant System,3,Procurement Officer,All,"30400403"
ChamatK,Procurement Assistant System,3,Procurement Officer,All,"30400406"
ChamatK,Procurement Assistant System,3,Procurement Officer,All,"30400407"
ChamatK,Procurement Assistant System,3,Procurement Officer,All,"30400508"
ChamatK,Procurement Assistant System,3,Procurement Officer,All,"30400509"
ChamatK,Procurement Assistant System,3,Procurement Officer,All,"30400701"
ChamatK,Procurement Assistant System,3,Procurement Officer,All,"30400702"
ChamatK,Procurement Assistant System,3,Procurement Officer,All,"30400703"
ChamatK,Procurement Assistant System,3,Procurement Officer,All,"30400704"
ChamatK,Procurement Assistant System,3,Procurement Officer,All,"30500601"
ChamatK,Procurement Assistant System,3,Procurement Officer,All,"30500603"
ChamatK,Procurement Assistant System,3,Procurement Officer,All,"30600101"
ChamatK,Procurement Assistant System,3,Procurement Officer,All,"90900501"
ChamatK,Reference Price System,2,Role Supply Chain,Admin,"101101"
ChamatK,Reference Price System,2,Role Supply Chain,Admin,"101103"
ChanikanS,Reference Price System,3,Foco point,Admin,"101101"
ChanikanS,Reference Price System,3,Foco point,Admin,"101201"
ChanikanS,Reference Price System,3,Foco point,Admin,"101202"
ChanikanS,Reference Price System,3,Foco point,Admin,"101301"
ChanikanS,Reference Price System,3,Foco point,Admin,"101303"
ChanikanS,Reference Price System,3,Foco point,Admin,"101305"
ChanikanS,Reference Price System,3,Foco point,Admin,"101307"
ChanikanS,Reference Price System,3,Foco point,Admin,"101401"
ChanikanS,Reference Price System,3,Foco point,Admin,"101405"
ChanokchonC,APP System,3,Procurement Officer,specific,"1011001"
ChanokchonC,APP System,3,Procurement Officer,specific,"1011003"
ChanokchonC,APP System,3,Procurement Officer,specific,"1011005"
ChanokchonC,APP System,3,Procurement Officer,specific,"1011011"
ChanokchonC,APP System,3,Procurement Officer,specific,"1011012"
ChanokchonC,APP System,3,Procurement Officer,specific,"1012002"
ChanokchonC,APP System,3,Procurement Officer,specific,"1014001"
ChanokchonC,APP System,3,Procurement Officer,specific,"1014002"
ChanokchonC,APP System,3,Procurement Officer,specific,"1014003"
ChanokchonC,APP System,3,Procurement Officer,specific,"1014005"
ChanokchonC,APP System,3,Procurement Officer,specific,"1014008"
ChanokchonC,APP System,3,Procurement Officer,specific,"2021001"
ChanokchonC,APP System,3,Procurement Officer,specific,"2021005"
ChanokchonC,APP System,3,Procurement Officer,specific,"2022001"
ChanokchonC,APP System,3,Procurement Officer,specific,"2022005"
ChanokchonC,APP System,3,Procurement Officer,specific,"2023001"
ChanokchonC,APP System,3,Procurement Officer,specific,"2023005"
ChanokchonC,APP System,3,Procurement Officer,specific,"2024001"
ChanokchonC,APP System,3,Procurement Officer,specific,"2024005"
ChanokchonC,APP System,3,Procurement Officer,specific,"2025001"
ChanokchonC,APP System,3,Procurement Officer,specific,"2025005"
ChanokchonC,APP System,3,Procurement Officer,specific,"3036001"
ChanokchonC,Procurement Assistant System,3,Procurement Officer,All,"11011001"
ChanokchonC,Procurement Assistant System,3,Procurement Officer,All,"11011003"
ChanokchonC,Procurement Assistant System,3,Procurement Officer,All,"11011005"
ChanokchonC,Procurement Assistant System,3,Procurement Officer,All,"11011007"
ChanokchonC,Procurement Assistant System,3,Procurement Officer,All,"11012001"
ChanokchonC,Procurement Assistant System,3,Procurement Officer,All,"11012002"
ChanokchonC,Procurement Assistant System,3,Procurement Officer,All,"11013001"
ChanokchonC,Procurement Assistant System,3,Procurement Officer,All,"11013003"
ChanokchonC,Procurement Assistant System,3,Procurement Officer,All,"11013005"
ChanokchonC,Procurement Assistant System,3,Procurement Officer,All,"11013007"
ChanokchonC,Procurement Assistant System,3,Procurement Officer,All,"11014001"
ChanokchonC,Procurement Assistant System,3,Procurement Officer,All,"11014005"
ChanokchonC,Procurement Assistant System,3,Procurement Officer,All,"21011001"
ChanokchonC,Procurement Assistant System,3,Procurement Officer,All,"21011003"
ChanokchonC,Procurement Assistant System,3,Procurement Officer,All,"21011005"
ChanokchonC,Procurement Assistant System,3,Procurement Officer,All,"21012002"
ChanokchonC,Procurement Assistant System,3,Procurement Officer,All,"21012011"
ChanokchonC,Procurement Assistant System,3,Procurement Officer,All,"21012012"
ChanokchonC,Procurement Assistant System,3,Procurement Officer,All,"21014001"
ChanokchonC,Procurement Assistant System,3,Procurement Officer,All,"21014002"
ChanokchonC,Procurement Assistant System,3,Procurement Officer,All,"21014003"
ChanokchonC,Procurement Assistant System,3,Procurement Officer,All,"21014005"
ChanokchonC,Procurement Assistant System,3,Procurement Officer,All,"21014008"
ChanokchonC,Procurement Assistant System,3,Procurement Officer,All,"22021001"
ChanokchonC,Procurement Assistant System,3,Procurement Officer,All,"22021005"
ChanokchonC,Procurement Assistant System,3,Procurement Officer,All,"22022001"
ChanokchonC,Procurement Assistant System,3,Procurement Officer,All,"22022005"
ChanokchonC,Procurement Assistant System,3,Procurement Officer,All,"22023001"
ChanokchonC,Procurement Assistant System,3,Procurement Officer,All,"22023005"
ChanokchonC,Procurement Assistant System,3,Procurement Officer,All,"22024001"
ChanokchonC,Procurement Assistant System,3,Procurement Officer,All,"22024005"
ChanokchonC,Procurement Assistant System,3,Procurement Officer,All,"22025001"
ChanokchonC,Procurement Assistant System,3,Procurement Officer,All,"22025005"
ChanokchonC,Procurement Assistant System,3,Procurement Officer,All,"30100101"
ChanokchonC,Procurement Assistant System,3,Procurement Officer,All,"30100202"
ChanokchonC,Procurement Assistant System,3,Procurement Officer,All,"30200202"
ChanokchonC,Procurement Assistant System,3,Procurement Officer,All,"30300301"
ChanokchonC,Procurement Assistant System,3,Procurement Officer,All,"30300303"
ChanokchonC,Procurement Assistant System,3,Procurement Officer,All,"30300304"
ChanokchonC,Procurement Assistant System,3,Procurement Officer,All,"30300305"
ChanokchonC,Procurement Assistant System,3,Procurement Officer,All,"30300508"
ChanokchonC,Procurement Assistant System,3,Procurement Officer,All,"30300509"
ChanokchonC,Procurement Assistant System,3,Procurement Officer,All,"30300701"
ChanokchonC,Procurement Assistant System,3,Procurement Officer,All,"30400403"
ChanokchonC,Procurement Assistant System,3,Procurement Officer,All,"30400406"
ChanokchonC,Procurement Assistant System,3,Procurement Officer,All,"30400407"
ChanokchonC,Procurement Assistant System,3,Procurement Officer,All,"30400508"
ChanokchonC,Procurement Assistant System,3,Procurement Officer,All,"30400509"
ChanokchonC,Procurement Assistant System,3,Procurement Officer,All,"30400701"
ChanokchonC,Procurement Assistant System,3,Procurement Officer,All,"30400702"
ChanokchonC,Procurement Assistant System,3,Procurement Officer,All,"30400703"
ChanokchonC,Procurement Assistant System,3,Procurement Officer,All,"30400704"
ChanokchonC,Procurement Assistant System,3,Procurement Officer,All,"30500601"
ChanokchonC,Procurement Assistant System,3,Procurement Officer,All,"30500603"
ChanokchonC,Procurement Assistant System,3,Procurement Officer,All,"30600101"
ChanokchonC,Procurement Assistant System,3,Procurement Officer,All,"90900501"
ChatsudaL,APP System,6,PSC Report Management,all,"1011001"
ChatsudaL,APP System,6,PSC Report Management,all,"1011003"
ChatsudaL,APP System,6,PSC Report Management,all,"1011005"
ChatsudaL,APP System,6,PSC Report Management,all,"1011008"
ChatsudaL,APP System,6,PSC Report Management,all,"1011011"
ChatsudaL,APP System,6,PSC Report Management,all,"1011012"
ChatsudaL,APP System,6,PSC Report Management,all,"1014001"
ChatsudaL,APP System,6,PSC Report Management,all,"1014002"
ChatsudaL,APP System,6,PSC Report Management,all,"1014003"
ChatsudaL,APP System,6,PSC Report Management,all,"1014005"
ChatsudaL,APP System,6,PSC Report Management,all,"1014007"
ChatsudaL,APP System,6,PSC Report Management,all,"1014008"
ChatsudaL,APP System,6,PSC Report Management,all,"2021001"
ChatsudaL,APP System,6,PSC Report Management,all,"2021005"
ChatsudaL,APP System,6,PSC Report Management,all,"2021009"
ChatsudaL,APP System,6,PSC Report Management,all,"2022001"
ChatsudaL,APP System,6,PSC Report Management,all,"2022005"
ChatsudaL,APP System,6,PSC Report Management,all,"2022009"
ChatsudaL,APP System,6,PSC Report Management,all,"2023001"
ChatsudaL,APP System,6,PSC Report Management,all,"2023005"
ChatsudaL,APP System,6,PSC Report Management,all,"2024001"
ChatsudaL,APP System,6,PSC Report Management,all,"2024005"
ChatsudaL,APP System,6,PSC Report Management,all,"2025001"
ChatsudaL,APP System,6,PSC Report Management,all,"2025005"
ChatsudaL,APP System,6,PSC Report Management,all,"3035001"
ChatsudaL,APP System,6,PSC Report Management,all,"3035003"
ChatsudaL,APP System,6,PSC Report Management,all,"3036001"
ChatupornS,APP System,1,System Admin,all,"1011001"
ChatupornS,APP System,1,System Admin,all,"1011003"
ChatupornS,APP System,1,System Admin,all,"1011005"
ChatupornS,APP System,1,System Admin,all,"1011006"
ChatupornS,APP System,1,System Admin,all,"1011008"
ChatupornS,APP System,1,System Admin,all,"1011011"
ChatupornS,APP System,1,System Admin,all,"1011012"
ChatupornS,APP System,1,System Admin,all,"1012002"
ChatupornS,APP System,1,System Admin,all,"1012013"
ChatupornS,APP System,1,System Admin,all,"1013010"
ChatupornS,APP System,1,System Admin,all,"1014001"
ChatupornS,APP System,1,System Admin,all,"1014002"
ChatupornS,APP System,1,System Admin,all,"1014003"
ChatupornS,APP System,1,System Admin,all,"1014005"
ChatupornS,APP System,1,System Admin,all,"1014007"
ChatupornS,APP System,1,System Admin,all,"1014008"
ChatupornS,APP System,1,System Admin,all,"2021001"
ChatupornS,APP System,1,System Admin,all,"2021005"
ChatupornS,APP System,1,System Admin,all,"2021009"
ChatupornS,APP System,1,System Admin,all,"2022001"
ChatupornS,APP System,1,System Admin,all,"2022005"
ChatupornS,APP System,1,System Admin,all,"2022009"
ChatupornS,APP System,1,System Admin,all,"2023001"
ChatupornS,APP System,1,System Admin,all,"2023005"
ChatupornS,APP System,1,System Admin,all,"2024001"
ChatupornS,APP System,1,System Admin,all,"2024005"
ChatupornS,APP System,1,System Admin,all,"2025001"
ChatupornS,APP System,1,System Admin,all,"2025005"
ChatupornS,APP System,1,System Admin,all,"3031001"
ChatupornS,APP System,1,System Admin,all,"3031003"
ChatupornS,APP System,1,System Admin,all,"3032001"
ChatupornS,APP System,1,System Admin,all,"3032002"
ChatupornS,APP System,1,System Admin,all,"3032003"
ChatupornS,APP System,1,System Admin,all,"3033001"
ChatupornS,APP System,1,System Admin,all,"3033003"
ChatupornS,APP System,1,System Admin,all,"3034001"
ChatupornS,APP System,1,System Admin,all,"3034002"
ChatupornS,APP System,1,System Admin,all,"3034003"
ChatupornS,APP System,1,System Admin,all,"3034004"
ChatupornS,APP System,1,System Admin,all,"3035001"
ChatupornS,APP System,1,System Admin,all,"3035003"
ChatupornS,APP System,1,System Admin,all,"3036001"
ChatupornS,APP System,1,System Admin,all,"3036002"
ChatupornS,APP System,1,System Admin,all,"3036003"
ChatupornS,APP System,1,System Admin,all,"3036010"
ChatupornS,APP System,1,System Admin,all,"3037001"
ChatupornS,APP System,1,System Admin,all,"3037002"
ChatupornS,APP System,1,System Admin,all,"3037003"
ChatupornS,APP System,1,System Admin,all,"4041001"
ChatupornS,APP System,1,System Admin,all,"4041002"
ChatupornS,APP System,1,System Admin,all,"4041003"
ChatupornS,APP System,1,System Admin,all,"4041004"
ChatupornS,APP System,1,System Admin,all,"4042001"
ChatupornS,APP System,1,System Admin,all,"4042002"
ChatupornS,APP System,1,System Admin,all,"4042003"
ChatupornS,APP System,1,System Admin,all,"4042004"
ChatupornS,APP System,1,System Admin,all,"5051001"
ChatupornS,APP System,1,System Admin,all,"5051005"
ChatupornS,APP System,1,System Admin,all,"5052001"
ChatupornS,APP System,1,System Admin,all,"5052005"
ChatupornS,Procurement Assistant System,2,Procurement Admin,All,"11011001"
ChatupornS,Procurement Assistant System,2,Procurement Admin,All,"11011003"
ChatupornS,Procurement Assistant System,2,Procurement Admin,All,"11011005"
ChatupornS,Procurement Assistant System,2,Procurement Admin,All,"11011006"
ChatupornS,Procurement Assistant System,2,Procurement Admin,All,"11011007"
ChatupornS,Procurement Assistant System,2,Procurement Admin,All,"11012001"
ChatupornS,Procurement Assistant System,2,Procurement Admin,All,"11012002"
ChatupornS,Procurement Assistant System,2,Procurement Admin,All,"11013001"
ChatupornS,Procurement Assistant System,2,Procurement Admin,All,"11013003"
ChatupornS,Procurement Assistant System,2,Procurement Admin,All,"11013005"
ChatupornS,Procurement Assistant System,2,Procurement Admin,All,"11013006"
ChatupornS,Procurement Assistant System,2,Procurement Admin,All,"11013007"
ChatupornS,Procurement Assistant System,2,Procurement Admin,All,"11014001"
ChatupornS,Procurement Assistant System,2,Procurement Admin,All,"11014005"
ChatupornS,Procurement Assistant System,2,Procurement Admin,All,"12021001"
ChatupornS,Procurement Assistant System,2,Procurement Admin,All,"12021003"
ChatupornS,Procurement Assistant System,2,Procurement Admin,All,"12022001"
ChatupornS,Procurement Assistant System,2,Procurement Admin,All,"12022002"
ChatupornS,Procurement Assistant System,2,Procurement Admin,All,"12022003"
ChatupornS,Procurement Assistant System,2,Procurement Admin,All,"12023001"
ChatupornS,Procurement Assistant System,2,Procurement Admin,All,"12023002"
ChatupornS,Procurement Assistant System,2,Procurement Admin,All,"12023003"
ChatupornS,Procurement Assistant System,2,Procurement Admin,All,"12023004"
ChatupornS,Procurement Assistant System,2,Procurement Admin,All,"12024001"
ChatupornS,Procurement Assistant System,2,Procurement Admin,All,"12024002"
ChatupornS,Procurement Assistant System,2,Procurement Admin,All,"12024003"
ChatupornS,Procurement Assistant System,2,Procurement Admin,All,"12024004"
ChatupornS,Procurement Assistant System,2,Procurement Admin,All,"12025001"
ChatupornS,Procurement Assistant System,2,Procurement Admin,All,"12025002"
ChatupornS,Procurement Assistant System,2,Procurement Admin,All,"12025003"
ChatupornS,Procurement Assistant System,2,Procurement Admin,All,"12025004"
ChatupornS,Procurement Assistant System,2,Procurement Admin,All,"15051001"
ChatupornS,Procurement Assistant System,2,Procurement Admin,All,"15051003"
ChatupornS,Procurement Assistant System,2,Procurement Admin,All,"21011001"
ChatupornS,Procurement Assistant System,2,Procurement Admin,All,"21011003"
ChatupornS,Procurement Assistant System,2,Procurement Admin,All,"21011005"
ChatupornS,Procurement Assistant System,2,Procurement Admin,All,"21012002"
ChatupornS,Procurement Assistant System,2,Procurement Admin,All,"21012006"
ChatupornS,Procurement Assistant System,2,Procurement Admin,All,"21012008"
ChatupornS,Procurement Assistant System,2,Procurement Admin,All,"21012011"
ChatupornS,Procurement Assistant System,2,Procurement Admin,All,"21012012"
ChatupornS,Procurement Assistant System,2,Procurement Admin,All,"21012013"
ChatupornS,Procurement Assistant System,2,Procurement Admin,All,"21013010"
ChatupornS,Procurement Assistant System,2,Procurement Admin,All,"21014001"
ChatupornS,Procurement Assistant System,2,Procurement Admin,All,"21014002"
ChatupornS,Procurement Assistant System,2,Procurement Admin,All,"21014003"
ChatupornS,Procurement Assistant System,2,Procurement Admin,All,"21014005"
ChatupornS,Procurement Assistant System,2,Procurement Admin,All,"21014007"
ChatupornS,Procurement Assistant System,2,Procurement Admin,All,"21014008"
ChatupornS,Procurement Assistant System,2,Procurement Admin,All,"22021001"
ChatupornS,Procurement Assistant System,2,Procurement Admin,All,"22021005"
ChatupornS,Procurement Assistant System,2,Procurement Admin,All,"22021009"
ChatupornS,Procurement Assistant System,2,Procurement Admin,All,"22022001"
ChatupornS,Procurement Assistant System,2,Procurement Admin,All,"22022005"
ChatupornS,Procurement Assistant System,2,Procurement Admin,All,"22022009"
ChatupornS,Procurement Assistant System,2,Procurement Admin,All,"22023001"
ChatupornS,Procurement Assistant System,2,Procurement Admin,All,"22023005"
ChatupornS,Procurement Assistant System,2,Procurement Admin,All,"22024001"
ChatupornS,Procurement Assistant System,2,Procurement Admin,All,"22024005"
ChatupornS,Procurement Assistant System,2,Procurement Admin,All,"22025001"
ChatupornS,Procurement Assistant System,2,Procurement Admin,All,"22025005"
ChatupornS,Procurement Assistant System,2,Procurement Admin,All,"23031001"
ChatupornS,Procurement Assistant System,2,Procurement Admin,All,"23031003"
ChatupornS,Procurement Assistant System,2,Procurement Admin,All,"23032001"
ChatupornS,Procurement Assistant System,2,Procurement Admin,All,"23032002"
ChatupornS,Procurement Assistant System,2,Procurement Admin,All,"23032003"
ChatupornS,Procurement Assistant System,2,Procurement Admin,All,"23033001"
ChatupornS,Procurement Assistant System,2,Procurement Admin,All,"23033003"
ChatupornS,Procurement Assistant System,2,Procurement Admin,All,"23034001"
ChatupornS,Procurement Assistant System,2,Procurement Admin,All,"23034002"
ChatupornS,Procurement Assistant System,2,Procurement Admin,All,"23034003"
ChatupornS,Procurement Assistant System,2,Procurement Admin,All,"23034004"
ChatupornS,Procurement Assistant System,2,Procurement Admin,All,"23035001"
ChatupornS,Procurement Assistant System,2,Procurement Admin,All,"23035003"
ChatupornS,Procurement Assistant System,2,Procurement Admin,All,"23038001"
ChatupornS,Procurement Assistant System,2,Procurement Admin,All,"23038002"
ChatupornS,Procurement Assistant System,2,Procurement Admin,All,"23038003"
ChatupornS,Procurement Assistant System,2,Procurement Admin,All,"23039001"
ChatupornS,Procurement Assistant System,2,Procurement Admin,All,"23039003"
ChatupornS,Procurement Assistant System,2,Procurement Admin,All,"26061001"
ChatupornS,Procurement Assistant System,2,Procurement Admin,All,"26061002"
ChatupornS,Procurement Assistant System,2,Procurement Admin,All,"26061003"
ChatupornS,Procurement Assistant System,2,Procurement Admin,All,"30100101"
ChatupornS,Procurement Assistant System,2,Procurement Admin,All,"30100202"
ChatupornS,Procurement Assistant System,2,Procurement Admin,All,"30200202"
ChatupornS,Procurement Assistant System,2,Procurement Admin,All,"30300301"
ChatupornS,Procurement Assistant System,2,Procurement Admin,All,"30300303"
ChatupornS,Procurement Assistant System,2,Procurement Admin,All,"30300304"
ChatupornS,Procurement Assistant System,2,Procurement Admin,All,"30300305"
ChatupornS,Procurement Assistant System,2,Procurement Admin,All,"30300508"
ChatupornS,Procurement Assistant System,2,Procurement Admin,All,"30300509"
ChatupornS,Procurement Assistant System,2,Procurement Admin,All,"30300701"
ChatupornS,Procurement Assistant System,2,Procurement Admin,All,"30400403"
ChatupornS,Procurement Assistant System,2,Procurement Admin,All,"30400406"
ChatupornS,Procurement Assistant System,2,Procurement Admin,All,"30400407"
ChatupornS,Procurement Assistant System,2,Procurement Admin,All,"30400508"
ChatupornS,Procurement Assistant System,2,Procurement Admin,All,"30400509"
ChatupornS,Procurement Assistant System,2,Procurement Admin,All,"30400701"
ChatupornS,Procurement Assistant System,2,Procurement Admin,All,"30400702"
ChatupornS,Procurement Assistant System,2,Procurement Admin,All,"30400703"
ChatupornS,Procurement Assistant System,2,Procurement Admin,All,"30400704"
ChatupornS,Procurement Assistant System,2,Procurement Admin,All,"30500601"
ChatupornS,Procurement Assistant System,2,Procurement Admin,All,"30500603"
ChatupornS,Procurement Assistant System,2,Procurement Admin,All,"30600101"
ChatupornS,Procurement Assistant System,2,Procurement Admin,All,"90100101"
ChatupornS,Procurement Assistant System,2,Procurement Admin,All,"90100202"
ChatupornS,Procurement Assistant System,2,Procurement Admin,All,"90200202"
ChatupornS,Procurement Assistant System,2,Procurement Admin,All,"90300301"
ChatupornS,Procurement Assistant System,2,Procurement Admin,All,"90300303"
ChatupornS,Procurement Assistant System,2,Procurement Admin,All,"90300304"
ChatupornS,Procurement Assistant System,2,Procurement Admin,All,"90400403"
ChatupornS,Procurement Assistant System,2,Procurement Admin,All,"90500101"
ChatupornS,Procurement Assistant System,2,Procurement Admin,All,"90500201"
ChatupornS,Procurement Assistant System,2,Procurement Admin,All,"90600202"
ChatupornS,Procurement Assistant System,2,Procurement Admin,All,"90700301"
ChatupornS,Procurement Assistant System,2,Procurement Admin,All,"90700303"
ChatupornS,Procurement Assistant System,2,Procurement Admin,All,"90700304"
ChatupornS,Procurement Assistant System,2,Procurement Admin,All,"90800403"
ChatupornS,Procurement Assistant System,2,Procurement Admin,All,"90900501"
ChatupornS,Procurement Assistant System,2,Procurement Admin,All,"90900502"
ChatupornS,Procurement Assistant System,2,Procurement Admin,All,"90900503"
ChatupornS,Procurement Assistant System,2,Procurement Admin,All,"90900510"
ChatupornS,Procurement Assistant System,2,Procurement Admin,All,"91000601"
ChatupornS,Procurement Assistant System,2,Procurement Admin,All,"91000602"
ChatupornS,Procurement Assistant System,2,Procurement Admin,All,"91000603"
ChatupornS,Procurement Assistant System,2,Procurement Admin,All,"91100701"
ChatupornS,Procurement Assistant System,2,Procurement Admin,All,"91200801"
ChatupornS,Procurement Assistant System,2,Procurement Admin,All,"91200803"
ChatupornS,Procurement Assistant System,2,Procurement Admin,All,"91300903"
ChatupornS,Procurement Assistant System,2,Procurement Admin,All,"91401001"
ChatupornS,Procurement Assistant System,2,Procurement Admin,All,"91501101"
ChatupornS,Procurement Assistant System,2,Procurement Admin,All,"91601205"
ChatupornS,Procurement Assistant System,2,Procurement Admin,All,"91701301"
ChatupornS,Procurement Assistant System,2,Procurement Admin,All,"91701305"
ChatupornS,Procurement Assistant System,2,Procurement Admin,All,"91801401"
ChatupornS,Procurement Assistant System,2,Procurement Admin,All,"91801501"
ChatupornS,Procurement Assistant System,2,Procurement Admin,All,"91801601"
ChatupornS,Reference Price System,1,Admin,Admin,"101101"
ChatupornS,Reference Price System,1,Admin,Admin,"101103"
ChatupornS,Reference Price System,1,Admin,Admin,"101105"
ChatupornS,Reference Price System,1,Admin,Admin,"101106"
ChatupornS,Reference Price System,1,Admin,Admin,"101107"
ChatupornS,Reference Price System,1,Admin,Admin,"101201"
ChatupornS,Reference Price System,1,Admin,Admin,"101202"
ChatupornS,Reference Price System,1,Admin,Admin,"101301"
ChatupornS,Reference Price System,1,Admin,Admin,"101303"
ChatupornS,Reference Price System,1,Admin,Admin,"101305"
ChatupornS,Reference Price System,1,Admin,Admin,"101306"
ChatupornS,Reference Price System,1,Admin,Admin,"101307"
ChatupornS,Reference Price System,1,Admin,Admin,"101401"
ChatupornS,Reference Price System,1,Admin,Admin,"101405"
ChatupornS,Reference Price System,1,Admin,Admin,"202101"
ChatupornS,Reference Price System,1,Admin,Admin,"202103"
ChatupornS,Reference Price System,1,Admin,Admin,"202201"
ChatupornS,Reference Price System,1,Admin,Admin,"202202"
ChatupornS,Reference Price System,1,Admin,Admin,"202203"
ChatupornS,Reference Price System,1,Admin,Admin,"202301"
ChatupornS,Reference Price System,1,Admin,Admin,"202302"
ChatupornS,Reference Price System,1,Admin,Admin,"202303"
ChatupornS,Reference Price System,1,Admin,Admin,"202304"
ChatupornS,Reference Price System,1,Admin,Admin,"202401"
ChatupornS,Reference Price System,1,Admin,Admin,"202402"
ChatupornS,Reference Price System,1,Admin,Admin,"202403"
ChatupornS,Reference Price System,1,Admin,Admin,"202404"
ChatupornS,Reference Price System,1,Admin,Admin,"202501"
ChatupornS,Reference Price System,1,Admin,Admin,"202502"
ChatupornS,Reference Price System,1,Admin,Admin,"202503"
ChatupornS,Reference Price System,1,Admin,Admin,"202504"
ChatupornS,Reference Price System,1,Admin,Admin,"303101"
ChatupornS,Reference Price System,1,Admin,Admin,"303102"
ChatupornS,Reference Price System,1,Admin,Admin,"303103"
ChatupornS,Reference Price System,1,Admin,Admin,"303104"
ChatupornS,Reference Price System,1,Admin,Admin,"303201"
ChatupornS,Reference Price System,1,Admin,Admin,"303202"
ChatupornS,Reference Price System,1,Admin,Admin,"303203"
ChatupornS,Reference Price System,1,Admin,Admin,"303204"
ChatupornS,Reference Price System,1,Admin,Admin,"404101"
ChatupornS,Reference Price System,1,Admin,Admin,"404201"
ChatupornS,Reference Price System,1,Admin,Admin,"404301"
ChatupornS,Reference Price System,1,Admin,Admin,"404401"
ChawakornK,APP System,3,Procurement Officer,specific,"1011001"
ChawakornK,APP System,3,Procurement Officer,specific,"1011003"
ChawakornK,APP System,3,Procurement Officer,specific,"1011005"
ChawakornK,APP System,3,Procurement Officer,specific,"1011011"
ChawakornK,APP System,3,Procurement Officer,specific,"1011012"
ChawakornK,APP System,3,Procurement Officer,specific,"1012002"
ChawakornK,APP System,3,Procurement Officer,specific,"1014001"
ChawakornK,APP System,3,Procurement Officer,specific,"1014002"
ChawakornK,APP System,3,Procurement Officer,specific,"1014003"
ChawakornK,APP System,3,Procurement Officer,specific,"1014005"
ChawakornK,APP System,3,Procurement Officer,specific,"1014008"
ChawakornK,APP System,3,Procurement Officer,specific,"2021001"
ChawakornK,APP System,3,Procurement Officer,specific,"2021005"
ChawakornK,APP System,3,Procurement Officer,specific,"2022001"
ChawakornK,APP System,3,Procurement Officer,specific,"2022005"
ChawakornK,APP System,3,Procurement Officer,specific,"2023001"
ChawakornK,APP System,3,Procurement Officer,specific,"2023005"
ChawakornK,APP System,3,Procurement Officer,specific,"2024001"
ChawakornK,APP System,3,Procurement Officer,specific,"2024005"
ChawakornK,APP System,3,Procurement Officer,specific,"2025001"
ChawakornK,APP System,3,Procurement Officer,specific,"2025005"
ChawakornK,APP System,3,Procurement Officer,specific,"3036001"
ChawakornK,Procurement Assistant System,3,Procurement Officer,All,"11011001"
ChawakornK,Procurement Assistant System,3,Procurement Officer,All,"11011003"
ChawakornK,Procurement Assistant System,3,Procurement Officer,All,"11011005"
ChawakornK,Procurement Assistant System,3,Procurement Officer,All,"11011007"
ChawakornK,Procurement Assistant System,3,Procurement Officer,All,"11012001"
ChawakornK,Procurement Assistant System,3,Procurement Officer,All,"11012002"
ChawakornK,Procurement Assistant System,3,Procurement Officer,All,"11013001"
ChawakornK,Procurement Assistant System,3,Procurement Officer,All,"11013003"
ChawakornK,Procurement Assistant System,3,Procurement Officer,All,"11013005"
ChawakornK,Procurement Assistant System,3,Procurement Officer,All,"11013007"
ChawakornK,Procurement Assistant System,3,Procurement Officer,All,"11014001"
ChawakornK,Procurement Assistant System,3,Procurement Officer,All,"11014005"
ChawakornK,Procurement Assistant System,3,Procurement Officer,All,"21011001"
ChawakornK,Procurement Assistant System,3,Procurement Officer,All,"21011003"
ChawakornK,Procurement Assistant System,3,Procurement Officer,All,"21011005"
ChawakornK,Procurement Assistant System,3,Procurement Officer,All,"21012002"
ChawakornK,Procurement Assistant System,3,Procurement Officer,All,"21012011"
ChawakornK,Procurement Assistant System,3,Procurement Officer,All,"21012012"
ChawakornK,Procurement Assistant System,3,Procurement Officer,All,"21014001"
ChawakornK,Procurement Assistant System,3,Procurement Officer,All,"21014002"
ChawakornK,Procurement Assistant System,3,Procurement Officer,All,"21014003"
ChawakornK,Procurement Assistant System,3,Procurement Officer,All,"21014005"
ChawakornK,Procurement Assistant System,3,Procurement Officer,All,"21014008"
ChawakornK,Procurement Assistant System,3,Procurement Officer,All,"22021001"
ChawakornK,Procurement Assistant System,3,Procurement Officer,All,"22021005"
ChawakornK,Procurement Assistant System,3,Procurement Officer,All,"22022001"
ChawakornK,Procurement Assistant System,3,Procurement Officer,All,"22022005"
ChawakornK,Procurement Assistant System,3,Procurement Officer,All,"22023001"
ChawakornK,Procurement Assistant System,3,Procurement Officer,All,"22023005"
ChawakornK,Procurement Assistant System,3,Procurement Officer,All,"22024001"
ChawakornK,Procurement Assistant System,3,Procurement Officer,All,"22024005"
ChawakornK,Procurement Assistant System,3,Procurement Officer,All,"22025001"
ChawakornK,Procurement Assistant System,3,Procurement Officer,All,"22025005"
ChawakornK,Procurement Assistant System,3,Procurement Officer,All,"30100101"
ChawakornK,Procurement Assistant System,3,Procurement Officer,All,"30100202"
ChawakornK,Procurement Assistant System,3,Procurement Officer,All,"30200202"
ChawakornK,Procurement Assistant System,3,Procurement Officer,All,"30300301"
ChawakornK,Procurement Assistant System,3,Procurement Officer,All,"30300303"
ChawakornK,Procurement Assistant System,3,Procurement Officer,All,"30300304"
ChawakornK,Procurement Assistant System,3,Procurement Officer,All,"30300305"
ChawakornK,Procurement Assistant System,3,Procurement Officer,All,"30300508"
ChawakornK,Procurement Assistant System,3,Procurement Officer,All,"30300509"
ChawakornK,Procurement Assistant System,3,Procurement Officer,All,"30300701"
ChawakornK,Procurement Assistant System,3,Procurement Officer,All,"30400403"
ChawakornK,Procurement Assistant System,3,Procurement Officer,All,"30400406"
ChawakornK,Procurement Assistant System,3,Procurement Officer,All,"30400407"
ChawakornK,Procurement Assistant System,3,Procurement Officer,All,"30400508"
ChawakornK,Procurement Assistant System,3,Procurement Officer,All,"30400509"
ChawakornK,Procurement Assistant System,3,Procurement Officer,All,"30400701"
ChawakornK,Procurement Assistant System,3,Procurement Officer,All,"30400702"
ChawakornK,Procurement Assistant System,3,Procurement Officer,All,"30400703"
ChawakornK,Procurement Assistant System,3,Procurement Officer,All,"30400704"
ChawakornK,Procurement Assistant System,3,Procurement Officer,All,"30500601"
ChawakornK,Procurement Assistant System,3,Procurement Officer,All,"30500603"
ChawakornK,Procurement Assistant System,3,Procurement Officer,All,"30600101"
ChawakornK,Procurement Assistant System,3,Procurement Officer,All,"90900501"
ChontichaH,APP System,3,Procurement Officer,specific,"1011001"
ChontichaH,APP System,3,Procurement Officer,specific,"1011003"
ChontichaH,APP System,3,Procurement Officer,specific,"1011005"
ChontichaH,APP System,3,Procurement Officer,specific,"1011011"
ChontichaH,APP System,3,Procurement Officer,specific,"1011012"
ChontichaH,APP System,3,Procurement Officer,specific,"1012002"
ChontichaH,APP System,3,Procurement Officer,specific,"1014001"
ChontichaH,APP System,3,Procurement Officer,specific,"1014002"
ChontichaH,APP System,3,Procurement Officer,specific,"1014003"
ChontichaH,APP System,3,Procurement Officer,specific,"1014005"
ChontichaH,APP System,3,Procurement Officer,specific,"1014008"
ChontichaH,APP System,3,Procurement Officer,specific,"2021001"
ChontichaH,APP System,3,Procurement Officer,specific,"2021005"
ChontichaH,APP System,3,Procurement Officer,specific,"2022001"
ChontichaH,APP System,3,Procurement Officer,specific,"2022005"
ChontichaH,APP System,3,Procurement Officer,specific,"2023001"
ChontichaH,APP System,3,Procurement Officer,specific,"2023005"
ChontichaH,APP System,3,Procurement Officer,specific,"2024001"
ChontichaH,APP System,3,Procurement Officer,specific,"2024005"
ChontichaH,APP System,3,Procurement Officer,specific,"2025001"
ChontichaH,APP System,3,Procurement Officer,specific,"2025005"
ChontichaH,APP System,3,Procurement Officer,specific,"3036001"
ChontichaH,APP System,9,Focal Point_PSC Report,all,"1011001"
ChontichaH,APP System,9,Focal Point_PSC Report,all,"1011003"
ChontichaH,APP System,9,Focal Point_PSC Report,all,"1011005"
ChontichaH,APP System,9,Focal Point_PSC Report,all,"1011011"
ChontichaH,APP System,9,Focal Point_PSC Report,all,"1011012"
ChontichaH,APP System,9,Focal Point_PSC Report,all,"1014001"
ChontichaH,APP System,9,Focal Point_PSC Report,all,"1014005"
ChontichaH,APP System,9,Focal Point_PSC Report,all,"2021001"
ChontichaH,APP System,9,Focal Point_PSC Report,all,"2021005"
ChontichaH,APP System,9,Focal Point_PSC Report,all,"2022001"
ChontichaH,APP System,9,Focal Point_PSC Report,all,"2022005"
ChontichaH,APP System,9,Focal Point_PSC Report,all,"2023001"
ChontichaH,APP System,9,Focal Point_PSC Report,all,"2023005"
ChontichaH,APP System,9,Focal Point_PSC Report,all,"2024001"
ChontichaH,APP System,9,Focal Point_PSC Report,all,"2024005"
ChontichaH,APP System,9,Focal Point_PSC Report,all,"2025001"
ChontichaH,APP System,9,Focal Point_PSC Report,all,"2025005"
ChontichaH,APP System,9,Focal Point_PSC Report,all,"3035001"
ChontichaH,APP System,9,Focal Point_PSC Report,all,"3036001"
ChontichaH,Procurement Assistant System,3,Procurement Officer,All,"11011001"
ChontichaH,Procurement Assistant System,3,Procurement Officer,All,"11011003"
ChontichaH,Procurement Assistant System,3,Procurement Officer,All,"11011005"
ChontichaH,Procurement Assistant System,3,Procurement Officer,All,"11011007"
ChontichaH,Procurement Assistant System,3,Procurement Officer,All,"11012001"
ChontichaH,Procurement Assistant System,3,Procurement Officer,All,"11012002"
ChontichaH,Procurement Assistant System,3,Procurement Officer,All,"11013001"
ChontichaH,Procurement Assistant System,3,Procurement Officer,All,"11013003"
ChontichaH,Procurement Assistant System,3,Procurement Officer,All,"11013005"
ChontichaH,Procurement Assistant System,3,Procurement Officer,All,"11013007"
ChontichaH,Procurement Assistant System,3,Procurement Officer,All,"11014001"
ChontichaH,Procurement Assistant System,3,Procurement Officer,All,"11014005"
ChontichaH,Procurement Assistant System,3,Procurement Officer,All,"21011001"
ChontichaH,Procurement Assistant System,3,Procurement Officer,All,"21011003"
ChontichaH,Procurement Assistant System,3,Procurement Officer,All,"21011005"
ChontichaH,Procurement Assistant System,3,Procurement Officer,All,"21012002"
ChontichaH,Procurement Assistant System,3,Procurement Officer,All,"21012011"
ChontichaH,Procurement Assistant System,3,Procurement Officer,All,"21012012"
ChontichaH,Procurement Assistant System,3,Procurement Officer,All,"21014001"
ChontichaH,Procurement Assistant System,3,Procurement Officer,All,"21014002"
ChontichaH,Procurement Assistant System,3,Procurement Officer,All,"21014003"
ChontichaH,Procurement Assistant System,3,Procurement Officer,All,"21014005"
ChontichaH,Procurement Assistant System,3,Procurement Officer,All,"21014008"
ChontichaH,Procurement Assistant System,3,Procurement Officer,All,"22021001"
ChontichaH,Procurement Assistant System,3,Procurement Officer,All,"22021005"
ChontichaH,Procurement Assistant System,3,Procurement Officer,All,"22022001"
ChontichaH,Procurement Assistant System,3,Procurement Officer,All,"22022005"
ChontichaH,Procurement Assistant System,3,Procurement Officer,All,"22023001"
ChontichaH,Procurement Assistant System,3,Procurement Officer,All,"22023005"
ChontichaH,Procurement Assistant System,3,Procurement Officer,All,"22024001"
ChontichaH,Procurement Assistant System,3,Procurement Officer,All,"22024005"
ChontichaH,Procurement Assistant System,3,Procurement Officer,All,"22025001"
ChontichaH,Procurement Assistant System,3,Procurement Officer,All,"22025005"
ChontichaH,Procurement Assistant System,3,Procurement Officer,All,"30100101"
ChontichaH,Procurement Assistant System,3,Procurement Officer,All,"30100202"
ChontichaH,Procurement Assistant System,3,Procurement Officer,All,"30200202"
ChontichaH,Procurement Assistant System,3,Procurement Officer,All,"30300301"
ChontichaH,Procurement Assistant System,3,Procurement Officer,All,"30300303"
ChontichaH,Procurement Assistant System,3,Procurement Officer,All,"30300304"
ChontichaH,Procurement Assistant System,3,Procurement Officer,All,"30300305"
ChontichaH,Procurement Assistant System,3,Procurement Officer,All,"30300508"
ChontichaH,Procurement Assistant System,3,Procurement Officer,All,"30300509"
ChontichaH,Procurement Assistant System,3,Procurement Officer,All,"30300701"
ChontichaH,Procurement Assistant System,3,Procurement Officer,All,"30400403"
ChontichaH,Procurement Assistant System,3,Procurement Officer,All,"30400406"
ChontichaH,Procurement Assistant System,3,Procurement Officer,All,"30400407"
ChontichaH,Procurement Assistant System,3,Procurement Officer,All,"30400508"
ChontichaH,Procurement Assistant System,3,Procurement Officer,All,"30400509"
ChontichaH,Procurement Assistant System,3,Procurement Officer,All,"30400701"
ChontichaH,Procurement Assistant System,3,Procurement Officer,All,"30400702"
ChontichaH,Procurement Assistant System,3,Procurement Officer,All,"30400703"
ChontichaH,Procurement Assistant System,3,Procurement Officer,All,"30400704"
ChontichaH,Procurement Assistant System,3,Procurement Officer,All,"30500601"
ChontichaH,Procurement Assistant System,3,Procurement Officer,All,"30500603"
ChontichaH,Procurement Assistant System,3,Procurement Officer,All,"30600101"
ChontichaH,Procurement Assistant System,3,Procurement Officer,All,"90900501"
ChoochartM,Reference Price System,2,Role Supply Chain,Admin,"101101"
ChoochartM,Reference Price System,2,Role Supply Chain,Admin,"101103"
CHULAM,APP System,2,Management,all,"1011001"
CHULAM,APP System,2,Management,all,"1011005"
CHULAM,APP System,2,Management,all,"1014001"
CHULAM,APP System,2,Management,all,"1014005"
CHULAM,APP System,2,Management,all,"2021001"
CHULAM,APP System,2,Management,all,"2021005"
CHULAM,APP System,2,Management,all,"2022001"
CHULAM,APP System,2,Management,all,"2022005"
CHULAM,APP System,2,Management,all,"2023001"
CHULAM,APP System,2,Management,all,"2023005"
CHULAM,APP System,2,Management,all,"2024001"
CHULAM,APP System,2,Management,all,"2024005"
CHULAM,APP System,2,Management,all,"2025001"
CHULAM,APP System,2,Management,all,"2025005"
CHULAM,APP System,2,Management,all,"3036001"
ChupongK,APP System,7,Management relate org,specific,"1011001"
ChupongK,APP System,7,Management relate org,specific,"1011005"
ChupongK,APP System,7,Management relate org,specific,"1014001"
ChupongK,APP System,7,Management relate org,specific,"1014005"
ChupongK,APP System,7,Management relate org,specific,"2021001"
ChupongK,APP System,7,Management relate org,specific,"2021005"
ChupongK,APP System,7,Management relate org,specific,"2022001"
ChupongK,APP System,7,Management relate org,specific,"2022005"
ChupongK,APP System,7,Management relate org,specific,"2023001"
ChupongK,APP System,7,Management relate org,specific,"2023005"
ChupongK,APP System,7,Management relate org,specific,"2024001"
ChupongK,APP System,7,Management relate org,specific,"2024005"
ChupongK,APP System,7,Management relate org,specific,"2025001"
ChupongK,APP System,7,Management relate org,specific,"2025005"
ChutchanokP,APP System,3,Procurement Officer,specific,"1011001"
ChutchanokP,APP System,3,Procurement Officer,specific,"1011003"
ChutchanokP,APP System,3,Procurement Officer,specific,"1011005"
ChutchanokP,APP System,3,Procurement Officer,specific,"1011011"
ChutchanokP,APP System,3,Procurement Officer,specific,"1011012"
ChutchanokP,APP System,3,Procurement Officer,specific,"1012002"
ChutchanokP,APP System,3,Procurement Officer,specific,"1014001"
ChutchanokP,APP System,3,Procurement Officer,specific,"1014002"
ChutchanokP,APP System,3,Procurement Officer,specific,"1014003"
ChutchanokP,APP System,3,Procurement Officer,specific,"1014005"
ChutchanokP,APP System,3,Procurement Officer,specific,"1014008"
ChutchanokP,APP System,3,Procurement Officer,specific,"2021001"
ChutchanokP,APP System,3,Procurement Officer,specific,"2021005"
ChutchanokP,APP System,3,Procurement Officer,specific,"2022001"
ChutchanokP,APP System,3,Procurement Officer,specific,"2022005"
ChutchanokP,APP System,3,Procurement Officer,specific,"2023001"
ChutchanokP,APP System,3,Procurement Officer,specific,"2023005"
ChutchanokP,APP System,3,Procurement Officer,specific,"2024001"
ChutchanokP,APP System,3,Procurement Officer,specific,"2024005"
ChutchanokP,APP System,3,Procurement Officer,specific,"2025001"
ChutchanokP,APP System,3,Procurement Officer,specific,"2025005"
ChutchanokP,APP System,3,Procurement Officer,specific,"3036001"
ChutchanokP,Procurement Assistant System,3,Procurement Officer,All,"11011001"
ChutchanokP,Procurement Assistant System,3,Procurement Officer,All,"11011003"
ChutchanokP,Procurement Assistant System,3,Procurement Officer,All,"11011005"
ChutchanokP,Procurement Assistant System,3,Procurement Officer,All,"11011007"
ChutchanokP,Procurement Assistant System,3,Procurement Officer,All,"11012001"
ChutchanokP,Procurement Assistant System,3,Procurement Officer,All,"11012002"
ChutchanokP,Procurement Assistant System,3,Procurement Officer,All,"11013001"
ChutchanokP,Procurement Assistant System,3,Procurement Officer,All,"11013003"
ChutchanokP,Procurement Assistant System,3,Procurement Officer,All,"11013005"
ChutchanokP,Procurement Assistant System,3,Procurement Officer,All,"11013007"
ChutchanokP,Procurement Assistant System,3,Procurement Officer,All,"11014001"
ChutchanokP,Procurement Assistant System,3,Procurement Officer,All,"11014005"
ChutchanokP,Procurement Assistant System,3,Procurement Officer,All,"21011001"
ChutchanokP,Procurement Assistant System,3,Procurement Officer,All,"21011003"
ChutchanokP,Procurement Assistant System,3,Procurement Officer,All,"21011005"
ChutchanokP,Procurement Assistant System,3,Procurement Officer,All,"21012002"
ChutchanokP,Procurement Assistant System,3,Procurement Officer,All,"21012011"
ChutchanokP,Procurement Assistant System,3,Procurement Officer,All,"21012012"
ChutchanokP,Procurement Assistant System,3,Procurement Officer,All,"21014001"
ChutchanokP,Procurement Assistant System,3,Procurement Officer,All,"21014002"
ChutchanokP,Procurement Assistant System,3,Procurement Officer,All,"21014003"
ChutchanokP,Procurement Assistant System,3,Procurement Officer,All,"21014005"
ChutchanokP,Procurement Assistant System,3,Procurement Officer,All,"21014008"
ChutchanokP,Procurement Assistant System,3,Procurement Officer,All,"22021001"
ChutchanokP,Procurement Assistant System,3,Procurement Officer,All,"22021005"
ChutchanokP,Procurement Assistant System,3,Procurement Officer,All,"22022001"
ChutchanokP,Procurement Assistant System,3,Procurement Officer,All,"22022005"
ChutchanokP,Procurement Assistant System,3,Procurement Officer,All,"22023001"
ChutchanokP,Procurement Assistant System,3,Procurement Officer,All,"22023005"
ChutchanokP,Procurement Assistant System,3,Procurement Officer,All,"22024001"
ChutchanokP,Procurement Assistant System,3,Procurement Officer,All,"22024005"
ChutchanokP,Procurement Assistant System,3,Procurement Officer,All,"22025001"
ChutchanokP,Procurement Assistant System,3,Procurement Officer,All,"22025005"
ChutchanokP,Procurement Assistant System,3,Procurement Officer,All,"30100101"
ChutchanokP,Procurement Assistant System,3,Procurement Officer,All,"30100202"
ChutchanokP,Procurement Assistant System,3,Procurement Officer,All,"30200202"
ChutchanokP,Procurement Assistant System,3,Procurement Officer,All,"30300301"
ChutchanokP,Procurement Assistant System,3,Procurement Officer,All,"30300303"
ChutchanokP,Procurement Assistant System,3,Procurement Officer,All,"30300304"
ChutchanokP,Procurement Assistant System,3,Procurement Officer,All,"30300305"
ChutchanokP,Procurement Assistant System,3,Procurement Officer,All,"30300508"
ChutchanokP,Procurement Assistant System,3,Procurement Officer,All,"30300509"
ChutchanokP,Procurement Assistant System,3,Procurement Officer,All,"30300701"
ChutchanokP,Procurement Assistant System,3,Procurement Officer,All,"30400403"
ChutchanokP,Procurement Assistant System,3,Procurement Officer,All,"30400406"
ChutchanokP,Procurement Assistant System,3,Procurement Officer,All,"30400407"
ChutchanokP,Procurement Assistant System,3,Procurement Officer,All,"30400508"
ChutchanokP,Procurement Assistant System,3,Procurement Officer,All,"30400509"
ChutchanokP,Procurement Assistant System,3,Procurement Officer,All,"30400701"
ChutchanokP,Procurement Assistant System,3,Procurement Officer,All,"30400702"
ChutchanokP,Procurement Assistant System,3,Procurement Officer,All,"30400703"
ChutchanokP,Procurement Assistant System,3,Procurement Officer,All,"30400704"
ChutchanokP,Procurement Assistant System,3,Procurement Officer,All,"30500601"
ChutchanokP,Procurement Assistant System,3,Procurement Officer,All,"30500603"
ChutchanokP,Procurement Assistant System,3,Procurement Officer,All,"30600101"
ChutchanokP,Procurement Assistant System,3,Procurement Officer,All,"90900501"
ChutsanaN,APP System,3,Procurement Officer,specific,"1011001"
ChutsanaN,APP System,3,Procurement Officer,specific,"1011003"
ChutsanaN,APP System,3,Procurement Officer,specific,"1011005"
ChutsanaN,APP System,3,Procurement Officer,specific,"1011011"
ChutsanaN,APP System,3,Procurement Officer,specific,"1011012"
ChutsanaN,APP System,3,Procurement Officer,specific,"1012002"
ChutsanaN,APP System,3,Procurement Officer,specific,"1014001"
ChutsanaN,APP System,3,Procurement Officer,specific,"1014002"
ChutsanaN,APP System,3,Procurement Officer,specific,"1014003"
ChutsanaN,APP System,3,Procurement Officer,specific,"1014005"
ChutsanaN,APP System,3,Procurement Officer,specific,"1014008"
ChutsanaN,APP System,3,Procurement Officer,specific,"2021001"
ChutsanaN,APP System,3,Procurement Officer,specific,"2021005"
ChutsanaN,APP System,3,Procurement Officer,specific,"2022001"
ChutsanaN,APP System,3,Procurement Officer,specific,"2022005"
ChutsanaN,APP System,3,Procurement Officer,specific,"2023001"
ChutsanaN,APP System,3,Procurement Officer,specific,"2023005"
ChutsanaN,APP System,3,Procurement Officer,specific,"2024001"
ChutsanaN,APP System,3,Procurement Officer,specific,"2024005"
ChutsanaN,APP System,3,Procurement Officer,specific,"2025001"
ChutsanaN,APP System,3,Procurement Officer,specific,"2025005"
ChutsanaN,APP System,3,Procurement Officer,specific,"3036001"
ChutsanaN,Procurement Assistant System,3,Procurement Officer,All,"11011001"
ChutsanaN,Procurement Assistant System,3,Procurement Officer,All,"11011003"
ChutsanaN,Procurement Assistant System,3,Procurement Officer,All,"11011005"
ChutsanaN,Procurement Assistant System,3,Procurement Officer,All,"11011007"
ChutsanaN,Procurement Assistant System,3,Procurement Officer,All,"11012001"
ChutsanaN,Procurement Assistant System,3,Procurement Officer,All,"11012002"
ChutsanaN,Procurement Assistant System,3,Procurement Officer,All,"11013001"
ChutsanaN,Procurement Assistant System,3,Procurement Officer,All,"11013003"
ChutsanaN,Procurement Assistant System,3,Procurement Officer,All,"11013005"
ChutsanaN,Procurement Assistant System,3,Procurement Officer,All,"11013007"
ChutsanaN,Procurement Assistant System,3,Procurement Officer,All,"11014001"
ChutsanaN,Procurement Assistant System,3,Procurement Officer,All,"11014005"
ChutsanaN,Procurement Assistant System,3,Procurement Officer,All,"21011001"
ChutsanaN,Procurement Assistant System,3,Procurement Officer,All,"21011003"
ChutsanaN,Procurement Assistant System,3,Procurement Officer,All,"21011005"
ChutsanaN,Procurement Assistant System,3,Procurement Officer,All,"21012002"
ChutsanaN,Procurement Assistant System,3,Procurement Officer,All,"21012011"
ChutsanaN,Procurement Assistant System,3,Procurement Officer,All,"21012012"
ChutsanaN,Procurement Assistant System,3,Procurement Officer,All,"21014001"
ChutsanaN,Procurement Assistant System,3,Procurement Officer,All,"21014002"
ChutsanaN,Procurement Assistant System,3,Procurement Officer,All,"21014003"
ChutsanaN,Procurement Assistant System,3,Procurement Officer,All,"21014005"
ChutsanaN,Procurement Assistant System,3,Procurement Officer,All,"21014008"
ChutsanaN,Procurement Assistant System,3,Procurement Officer,All,"22021001"
ChutsanaN,Procurement Assistant System,3,Procurement Officer,All,"22021005"
ChutsanaN,Procurement Assistant System,3,Procurement Officer,All,"22022001"
ChutsanaN,Procurement Assistant System,3,Procurement Officer,All,"22022005"
ChutsanaN,Procurement Assistant System,3,Procurement Officer,All,"22023001"
ChutsanaN,Procurement Assistant System,3,Procurement Officer,All,"22023005"
ChutsanaN,Procurement Assistant System,3,Procurement Officer,All,"22024001"
ChutsanaN,Procurement Assistant System,3,Procurement Officer,All,"22024005"
ChutsanaN,Procurement Assistant System,3,Procurement Officer,All,"22025001"
ChutsanaN,Procurement Assistant System,3,Procurement Officer,All,"22025005"
ChutsanaN,Procurement Assistant System,3,Procurement Officer,All,"30100101"
ChutsanaN,Procurement Assistant System,3,Procurement Officer,All,"30100202"
ChutsanaN,Procurement Assistant System,3,Procurement Officer,All,"30200202"
ChutsanaN,Procurement Assistant System,3,Procurement Officer,All,"30300301"
ChutsanaN,Procurement Assistant System,3,Procurement Officer,All,"30300303"
ChutsanaN,Procurement Assistant System,3,Procurement Officer,All,"30300304"
ChutsanaN,Procurement Assistant System,3,Procurement Officer,All,"30300305"
ChutsanaN,Procurement Assistant System,3,Procurement Officer,All,"30300508"
ChutsanaN,Procurement Assistant System,3,Procurement Officer,All,"30300509"
ChutsanaN,Procurement Assistant System,3,Procurement Officer,All,"30300701"
ChutsanaN,Procurement Assistant System,3,Procurement Officer,All,"30400403"
ChutsanaN,Procurement Assistant System,3,Procurement Officer,All,"30400406"
ChutsanaN,Procurement Assistant System,3,Procurement Officer,All,"30400407"
ChutsanaN,Procurement Assistant System,3,Procurement Officer,All,"30400508"
ChutsanaN,Procurement Assistant System,3,Procurement Officer,All,"30400509"
ChutsanaN,Procurement Assistant System,3,Procurement Officer,All,"30400701"
ChutsanaN,Procurement Assistant System,3,Procurement Officer,All,"30400702"
ChutsanaN,Procurement Assistant System,3,Procurement Officer,All,"30400703"
ChutsanaN,Procurement Assistant System,3,Procurement Officer,All,"30400704"
ChutsanaN,Procurement Assistant System,3,Procurement Officer,All,"30500601"
ChutsanaN,Procurement Assistant System,3,Procurement Officer,All,"30500603"
ChutsanaN,Procurement Assistant System,3,Procurement Officer,All,"30600101"
ChutsanaN,Procurement Assistant System,3,Procurement Officer,All,"90900501"
DaocharasB,APP System,5,Asset,all,"1011001"
DaocharasB,APP System,5,Asset,all,"1011005"
DaocharasB,APP System,5,Asset,all,"1014001"
DaocharasB,APP System,5,Asset,all,"1014002"
DaocharasB,APP System,5,Asset,all,"1014003"
DaocharasB,APP System,5,Asset,all,"1014005"
DaocharasB,APP System,5,Asset,all,"1014007"
DaocharasB,APP System,5,Asset,all,"1014008"
DaocharasB,APP System,5,Asset,all,"2021001"
DaocharasB,APP System,5,Asset,all,"2021005"
DaocharasB,APP System,5,Asset,all,"2022001"
DaocharasB,APP System,5,Asset,all,"2022005"
DaocharasB,APP System,5,Asset,all,"2023001"
DaocharasB,APP System,5,Asset,all,"2023005"
DaocharasB,APP System,5,Asset,all,"2025001"
DaocharasB,APP System,5,Asset,all,"2025005"
DaocharasB,APP System,5,Asset,all,"3036001"
DisapongK,APP System,7,Management relate org,specific,"1011001"
DisapongK,APP System,7,Management relate org,specific,"1011005"
DisapongK,APP System,7,Management relate org,specific,"1014001"
DisapongK,APP System,7,Management relate org,specific,"1014005"
DisapongK,APP System,7,Management relate org,specific,"2021001"
DisapongK,APP System,7,Management relate org,specific,"2021005"
DisapongK,APP System,7,Management relate org,specific,"2022001"
DisapongK,APP System,7,Management relate org,specific,"2022005"
DisapongK,APP System,7,Management relate org,specific,"2023001"
DisapongK,APP System,7,Management relate org,specific,"2023005"
DisapongK,APP System,7,Management relate org,specific,"2024001"
DisapongK,APP System,7,Management relate org,specific,"2024005"
DisapongK,APP System,7,Management relate org,specific,"2025001"
DisapongK,APP System,7,Management relate org,specific,"2025005"
DisapongK,Procurement Assistant System,4,Procurement Manager,Specific,"30100101"
DisapongK,Procurement Assistant System,4,Procurement Manager,Specific,"30300301"
DisapongK,Procurement Assistant System,4,Procurement Manager,Specific,"30300509"
DisapongK,Procurement Assistant System,4,Procurement Manager,Specific,"30400509"
DisapongK,Procurement Assistant System,4,Procurement Manager,Specific,"30500601"
DisapongK,Procurement Assistant System,4,Procurement Manager,Specific,"30600101"
GunP,APP System,3,Procurement Officer,specific,"1011001"
GunP,APP System,3,Procurement Officer,specific,"1011003"
GunP,APP System,3,Procurement Officer,specific,"1011005"
GunP,APP System,3,Procurement Officer,specific,"1011011"
GunP,APP System,3,Procurement Officer,specific,"1011012"
GunP,APP System,3,Procurement Officer,specific,"1012002"
GunP,APP System,3,Procurement Officer,specific,"1014001"
GunP,APP System,3,Procurement Officer,specific,"1014002"
GunP,APP System,3,Procurement Officer,specific,"1014003"
GunP,APP System,3,Procurement Officer,specific,"1014005"
GunP,APP System,3,Procurement Officer,specific,"1014008"
GunP,APP System,3,Procurement Officer,specific,"2021001"
GunP,APP System,3,Procurement Officer,specific,"2021005"
GunP,APP System,3,Procurement Officer,specific,"2022001"
GunP,APP System,3,Procurement Officer,specific,"2022005"
GunP,APP System,3,Procurement Officer,specific,"2023001"
GunP,APP System,3,Procurement Officer,specific,"2023005"
GunP,APP System,3,Procurement Officer,specific,"2024001"
GunP,APP System,3,Procurement Officer,specific,"2024005"
GunP,APP System,3,Procurement Officer,specific,"2025001"
GunP,APP System,3,Procurement Officer,specific,"2025005"
GunP,APP System,3,Procurement Officer,specific,"3036001"
GunP,Procurement Assistant System,3,Procurement Officer,All,"11011001"
GunP,Procurement Assistant System,3,Procurement Officer,All,"11011003"
GunP,Procurement Assistant System,3,Procurement Officer,All,"11011005"
GunP,Procurement Assistant System,3,Procurement Officer,All,"11011007"
GunP,Procurement Assistant System,3,Procurement Officer,All,"11012001"
GunP,Procurement Assistant System,3,Procurement Officer,All,"11012002"
GunP,Procurement Assistant System,3,Procurement Officer,All,"11013001"
GunP,Procurement Assistant System,3,Procurement Officer,All,"11013003"
GunP,Procurement Assistant System,3,Procurement Officer,All,"11013005"
GunP,Procurement Assistant System,3,Procurement Officer,All,"11013007"
GunP,Procurement Assistant System,3,Procurement Officer,All,"11014001"
GunP,Procurement Assistant System,3,Procurement Officer,All,"11014005"
GunP,Procurement Assistant System,3,Procurement Officer,All,"21011001"
GunP,Procurement Assistant System,3,Procurement Officer,All,"21011003"
GunP,Procurement Assistant System,3,Procurement Officer,All,"21011005"
GunP,Procurement Assistant System,3,Procurement Officer,All,"21012002"
GunP,Procurement Assistant System,3,Procurement Officer,All,"21012011"
GunP,Procurement Assistant System,3,Procurement Officer,All,"21012012"
GunP,Procurement Assistant System,3,Procurement Officer,All,"21014001"
GunP,Procurement Assistant System,3,Procurement Officer,All,"21014002"
GunP,Procurement Assistant System,3,Procurement Officer,All,"21014003"
GunP,Procurement Assistant System,3,Procurement Officer,All,"21014005"
GunP,Procurement Assistant System,3,Procurement Officer,All,"21014008"
GunP,Procurement Assistant System,3,Procurement Officer,All,"22021001"
GunP,Procurement Assistant System,3,Procurement Officer,All,"22021005"
GunP,Procurement Assistant System,3,Procurement Officer,All,"22022001"
GunP,Procurement Assistant System,3,Procurement Officer,All,"22022005"
GunP,Procurement Assistant System,3,Procurement Officer,All,"22023001"
GunP,Procurement Assistant System,3,Procurement Officer,All,"22023005"
GunP,Procurement Assistant System,3,Procurement Officer,All,"22024001"
GunP,Procurement Assistant System,3,Procurement Officer,All,"22024005"
GunP,Procurement Assistant System,3,Procurement Officer,All,"22025001"
GunP,Procurement Assistant System,3,Procurement Officer,All,"22025005"
GunP,Procurement Assistant System,3,Procurement Officer,All,"30100101"
GunP,Procurement Assistant System,3,Procurement Officer,All,"30100202"
GunP,Procurement Assistant System,3,Procurement Officer,All,"30200202"
GunP,Procurement Assistant System,3,Procurement Officer,All,"30300301"
GunP,Procurement Assistant System,3,Procurement Officer,All,"30300303"
GunP,Procurement Assistant System,3,Procurement Officer,All,"30300304"
GunP,Procurement Assistant System,3,Procurement Officer,All,"30300305"
GunP,Procurement Assistant System,3,Procurement Officer,All,"30300508"
GunP,Procurement Assistant System,3,Procurement Officer,All,"30300509"
GunP,Procurement Assistant System,3,Procurement Officer,All,"30300701"
GunP,Procurement Assistant System,3,Procurement Officer,All,"30400403"
GunP,Procurement Assistant System,3,Procurement Officer,All,"30400406"
GunP,Procurement Assistant System,3,Procurement Officer,All,"30400407"
GunP,Procurement Assistant System,3,Procurement Officer,All,"30400508"
GunP,Procurement Assistant System,3,Procurement Officer,All,"30400509"
GunP,Procurement Assistant System,3,Procurement Officer,All,"30400701"
GunP,Procurement Assistant System,3,Procurement Officer,All,"30400702"
GunP,Procurement Assistant System,3,Procurement Officer,All,"30400703"
GunP,Procurement Assistant System,3,Procurement Officer,All,"30400704"
GunP,Procurement Assistant System,3,Procurement Officer,All,"30500601"
GunP,Procurement Assistant System,3,Procurement Officer,All,"30500603"
GunP,Procurement Assistant System,3,Procurement Officer,All,"30600101"
GunP,Procurement Assistant System,3,Procurement Officer,All,"90900501"
GunP,Reference Price System,2,Role Supply Chain,Admin,"101101"
GunP,Reference Price System,2,Role Supply Chain,Admin,"101103"
HninEiShweSin,APP System,3,Procurement Officer,specific,"1011001"
HninEiShweSin,APP System,3,Procurement Officer,specific,"1011003"
HninEiShweSin,APP System,3,Procurement Officer,specific,"1011005"
HninEiShweSin,APP System,3,Procurement Officer,specific,"1011011"
HninEiShweSin,APP System,3,Procurement Officer,specific,"1011012"
HninEiShweSin,APP System,3,Procurement Officer,specific,"1012002"
HninEiShweSin,APP System,3,Procurement Officer,specific,"1014001"
HninEiShweSin,APP System,3,Procurement Officer,specific,"1014002"
HninEiShweSin,APP System,3,Procurement Officer,specific,"1014003"
HninEiShweSin,APP System,3,Procurement Officer,specific,"1014005"
HninEiShweSin,APP System,3,Procurement Officer,specific,"1014008"
HninEiShweSin,APP System,3,Procurement Officer,specific,"2021001"
HninEiShweSin,APP System,3,Procurement Officer,specific,"2021005"
HninEiShweSin,APP System,3,Procurement Officer,specific,"2022001"
HninEiShweSin,APP System,3,Procurement Officer,specific,"2022005"
HninEiShweSin,APP System,3,Procurement Officer,specific,"2023001"
HninEiShweSin,APP System,3,Procurement Officer,specific,"2023005"
HninEiShweSin,APP System,3,Procurement Officer,specific,"2024001"
HninEiShweSin,APP System,3,Procurement Officer,specific,"2024005"
HninEiShweSin,APP System,3,Procurement Officer,specific,"2025001"
HninEiShweSin,APP System,3,Procurement Officer,specific,"2025005"
HninEiShweSin,APP System,3,Procurement Officer,specific,"3036001"
HninEiShweSin,Procurement Assistant System,3,Procurement Officer,All,"11011001"
HninEiShweSin,Procurement Assistant System,3,Procurement Officer,All,"11011003"
HninEiShweSin,Procurement Assistant System,3,Procurement Officer,All,"11011005"
HninEiShweSin,Procurement Assistant System,3,Procurement Officer,All,"11011007"
HninEiShweSin,Procurement Assistant System,3,Procurement Officer,All,"11012001"
HninEiShweSin,Procurement Assistant System,3,Procurement Officer,All,"11012002"
HninEiShweSin,Procurement Assistant System,3,Procurement Officer,All,"11013001"
HninEiShweSin,Procurement Assistant System,3,Procurement Officer,All,"11013003"
HninEiShweSin,Procurement Assistant System,3,Procurement Officer,All,"11013005"
HninEiShweSin,Procurement Assistant System,3,Procurement Officer,All,"11013007"
HninEiShweSin,Procurement Assistant System,3,Procurement Officer,All,"11014001"
HninEiShweSin,Procurement Assistant System,3,Procurement Officer,All,"11014005"
HninEiShweSin,Procurement Assistant System,3,Procurement Officer,All,"21011001"
HninEiShweSin,Procurement Assistant System,3,Procurement Officer,All,"21011003"
HninEiShweSin,Procurement Assistant System,3,Procurement Officer,All,"21011005"
HninEiShweSin,Procurement Assistant System,3,Procurement Officer,All,"21012002"
HninEiShweSin,Procurement Assistant System,3,Procurement Officer,All,"21012011"
HninEiShweSin,Procurement Assistant System,3,Procurement Officer,All,"21012012"
HninEiShweSin,Procurement Assistant System,3,Procurement Officer,All,"21014001"
HninEiShweSin,Procurement Assistant System,3,Procurement Officer,All,"21014002"
HninEiShweSin,Procurement Assistant System,3,Procurement Officer,All,"21014003"
HninEiShweSin,Procurement Assistant System,3,Procurement Officer,All,"21014005"
HninEiShweSin,Procurement Assistant System,3,Procurement Officer,All,"21014008"
HninEiShweSin,Procurement Assistant System,3,Procurement Officer,All,"22021001"
HninEiShweSin,Procurement Assistant System,3,Procurement Officer,All,"22021005"
HninEiShweSin,Procurement Assistant System,3,Procurement Officer,All,"22022001"
HninEiShweSin,Procurement Assistant System,3,Procurement Officer,All,"22022005"
HninEiShweSin,Procurement Assistant System,3,Procurement Officer,All,"22023001"
HninEiShweSin,Procurement Assistant System,3,Procurement Officer,All,"22023005"
HninEiShweSin,Procurement Assistant System,3,Procurement Officer,All,"22024001"
HninEiShweSin,Procurement Assistant System,3,Procurement Officer,All,"22024005"
HninEiShweSin,Procurement Assistant System,3,Procurement Officer,All,"22025001"
HninEiShweSin,Procurement Assistant System,3,Procurement Officer,All,"22025005"
HninEiShweSin,Procurement Assistant System,3,Procurement Officer,All,"30100101"
HninEiShweSin,Procurement Assistant System,3,Procurement Officer,All,"30100202"
HninEiShweSin,Procurement Assistant System,3,Procurement Officer,All,"30200202"
HninEiShweSin,Procurement Assistant System,3,Procurement Officer,All,"30300301"
HninEiShweSin,Procurement Assistant System,3,Procurement Officer,All,"30300303"
HninEiShweSin,Procurement Assistant System,3,Procurement Officer,All,"30300304"
HninEiShweSin,Procurement Assistant System,3,Procurement Officer,All,"30300305"
HninEiShweSin,Procurement Assistant System,3,Procurement Officer,All,"30300508"
HninEiShweSin,Procurement Assistant System,3,Procurement Officer,All,"30300509"
HninEiShweSin,Procurement Assistant System,3,Procurement Officer,All,"30300701"
HninEiShweSin,Procurement Assistant System,3,Procurement Officer,All,"30400403"
HninEiShweSin,Procurement Assistant System,3,Procurement Officer,All,"30400406"
HninEiShweSin,Procurement Assistant System,3,Procurement Officer,All,"30400407"
HninEiShweSin,Procurement Assistant System,3,Procurement Officer,All,"30400508"
HninEiShweSin,Procurement Assistant System,3,Procurement Officer,All,"30400509"
HninEiShweSin,Procurement Assistant System,3,Procurement Officer,All,"30400701"
HninEiShweSin,Procurement Assistant System,3,Procurement Officer,All,"30400702"
HninEiShweSin,Procurement Assistant System,3,Procurement Officer,All,"30400703"
HninEiShweSin,Procurement Assistant System,3,Procurement Officer,All,"30400704"
HninEiShweSin,Procurement Assistant System,3,Procurement Officer,All,"30500601"
HninEiShweSin,Procurement Assistant System,3,Procurement Officer,All,"30500603"
HninEiShweSin,Procurement Assistant System,3,Procurement Officer,All,"30600101"
HninEiShweSin,Procurement Assistant System,3,Procurement Officer,All,"90900501"
inthira,APP System,3,Procurement Officer,specific,"1011001"
inthira,APP System,3,Procurement Officer,specific,"1011003"
inthira,APP System,3,Procurement Officer,specific,"1011005"
inthira,APP System,3,Procurement Officer,specific,"1011011"
inthira,APP System,3,Procurement Officer,specific,"1011012"
inthira,APP System,3,Procurement Officer,specific,"1012002"
inthira,APP System,3,Procurement Officer,specific,"1014001"
inthira,APP System,3,Procurement Officer,specific,"1014002"
inthira,APP System,3,Procurement Officer,specific,"1014003"
inthira,APP System,3,Procurement Officer,specific,"1014005"
inthira,APP System,3,Procurement Officer,specific,"1014008"
inthira,APP System,3,Procurement Officer,specific,"2021001"
inthira,APP System,3,Procurement Officer,specific,"2021005"
inthira,APP System,3,Procurement Officer,specific,"2022001"
inthira,APP System,3,Procurement Officer,specific,"2022005"
inthira,APP System,3,Procurement Officer,specific,"2023001"
inthira,APP System,3,Procurement Officer,specific,"2023005"
inthira,APP System,3,Procurement Officer,specific,"2024001"
inthira,APP System,3,Procurement Officer,specific,"2024005"
inthira,APP System,3,Procurement Officer,specific,"2025001"
inthira,APP System,3,Procurement Officer,specific,"2025005"
inthira,APP System,3,Procurement Officer,specific,"3036001"
inthira,Procurement Assistant System,3,Procurement Officer,All,"11011001"
inthira,Procurement Assistant System,3,Procurement Officer,All,"11011003"
inthira,Procurement Assistant System,3,Procurement Officer,All,"11011005"
inthira,Procurement Assistant System,3,Procurement Officer,All,"11011007"
inthira,Procurement Assistant System,3,Procurement Officer,All,"11012001"
inthira,Procurement Assistant System,3,Procurement Officer,All,"11012002"
inthira,Procurement Assistant System,3,Procurement Officer,All,"11013001"
inthira,Procurement Assistant System,3,Procurement Officer,All,"11013003"
inthira,Procurement Assistant System,3,Procurement Officer,All,"11013005"
inthira,Procurement Assistant System,3,Procurement Officer,All,"11013007"
inthira,Procurement Assistant System,3,Procurement Officer,All,"11014001"
inthira,Procurement Assistant System,3,Procurement Officer,All,"11014005"
inthira,Procurement Assistant System,3,Procurement Officer,All,"21011001"
inthira,Procurement Assistant System,3,Procurement Officer,All,"21011003"
inthira,Procurement Assistant System,3,Procurement Officer,All,"21011005"
inthira,Procurement Assistant System,3,Procurement Officer,All,"21012002"
inthira,Procurement Assistant System,3,Procurement Officer,All,"21012011"
inthira,Procurement Assistant System,3,Procurement Officer,All,"21012012"
inthira,Procurement Assistant System,3,Procurement Officer,All,"21014001"
inthira,Procurement Assistant System,3,Procurement Officer,All,"21014002"
inthira,Procurement Assistant System,3,Procurement Officer,All,"21014003"
inthira,Procurement Assistant System,3,Procurement Officer,All,"21014005"
inthira,Procurement Assistant System,3,Procurement Officer,All,"21014008"
inthira,Procurement Assistant System,3,Procurement Officer,All,"22021001"
inthira,Procurement Assistant System,3,Procurement Officer,All,"22021005"
inthira,Procurement Assistant System,3,Procurement Officer,All,"22022001"
inthira,Procurement Assistant System,3,Procurement Officer,All,"22022005"
inthira,Procurement Assistant System,3,Procurement Officer,All,"22023001"
inthira,Procurement Assistant System,3,Procurement Officer,All,"22023005"
inthira,Procurement Assistant System,3,Procurement Officer,All,"22024001"
inthira,Procurement Assistant System,3,Procurement Officer,All,"22024005"
inthira,Procurement Assistant System,3,Procurement Officer,All,"22025001"
inthira,Procurement Assistant System,3,Procurement Officer,All,"22025005"
inthira,Procurement Assistant System,3,Procurement Officer,All,"30100101"
inthira,Procurement Assistant System,3,Procurement Officer,All,"30100202"
inthira,Procurement Assistant System,3,Procurement Officer,All,"30200202"
inthira,Procurement Assistant System,3,Procurement Officer,All,"30300301"
inthira,Procurement Assistant System,3,Procurement Officer,All,"30300303"
inthira,Procurement Assistant System,3,Procurement Officer,All,"30300304"
inthira,Procurement Assistant System,3,Procurement Officer,All,"30300305"
inthira,Procurement Assistant System,3,Procurement Officer,All,"30300508"
inthira,Procurement Assistant System,3,Procurement Officer,All,"30300509"
inthira,Procurement Assistant System,3,Procurement Officer,All,"30300701"
inthira,Procurement Assistant System,3,Procurement Officer,All,"30400403"
inthira,Procurement Assistant System,3,Procurement Officer,All,"30400406"
inthira,Procurement Assistant System,3,Procurement Officer,All,"30400407"
inthira,Procurement Assistant System,3,Procurement Officer,All,"30400508"
inthira,Procurement Assistant System,3,Procurement Officer,All,"30400509"
inthira,Procurement Assistant System,3,Procurement Officer,All,"30400701"
inthira,Procurement Assistant System,3,Procurement Officer,All,"30400702"
inthira,Procurement Assistant System,3,Procurement Officer,All,"30400703"
inthira,Procurement Assistant System,3,Procurement Officer,All,"30400704"
inthira,Procurement Assistant System,3,Procurement Officer,All,"30500601"
inthira,Procurement Assistant System,3,Procurement Officer,All,"30500603"
inthira,Procurement Assistant System,3,Procurement Officer,All,"30600101"
inthira,Procurement Assistant System,3,Procurement Officer,All,"90900501"
INTHIRA,Reference Price System,2,Role Supply Chain,Admin,"101101"
INTHIRA,Reference Price System,2,Role Supply Chain,Admin,"101103"
JaruwanN,APP System,3,Procurement Officer,specific,"1011001"
JaruwanN,APP System,3,Procurement Officer,specific,"1011003"
JaruwanN,APP System,3,Procurement Officer,specific,"1011005"
JaruwanN,APP System,3,Procurement Officer,specific,"1011011"
JaruwanN,APP System,3,Procurement Officer,specific,"1011012"
JaruwanN,APP System,3,Procurement Officer,specific,"1012002"
JaruwanN,APP System,3,Procurement Officer,specific,"1014001"
JaruwanN,APP System,3,Procurement Officer,specific,"1014002"
JaruwanN,APP System,3,Procurement Officer,specific,"1014003"
JaruwanN,APP System,3,Procurement Officer,specific,"1014005"
JaruwanN,APP System,3,Procurement Officer,specific,"1014008"
JaruwanN,APP System,3,Procurement Officer,specific,"2021001"
JaruwanN,APP System,3,Procurement Officer,specific,"2021005"
JaruwanN,APP System,3,Procurement Officer,specific,"2022001"
JaruwanN,APP System,3,Procurement Officer,specific,"2022005"
JaruwanN,APP System,3,Procurement Officer,specific,"2023001"
JaruwanN,APP System,3,Procurement Officer,specific,"2023005"
JaruwanN,APP System,3,Procurement Officer,specific,"2024001"
JaruwanN,APP System,3,Procurement Officer,specific,"2024005"
JaruwanN,APP System,3,Procurement Officer,specific,"2025001"
JaruwanN,APP System,3,Procurement Officer,specific,"2025005"
JaruwanN,APP System,3,Procurement Officer,specific,"3036001"
JaruwanN,Procurement Assistant System,3,Procurement Officer,All,"11011001"
JaruwanN,Procurement Assistant System,3,Procurement Officer,All,"11011003"
JaruwanN,Procurement Assistant System,3,Procurement Officer,All,"11011005"
JaruwanN,Procurement Assistant System,3,Procurement Officer,All,"11011007"
JaruwanN,Procurement Assistant System,3,Procurement Officer,All,"11012001"
JaruwanN,Procurement Assistant System,3,Procurement Officer,All,"11012002"
JaruwanN,Procurement Assistant System,3,Procurement Officer,All,"11013001"
JaruwanN,Procurement Assistant System,3,Procurement Officer,All,"11013003"
JaruwanN,Procurement Assistant System,3,Procurement Officer,All,"11013005"
JaruwanN,Procurement Assistant System,3,Procurement Officer,All,"11013007"
JaruwanN,Procurement Assistant System,3,Procurement Officer,All,"11014001"
JaruwanN,Procurement Assistant System,3,Procurement Officer,All,"11014005"
JaruwanN,Procurement Assistant System,3,Procurement Officer,All,"21011001"
JaruwanN,Procurement Assistant System,3,Procurement Officer,All,"21011003"
JaruwanN,Procurement Assistant System,3,Procurement Officer,All,"21011005"
JaruwanN,Procurement Assistant System,3,Procurement Officer,All,"21012002"
JaruwanN,Procurement Assistant System,3,Procurement Officer,All,"21012011"
JaruwanN,Procurement Assistant System,3,Procurement Officer,All,"21012012"
JaruwanN,Procurement Assistant System,3,Procurement Officer,All,"21014001"
JaruwanN,Procurement Assistant System,3,Procurement Officer,All,"21014002"
JaruwanN,Procurement Assistant System,3,Procurement Officer,All,"21014003"
JaruwanN,Procurement Assistant System,3,Procurement Officer,All,"21014005"
JaruwanN,Procurement Assistant System,3,Procurement Officer,All,"21014008"
JaruwanN,Procurement Assistant System,3,Procurement Officer,All,"22021001"
JaruwanN,Procurement Assistant System,3,Procurement Officer,All,"22021005"
JaruwanN,Procurement Assistant System,3,Procurement Officer,All,"22022001"
JaruwanN,Procurement Assistant System,3,Procurement Officer,All,"22022005"
JaruwanN,Procurement Assistant System,3,Procurement Officer,All,"22023001"
JaruwanN,Procurement Assistant System,3,Procurement Officer,All,"22023005"
JaruwanN,Procurement Assistant System,3,Procurement Officer,All,"22024001"
JaruwanN,Procurement Assistant System,3,Procurement Officer,All,"22024005"
JaruwanN,Procurement Assistant System,3,Procurement Officer,All,"22025001"
JaruwanN,Procurement Assistant System,3,Procurement Officer,All,"22025005"
JaruwanN,Procurement Assistant System,3,Procurement Officer,All,"30100101"
JaruwanN,Procurement Assistant System,3,Procurement Officer,All,"30100202"
JaruwanN,Procurement Assistant System,3,Procurement Officer,All,"30200202"
JaruwanN,Procurement Assistant System,3,Procurement Officer,All,"30300301"
JaruwanN,Procurement Assistant System,3,Procurement Officer,All,"30300303"
JaruwanN,Procurement Assistant System,3,Procurement Officer,All,"30300304"
JaruwanN,Procurement Assistant System,3,Procurement Officer,All,"30300305"
JaruwanN,Procurement Assistant System,3,Procurement Officer,All,"30300508"
JaruwanN,Procurement Assistant System,3,Procurement Officer,All,"30300509"
JaruwanN,Procurement Assistant System,3,Procurement Officer,All,"30300701"
JaruwanN,Procurement Assistant System,3,Procurement Officer,All,"30400403"
JaruwanN,Procurement Assistant System,3,Procurement Officer,All,"30400406"
JaruwanN,Procurement Assistant System,3,Procurement Officer,All,"30400407"
JaruwanN,Procurement Assistant System,3,Procurement Officer,All,"30400508"
JaruwanN,Procurement Assistant System,3,Procurement Officer,All,"30400509"
JaruwanN,Procurement Assistant System,3,Procurement Officer,All,"30400701"
JaruwanN,Procurement Assistant System,3,Procurement Officer,All,"30400702"
JaruwanN,Procurement Assistant System,3,Procurement Officer,All,"30400703"
JaruwanN,Procurement Assistant System,3,Procurement Officer,All,"30400704"
JaruwanN,Procurement Assistant System,3,Procurement Officer,All,"30500601"
JaruwanN,Procurement Assistant System,3,Procurement Officer,All,"30500603"
JaruwanN,Procurement Assistant System,3,Procurement Officer,All,"30600101"
JaruwanN,Procurement Assistant System,3,Procurement Officer,All,"90900501"
JatupornT,APP System,3,Procurement Officer,specific,"1011001"
JatupornT,APP System,3,Procurement Officer,specific,"1011003"
JatupornT,APP System,3,Procurement Officer,specific,"1011005"
JatupornT,APP System,3,Procurement Officer,specific,"1011011"
JatupornT,APP System,3,Procurement Officer,specific,"1011012"
JatupornT,APP System,3,Procurement Officer,specific,"1012002"
JatupornT,APP System,3,Procurement Officer,specific,"1014001"
JatupornT,APP System,3,Procurement Officer,specific,"1014002"
JatupornT,APP System,3,Procurement Officer,specific,"1014003"
JatupornT,APP System,3,Procurement Officer,specific,"1014005"
JatupornT,APP System,3,Procurement Officer,specific,"1014008"
JatupornT,APP System,3,Procurement Officer,specific,"2021001"
JatupornT,APP System,3,Procurement Officer,specific,"2021005"
JatupornT,APP System,3,Procurement Officer,specific,"2022001"
JatupornT,APP System,3,Procurement Officer,specific,"2022005"
JatupornT,APP System,3,Procurement Officer,specific,"2023001"
JatupornT,APP System,3,Procurement Officer,specific,"2023005"
JatupornT,APP System,3,Procurement Officer,specific,"2024001"
JatupornT,APP System,3,Procurement Officer,specific,"2024005"
JatupornT,APP System,3,Procurement Officer,specific,"2025001"
JatupornT,APP System,3,Procurement Officer,specific,"2025005"
JatupornT,APP System,3,Procurement Officer,specific,"3036001"
JatupornT,Procurement Assistant System,3,Procurement Officer,All,"11011001"
JatupornT,Procurement Assistant System,3,Procurement Officer,All,"11011003"
JatupornT,Procurement Assistant System,3,Procurement Officer,All,"11011005"
JatupornT,Procurement Assistant System,3,Procurement Officer,All,"11011007"
JatupornT,Procurement Assistant System,3,Procurement Officer,All,"11012001"
JatupornT,Procurement Assistant System,3,Procurement Officer,All,"11012002"
JatupornT,Procurement Assistant System,3,Procurement Officer,All,"11013001"
JatupornT,Procurement Assistant System,3,Procurement Officer,All,"11013003"
JatupornT,Procurement Assistant System,3,Procurement Officer,All,"11013005"
JatupornT,Procurement Assistant System,3,Procurement Officer,All,"11013007"
JatupornT,Procurement Assistant System,3,Procurement Officer,All,"11014001"
JatupornT,Procurement Assistant System,3,Procurement Officer,All,"11014005"
JatupornT,Procurement Assistant System,3,Procurement Officer,All,"21011001"
JatupornT,Procurement Assistant System,3,Procurement Officer,All,"21011003"
JatupornT,Procurement Assistant System,3,Procurement Officer,All,"21011005"
JatupornT,Procurement Assistant System,3,Procurement Officer,All,"21012002"
JatupornT,Procurement Assistant System,3,Procurement Officer,All,"21012011"
JatupornT,Procurement Assistant System,3,Procurement Officer,All,"21012012"
JatupornT,Procurement Assistant System,3,Procurement Officer,All,"21014001"
JatupornT,Procurement Assistant System,3,Procurement Officer,All,"21014002"
JatupornT,Procurement Assistant System,3,Procurement Officer,All,"21014003"
JatupornT,Procurement Assistant System,3,Procurement Officer,All,"21014005"
JatupornT,Procurement Assistant System,3,Procurement Officer,All,"21014008"
JatupornT,Procurement Assistant System,3,Procurement Officer,All,"22021001"
JatupornT,Procurement Assistant System,3,Procurement Officer,All,"22021005"
JatupornT,Procurement Assistant System,3,Procurement Officer,All,"22022001"
JatupornT,Procurement Assistant System,3,Procurement Officer,All,"22022005"
JatupornT,Procurement Assistant System,3,Procurement Officer,All,"22023001"
JatupornT,Procurement Assistant System,3,Procurement Officer,All,"22023005"
JatupornT,Procurement Assistant System,3,Procurement Officer,All,"22024001"
JatupornT,Procurement Assistant System,3,Procurement Officer,All,"22024005"
JatupornT,Procurement Assistant System,3,Procurement Officer,All,"22025001"
JatupornT,Procurement Assistant System,3,Procurement Officer,All,"22025005"
JatupornT,Procurement Assistant System,3,Procurement Officer,All,"30100101"
JatupornT,Procurement Assistant System,3,Procurement Officer,All,"30100202"
JatupornT,Procurement Assistant System,3,Procurement Officer,All,"30200202"
JatupornT,Procurement Assistant System,3,Procurement Officer,All,"30300301"
JatupornT,Procurement Assistant System,3,Procurement Officer,All,"30300303"
JatupornT,Procurement Assistant System,3,Procurement Officer,All,"30300304"
JatupornT,Procurement Assistant System,3,Procurement Officer,All,"30300305"
JatupornT,Procurement Assistant System,3,Procurement Officer,All,"30300508"
JatupornT,Procurement Assistant System,3,Procurement Officer,All,"30300509"
JatupornT,Procurement Assistant System,3,Procurement Officer,All,"30300701"
JatupornT,Procurement Assistant System,3,Procurement Officer,All,"30400403"
JatupornT,Procurement Assistant System,3,Procurement Officer,All,"30400406"
JatupornT,Procurement Assistant System,3,Procurement Officer,All,"30400407"
JatupornT,Procurement Assistant System,3,Procurement Officer,All,"30400508"
JatupornT,Procurement Assistant System,3,Procurement Officer,All,"30400509"
JatupornT,Procurement Assistant System,3,Procurement Officer,All,"30400701"
JatupornT,Procurement Assistant System,3,Procurement Officer,All,"30400702"
JatupornT,Procurement Assistant System,3,Procurement Officer,All,"30400703"
JatupornT,Procurement Assistant System,3,Procurement Officer,All,"30400704"
JatupornT,Procurement Assistant System,3,Procurement Officer,All,"30500601"
JatupornT,Procurement Assistant System,3,Procurement Officer,All,"30500603"
JatupornT,Procurement Assistant System,3,Procurement Officer,All,"30600101"
JatupornT,Procurement Assistant System,3,Procurement Officer,All,"90900501"
JensonT,APP System,3,Procurement Officer,specific,"1011001"
JensonT,APP System,3,Procurement Officer,specific,"1011003"
JensonT,APP System,3,Procurement Officer,specific,"1011005"
JensonT,APP System,3,Procurement Officer,specific,"1011011"
JensonT,APP System,3,Procurement Officer,specific,"1011012"
JensonT,APP System,3,Procurement Officer,specific,"1012002"
JensonT,APP System,3,Procurement Officer,specific,"1014001"
JensonT,APP System,3,Procurement Officer,specific,"1014002"
JensonT,APP System,3,Procurement Officer,specific,"1014003"
JensonT,APP System,3,Procurement Officer,specific,"1014005"
JensonT,APP System,3,Procurement Officer,specific,"1014008"
JensonT,APP System,3,Procurement Officer,specific,"2021001"
JensonT,APP System,3,Procurement Officer,specific,"2021005"
JensonT,APP System,3,Procurement Officer,specific,"2022001"
JensonT,APP System,3,Procurement Officer,specific,"2022005"
JensonT,APP System,3,Procurement Officer,specific,"2023001"
JensonT,APP System,3,Procurement Officer,specific,"2023005"
JensonT,APP System,3,Procurement Officer,specific,"2024001"
JensonT,APP System,3,Procurement Officer,specific,"2024005"
JensonT,APP System,3,Procurement Officer,specific,"2025001"
JensonT,APP System,3,Procurement Officer,specific,"2025005"
JensonT,APP System,3,Procurement Officer,specific,"3036001"
JensonT,Procurement Assistant System,3,Procurement Officer,All,"11011001"
JensonT,Procurement Assistant System,3,Procurement Officer,All,"11011003"
JensonT,Procurement Assistant System,3,Procurement Officer,All,"11011005"
JensonT,Procurement Assistant System,3,Procurement Officer,All,"11011007"
JensonT,Procurement Assistant System,3,Procurement Officer,All,"11012001"
JensonT,Procurement Assistant System,3,Procurement Officer,All,"11012002"
JensonT,Procurement Assistant System,3,Procurement Officer,All,"11013001"
JensonT,Procurement Assistant System,3,Procurement Officer,All,"11013003"
JensonT,Procurement Assistant System,3,Procurement Officer,All,"11013005"
JensonT,Procurement Assistant System,3,Procurement Officer,All,"11013007"
JensonT,Procurement Assistant System,3,Procurement Officer,All,"11014001"
JensonT,Procurement Assistant System,3,Procurement Officer,All,"11014005"
JensonT,Procurement Assistant System,3,Procurement Officer,All,"21011001"
JensonT,Procurement Assistant System,3,Procurement Officer,All,"21011003"
JensonT,Procurement Assistant System,3,Procurement Officer,All,"21011005"
JensonT,Procurement Assistant System,3,Procurement Officer,All,"21012002"
JensonT,Procurement Assistant System,3,Procurement Officer,All,"21012011"
JensonT,Procurement Assistant System,3,Procurement Officer,All,"21012012"
JensonT,Procurement Assistant System,3,Procurement Officer,All,"21014001"
JensonT,Procurement Assistant System,3,Procurement Officer,All,"21014002"
JensonT,Procurement Assistant System,3,Procurement Officer,All,"21014003"
JensonT,Procurement Assistant System,3,Procurement Officer,All,"21014005"
JensonT,Procurement Assistant System,3,Procurement Officer,All,"21014008"
JensonT,Procurement Assistant System,3,Procurement Officer,All,"22021001"
JensonT,Procurement Assistant System,3,Procurement Officer,All,"22021005"
JensonT,Procurement Assistant System,3,Procurement Officer,All,"22022001"
JensonT,Procurement Assistant System,3,Procurement Officer,All,"22022005"
JensonT,Procurement Assistant System,3,Procurement Officer,All,"22023001"
JensonT,Procurement Assistant System,3,Procurement Officer,All,"22023005"
JensonT,Procurement Assistant System,3,Procurement Officer,All,"22024001"
JensonT,Procurement Assistant System,3,Procurement Officer,All,"22024005"
JensonT,Procurement Assistant System,3,Procurement Officer,All,"22025001"
JensonT,Procurement Assistant System,3,Procurement Officer,All,"22025005"
JensonT,Procurement Assistant System,3,Procurement Officer,All,"30100101"
JensonT,Procurement Assistant System,3,Procurement Officer,All,"30100202"
JensonT,Procurement Assistant System,3,Procurement Officer,All,"30200202"
JensonT,Procurement Assistant System,3,Procurement Officer,All,"30300301"
JensonT,Procurement Assistant System,3,Procurement Officer,All,"30300303"
JensonT,Procurement Assistant System,3,Procurement Officer,All,"30300304"
JensonT,Procurement Assistant System,3,Procurement Officer,All,"30300305"
JensonT,Procurement Assistant System,3,Procurement Officer,All,"30300508"
JensonT,Procurement Assistant System,3,Procurement Officer,All,"30300509"
JensonT,Procurement Assistant System,3,Procurement Officer,All,"30300701"
JensonT,Procurement Assistant System,3,Procurement Officer,All,"30400403"
JensonT,Procurement Assistant System,3,Procurement Officer,All,"30400406"
JensonT,Procurement Assistant System,3,Procurement Officer,All,"30400407"
JensonT,Procurement Assistant System,3,Procurement Officer,All,"30400508"
JensonT,Procurement Assistant System,3,Procurement Officer,All,"30400509"
JensonT,Procurement Assistant System,3,Procurement Officer,All,"30400701"
JensonT,Procurement Assistant System,3,Procurement Officer,All,"30400702"
JensonT,Procurement Assistant System,3,Procurement Officer,All,"30400703"
JensonT,Procurement Assistant System,3,Procurement Officer,All,"30400704"
JensonT,Procurement Assistant System,3,Procurement Officer,All,"30500601"
JensonT,Procurement Assistant System,3,Procurement Officer,All,"30500603"
JensonT,Procurement Assistant System,3,Procurement Officer,All,"30600101"
JensonT,Procurement Assistant System,3,Procurement Officer,All,"90900501"
JirapaS,Procurement Assistant System,2,Procurement Admin,All,"11011001"
JirapaS,Procurement Assistant System,2,Procurement Admin,All,"11011003"
JirapaS,Procurement Assistant System,2,Procurement Admin,All,"11011005"
JirapaS,Procurement Assistant System,2,Procurement Admin,All,"11011006"
JirapaS,Procurement Assistant System,2,Procurement Admin,All,"11011007"
JirapaS,Procurement Assistant System,2,Procurement Admin,All,"11012001"
JirapaS,Procurement Assistant System,2,Procurement Admin,All,"11012002"
JirapaS,Procurement Assistant System,2,Procurement Admin,All,"11013001"
JirapaS,Procurement Assistant System,2,Procurement Admin,All,"11013003"
JirapaS,Procurement Assistant System,2,Procurement Admin,All,"11013005"
JirapaS,Procurement Assistant System,2,Procurement Admin,All,"11013006"
JirapaS,Procurement Assistant System,2,Procurement Admin,All,"11013007"
JirapaS,Procurement Assistant System,2,Procurement Admin,All,"11014001"
JirapaS,Procurement Assistant System,2,Procurement Admin,All,"11014005"
JirapaS,Procurement Assistant System,2,Procurement Admin,All,"12021001"
JirapaS,Procurement Assistant System,2,Procurement Admin,All,"12021003"
JirapaS,Procurement Assistant System,2,Procurement Admin,All,"12022001"
JirapaS,Procurement Assistant System,2,Procurement Admin,All,"12022002"
JirapaS,Procurement Assistant System,2,Procurement Admin,All,"12022003"
JirapaS,Procurement Assistant System,2,Procurement Admin,All,"12023001"
JirapaS,Procurement Assistant System,2,Procurement Admin,All,"12023002"
JirapaS,Procurement Assistant System,2,Procurement Admin,All,"12023003"
JirapaS,Procurement Assistant System,2,Procurement Admin,All,"12023004"
JirapaS,Procurement Assistant System,2,Procurement Admin,All,"12024001"
JirapaS,Procurement Assistant System,2,Procurement Admin,All,"12024002"
JirapaS,Procurement Assistant System,2,Procurement Admin,All,"12024003"
JirapaS,Procurement Assistant System,2,Procurement Admin,All,"12024004"
JirapaS,Procurement Assistant System,2,Procurement Admin,All,"12025001"
JirapaS,Procurement Assistant System,2,Procurement Admin,All,"12025002"
JirapaS,Procurement Assistant System,2,Procurement Admin,All,"12025003"
JirapaS,Procurement Assistant System,2,Procurement Admin,All,"12025004"
JirapaS,Procurement Assistant System,2,Procurement Admin,All,"15051001"
JirapaS,Procurement Assistant System,2,Procurement Admin,All,"15051003"
JirapaS,Procurement Assistant System,2,Procurement Admin,All,"21011001"
JirapaS,Procurement Assistant System,2,Procurement Admin,All,"21011003"
JirapaS,Procurement Assistant System,2,Procurement Admin,All,"21011005"
JirapaS,Procurement Assistant System,2,Procurement Admin,All,"21012002"
JirapaS,Procurement Assistant System,2,Procurement Admin,All,"21012006"
JirapaS,Procurement Assistant System,2,Procurement Admin,All,"21012008"
JirapaS,Procurement Assistant System,2,Procurement Admin,All,"21012011"
JirapaS,Procurement Assistant System,2,Procurement Admin,All,"21012012"
JirapaS,Procurement Assistant System,2,Procurement Admin,All,"21012013"
JirapaS,Procurement Assistant System,2,Procurement Admin,All,"21013010"
JirapaS,Procurement Assistant System,2,Procurement Admin,All,"21014001"
JirapaS,Procurement Assistant System,2,Procurement Admin,All,"21014002"
JirapaS,Procurement Assistant System,2,Procurement Admin,All,"21014003"
JirapaS,Procurement Assistant System,2,Procurement Admin,All,"21014005"
JirapaS,Procurement Assistant System,2,Procurement Admin,All,"21014007"
JirapaS,Procurement Assistant System,2,Procurement Admin,All,"21014008"
JirapaS,Procurement Assistant System,2,Procurement Admin,All,"22021001"
JirapaS,Procurement Assistant System,2,Procurement Admin,All,"22021005"
JirapaS,Procurement Assistant System,2,Procurement Admin,All,"22021009"
JirapaS,Procurement Assistant System,2,Procurement Admin,All,"22022001"
JirapaS,Procurement Assistant System,2,Procurement Admin,All,"22022005"
JirapaS,Procurement Assistant System,2,Procurement Admin,All,"22022009"
JirapaS,Procurement Assistant System,2,Procurement Admin,All,"22023001"
JirapaS,Procurement Assistant System,2,Procurement Admin,All,"22023005"
JirapaS,Procurement Assistant System,2,Procurement Admin,All,"22024001"
JirapaS,Procurement Assistant System,2,Procurement Admin,All,"22024005"
JirapaS,Procurement Assistant System,2,Procurement Admin,All,"22025001"
JirapaS,Procurement Assistant System,2,Procurement Admin,All,"22025005"
JirapaS,Procurement Assistant System,2,Procurement Admin,All,"23031001"
JirapaS,Procurement Assistant System,2,Procurement Admin,All,"23031003"
JirapaS,Procurement Assistant System,2,Procurement Admin,All,"23032001"
JirapaS,Procurement Assistant System,2,Procurement Admin,All,"23032002"
JirapaS,Procurement Assistant System,2,Procurement Admin,All,"23032003"
JirapaS,Procurement Assistant System,2,Procurement Admin,All,"23033001"
JirapaS,Procurement Assistant System,2,Procurement Admin,All,"23033003"
JirapaS,Procurement Assistant System,2,Procurement Admin,All,"23034001"
JirapaS,Procurement Assistant System,2,Procurement Admin,All,"23034002"
JirapaS,Procurement Assistant System,2,Procurement Admin,All,"23034003"
JirapaS,Procurement Assistant System,2,Procurement Admin,All,"23034004"
JirapaS,Procurement Assistant System,2,Procurement Admin,All,"23035001"
JirapaS,Procurement Assistant System,2,Procurement Admin,All,"23035003"
JirapaS,Procurement Assistant System,2,Procurement Admin,All,"23038001"
JirapaS,Procurement Assistant System,2,Procurement Admin,All,"23038002"
JirapaS,Procurement Assistant System,2,Procurement Admin,All,"23038003"
JirapaS,Procurement Assistant System,2,Procurement Admin,All,"23039001"
JirapaS,Procurement Assistant System,2,Procurement Admin,All,"23039003"
JirapaS,Procurement Assistant System,2,Procurement Admin,All,"26061001"
JirapaS,Procurement Assistant System,2,Procurement Admin,All,"26061002"
JirapaS,Procurement Assistant System,2,Procurement Admin,All,"26061003"
JirapaS,Procurement Assistant System,2,Procurement Admin,All,"30100101"
JirapaS,Procurement Assistant System,2,Procurement Admin,All,"30100202"
JirapaS,Procurement Assistant System,2,Procurement Admin,All,"30200202"
JirapaS,Procurement Assistant System,2,Procurement Admin,All,"30300301"
JirapaS,Procurement Assistant System,2,Procurement Admin,All,"30300303"
JirapaS,Procurement Assistant System,2,Procurement Admin,All,"30300304"
JirapaS,Procurement Assistant System,2,Procurement Admin,All,"30300305"
JirapaS,Procurement Assistant System,2,Procurement Admin,All,"30300508"
JirapaS,Procurement Assistant System,2,Procurement Admin,All,"30300509"
JirapaS,Procurement Assistant System,2,Procurement Admin,All,"30300701"
JirapaS,Procurement Assistant System,2,Procurement Admin,All,"30400403"
JirapaS,Procurement Assistant System,2,Procurement Admin,All,"30400406"
JirapaS,Procurement Assistant System,2,Procurement Admin,All,"30400407"
JirapaS,Procurement Assistant System,2,Procurement Admin,All,"30400508"
JirapaS,Procurement Assistant System,2,Procurement Admin,All,"30400509"
JirapaS,Procurement Assistant System,2,Procurement Admin,All,"30400701"
JirapaS,Procurement Assistant System,2,Procurement Admin,All,"30400702"
JirapaS,Procurement Assistant System,2,Procurement Admin,All,"30400703"
JirapaS,Procurement Assistant System,2,Procurement Admin,All,"30400704"
JirapaS,Procurement Assistant System,2,Procurement Admin,All,"30500601"
JirapaS,Procurement Assistant System,2,Procurement Admin,All,"30500603"
JirapaS,Procurement Assistant System,2,Procurement Admin,All,"30600101"
JirapaS,Procurement Assistant System,2,Procurement Admin,All,"90100101"
JirapaS,Procurement Assistant System,2,Procurement Admin,All,"90100202"
JirapaS,Procurement Assistant System,2,Procurement Admin,All,"90200202"
JirapaS,Procurement Assistant System,2,Procurement Admin,All,"90300301"
JirapaS,Procurement Assistant System,2,Procurement Admin,All,"90300303"
JirapaS,Procurement Assistant System,2,Procurement Admin,All,"90300304"
JirapaS,Procurement Assistant System,2,Procurement Admin,All,"90400403"
JirapaS,Procurement Assistant System,2,Procurement Admin,All,"90500101"
JirapaS,Procurement Assistant System,2,Procurement Admin,All,"90500201"
JirapaS,Procurement Assistant System,2,Procurement Admin,All,"90600202"
JirapaS,Procurement Assistant System,2,Procurement Admin,All,"90700301"
JirapaS,Procurement Assistant System,2,Procurement Admin,All,"90700303"
JirapaS,Procurement Assistant System,2,Procurement Admin,All,"90700304"
JirapaS,Procurement Assistant System,2,Procurement Admin,All,"90800403"
JirapaS,Procurement Assistant System,2,Procurement Admin,All,"90900501"
JirapaS,Procurement Assistant System,2,Procurement Admin,All,"90900502"
JirapaS,Procurement Assistant System,2,Procurement Admin,All,"90900503"
JirapaS,Procurement Assistant System,2,Procurement Admin,All,"90900510"
JirapaS,Procurement Assistant System,2,Procurement Admin,All,"91000601"
JirapaS,Procurement Assistant System,2,Procurement Admin,All,"91000602"
JirapaS,Procurement Assistant System,2,Procurement Admin,All,"91000603"
JirapaS,Procurement Assistant System,2,Procurement Admin,All,"91100701"
JirapaS,Procurement Assistant System,2,Procurement Admin,All,"91200801"
JirapaS,Procurement Assistant System,2,Procurement Admin,All,"91200803"
JirapaS,Procurement Assistant System,2,Procurement Admin,All,"91300903"
JirapaS,Procurement Assistant System,2,Procurement Admin,All,"91401001"
JirapaS,Procurement Assistant System,2,Procurement Admin,All,"91501101"
JirapaS,Procurement Assistant System,2,Procurement Admin,All,"91601205"
JirapaS,Procurement Assistant System,2,Procurement Admin,All,"91701301"
JirapaS,Procurement Assistant System,2,Procurement Admin,All,"91701305"
JirapaS,Procurement Assistant System,2,Procurement Admin,All,"91801401"
JirapaS,Procurement Assistant System,2,Procurement Admin,All,"91801501"
JirapaS,Procurement Assistant System,2,Procurement Admin,All,"91801601"
JirapatB,APP System,3,Procurement Officer,specific,"1011001"
JirapatB,APP System,3,Procurement Officer,specific,"1011003"
JirapatB,APP System,3,Procurement Officer,specific,"1011005"
JirapatB,APP System,3,Procurement Officer,specific,"1011011"
JirapatB,APP System,3,Procurement Officer,specific,"1011012"
JirapatB,APP System,3,Procurement Officer,specific,"1012002"
JirapatB,APP System,3,Procurement Officer,specific,"1014001"
JirapatB,APP System,3,Procurement Officer,specific,"1014002"
JirapatB,APP System,3,Procurement Officer,specific,"1014003"
JirapatB,APP System,3,Procurement Officer,specific,"1014005"
JirapatB,APP System,3,Procurement Officer,specific,"1014008"
JirapatB,APP System,3,Procurement Officer,specific,"2021001"
JirapatB,APP System,3,Procurement Officer,specific,"2021005"
JirapatB,APP System,3,Procurement Officer,specific,"2022001"
JirapatB,APP System,3,Procurement Officer,specific,"2022005"
JirapatB,APP System,3,Procurement Officer,specific,"2023001"
JirapatB,APP System,3,Procurement Officer,specific,"2023005"
JirapatB,APP System,3,Procurement Officer,specific,"2024001"
JirapatB,APP System,3,Procurement Officer,specific,"2024005"
JirapatB,APP System,3,Procurement Officer,specific,"2025001"
JirapatB,APP System,3,Procurement Officer,specific,"2025005"
JirapatB,APP System,3,Procurement Officer,specific,"3036001"
JirapatB,Procurement Assistant System,3,Procurement Officer,All,"11011001"
JirapatB,Procurement Assistant System,3,Procurement Officer,All,"11011003"
JirapatB,Procurement Assistant System,3,Procurement Officer,All,"11011005"
JirapatB,Procurement Assistant System,3,Procurement Officer,All,"11011007"
JirapatB,Procurement Assistant System,3,Procurement Officer,All,"11012001"
JirapatB,Procurement Assistant System,3,Procurement Officer,All,"11012002"
JirapatB,Procurement Assistant System,3,Procurement Officer,All,"11013001"
JirapatB,Procurement Assistant System,3,Procurement Officer,All,"11013003"
JirapatB,Procurement Assistant System,3,Procurement Officer,All,"11013005"
JirapatB,Procurement Assistant System,3,Procurement Officer,All,"11013007"
JirapatB,Procurement Assistant System,3,Procurement Officer,All,"11014001"
JirapatB,Procurement Assistant System,3,Procurement Officer,All,"11014005"
JirapatB,Procurement Assistant System,3,Procurement Officer,All,"21011001"
JirapatB,Procurement Assistant System,3,Procurement Officer,All,"21011003"
JirapatB,Procurement Assistant System,3,Procurement Officer,All,"21011005"
JirapatB,Procurement Assistant System,3,Procurement Officer,All,"21012002"
JirapatB,Procurement Assistant System,3,Procurement Officer,All,"21012011"
JirapatB,Procurement Assistant System,3,Procurement Officer,All,"21012012"
JirapatB,Procurement Assistant System,3,Procurement Officer,All,"21014001"
JirapatB,Procurement Assistant System,3,Procurement Officer,All,"21014002"
JirapatB,Procurement Assistant System,3,Procurement Officer,All,"21014003"
JirapatB,Procurement Assistant System,3,Procurement Officer,All,"21014005"
JirapatB,Procurement Assistant System,3,Procurement Officer,All,"21014008"
JirapatB,Procurement Assistant System,3,Procurement Officer,All,"22021001"
JirapatB,Procurement Assistant System,3,Procurement Officer,All,"22021005"
JirapatB,Procurement Assistant System,3,Procurement Officer,All,"22022001"
JirapatB,Procurement Assistant System,3,Procurement Officer,All,"22022005"
JirapatB,Procurement Assistant System,3,Procurement Officer,All,"22023001"
JirapatB,Procurement Assistant System,3,Procurement Officer,All,"22023005"
JirapatB,Procurement Assistant System,3,Procurement Officer,All,"22024001"
JirapatB,Procurement Assistant System,3,Procurement Officer,All,"22024005"
JirapatB,Procurement Assistant System,3,Procurement Officer,All,"22025001"
JirapatB,Procurement Assistant System,3,Procurement Officer,All,"22025005"
JirapatB,Procurement Assistant System,3,Procurement Officer,All,"30100101"
JirapatB,Procurement Assistant System,3,Procurement Officer,All,"30100202"
JirapatB,Procurement Assistant System,3,Procurement Officer,All,"30200202"
JirapatB,Procurement Assistant System,3,Procurement Officer,All,"30300301"
JirapatB,Procurement Assistant System,3,Procurement Officer,All,"30300303"
JirapatB,Procurement Assistant System,3,Procurement Officer,All,"30300304"
JirapatB,Procurement Assistant System,3,Procurement Officer,All,"30300305"
JirapatB,Procurement Assistant System,3,Procurement Officer,All,"30300508"
JirapatB,Procurement Assistant System,3,Procurement Officer,All,"30300509"
JirapatB,Procurement Assistant System,3,Procurement Officer,All,"30300701"
JirapatB,Procurement Assistant System,3,Procurement Officer,All,"30400403"
JirapatB,Procurement Assistant System,3,Procurement Officer,All,"30400406"
JirapatB,Procurement Assistant System,3,Procurement Officer,All,"30400407"
JirapatB,Procurement Assistant System,3,Procurement Officer,All,"30400508"
JirapatB,Procurement Assistant System,3,Procurement Officer,All,"30400509"
JirapatB,Procurement Assistant System,3,Procurement Officer,All,"30400701"
JirapatB,Procurement Assistant System,3,Procurement Officer,All,"30400702"
JirapatB,Procurement Assistant System,3,Procurement Officer,All,"30400703"
JirapatB,Procurement Assistant System,3,Procurement Officer,All,"30400704"
JirapatB,Procurement Assistant System,3,Procurement Officer,All,"30500601"
JirapatB,Procurement Assistant System,3,Procurement Officer,All,"30500603"
JirapatB,Procurement Assistant System,3,Procurement Officer,All,"30600101"
JirapatB,Procurement Assistant System,3,Procurement Officer,All,"90900501"
JongjitR,APP System,3,Procurement Officer,specific,"1011001"
JongjitR,APP System,3,Procurement Officer,specific,"1011003"
JongjitR,APP System,3,Procurement Officer,specific,"1011005"
JongjitR,APP System,3,Procurement Officer,specific,"1011011"
JongjitR,APP System,3,Procurement Officer,specific,"1011012"
JongjitR,APP System,3,Procurement Officer,specific,"1012002"
JongjitR,APP System,3,Procurement Officer,specific,"1014001"
JongjitR,APP System,3,Procurement Officer,specific,"1014002"
JongjitR,APP System,3,Procurement Officer,specific,"1014003"
JongjitR,APP System,3,Procurement Officer,specific,"1014005"
JongjitR,APP System,3,Procurement Officer,specific,"1014008"
JongjitR,APP System,3,Procurement Officer,specific,"2021001"
JongjitR,APP System,3,Procurement Officer,specific,"2021005"
JongjitR,APP System,3,Procurement Officer,specific,"2022001"
JongjitR,APP System,3,Procurement Officer,specific,"2022005"
JongjitR,APP System,3,Procurement Officer,specific,"2023001"
JongjitR,APP System,3,Procurement Officer,specific,"2023005"
JongjitR,APP System,3,Procurement Officer,specific,"2024001"
JongjitR,APP System,3,Procurement Officer,specific,"2024005"
JongjitR,APP System,3,Procurement Officer,specific,"2025001"
JongjitR,APP System,3,Procurement Officer,specific,"2025005"
JongjitR,APP System,3,Procurement Officer,specific,"3036001"
JongjitR,Procurement Assistant System,3,Procurement Officer,All,"11011001"
JongjitR,Procurement Assistant System,3,Procurement Officer,All,"11011003"
JongjitR,Procurement Assistant System,3,Procurement Officer,All,"11011005"
JongjitR,Procurement Assistant System,3,Procurement Officer,All,"11011007"
JongjitR,Procurement Assistant System,3,Procurement Officer,All,"11012001"
JongjitR,Procurement Assistant System,3,Procurement Officer,All,"11012002"
JongjitR,Procurement Assistant System,3,Procurement Officer,All,"11013001"
JongjitR,Procurement Assistant System,3,Procurement Officer,All,"11013003"
JongjitR,Procurement Assistant System,3,Procurement Officer,All,"11013005"
JongjitR,Procurement Assistant System,3,Procurement Officer,All,"11013007"
JongjitR,Procurement Assistant System,3,Procurement Officer,All,"11014001"
JongjitR,Procurement Assistant System,3,Procurement Officer,All,"11014005"
JongjitR,Procurement Assistant System,3,Procurement Officer,All,"21011001"
JongjitR,Procurement Assistant System,3,Procurement Officer,All,"21011003"
JongjitR,Procurement Assistant System,3,Procurement Officer,All,"21011005"
JongjitR,Procurement Assistant System,3,Procurement Officer,All,"21012002"
JongjitR,Procurement Assistant System,3,Procurement Officer,All,"21012011"
JongjitR,Procurement Assistant System,3,Procurement Officer,All,"21012012"
JongjitR,Procurement Assistant System,3,Procurement Officer,All,"21014001"
JongjitR,Procurement Assistant System,3,Procurement Officer,All,"21014002"
JongjitR,Procurement Assistant System,3,Procurement Officer,All,"21014003"
JongjitR,Procurement Assistant System,3,Procurement Officer,All,"21014005"
JongjitR,Procurement Assistant System,3,Procurement Officer,All,"21014008"
JongjitR,Procurement Assistant System,3,Procurement Officer,All,"22021001"
JongjitR,Procurement Assistant System,3,Procurement Officer,All,"22021005"
JongjitR,Procurement Assistant System,3,Procurement Officer,All,"22022001"
JongjitR,Procurement Assistant System,3,Procurement Officer,All,"22022005"
JongjitR,Procurement Assistant System,3,Procurement Officer,All,"22023001"
JongjitR,Procurement Assistant System,3,Procurement Officer,All,"22023005"
JongjitR,Procurement Assistant System,3,Procurement Officer,All,"22024001"
JongjitR,Procurement Assistant System,3,Procurement Officer,All,"22024005"
JongjitR,Procurement Assistant System,3,Procurement Officer,All,"22025001"
JongjitR,Procurement Assistant System,3,Procurement Officer,All,"22025005"
JongjitR,Procurement Assistant System,3,Procurement Officer,All,"30100101"
JongjitR,Procurement Assistant System,3,Procurement Officer,All,"30100202"
JongjitR,Procurement Assistant System,3,Procurement Officer,All,"30200202"
JongjitR,Procurement Assistant System,3,Procurement Officer,All,"30300301"
JongjitR,Procurement Assistant System,3,Procurement Officer,All,"30300303"
JongjitR,Procurement Assistant System,3,Procurement Officer,All,"30300304"
JongjitR,Procurement Assistant System,3,Procurement Officer,All,"30300305"
JongjitR,Procurement Assistant System,3,Procurement Officer,All,"30300508"
JongjitR,Procurement Assistant System,3,Procurement Officer,All,"30300509"
JongjitR,Procurement Assistant System,3,Procurement Officer,All,"30300701"
JongjitR,Procurement Assistant System,3,Procurement Officer,All,"30400403"
JongjitR,Procurement Assistant System,3,Procurement Officer,All,"30400406"
JongjitR,Procurement Assistant System,3,Procurement Officer,All,"30400407"
JongjitR,Procurement Assistant System,3,Procurement Officer,All,"30400508"
JongjitR,Procurement Assistant System,3,Procurement Officer,All,"30400509"
JongjitR,Procurement Assistant System,3,Procurement Officer,All,"30400701"
JongjitR,Procurement Assistant System,3,Procurement Officer,All,"30400702"
JongjitR,Procurement Assistant System,3,Procurement Officer,All,"30400703"
JongjitR,Procurement Assistant System,3,Procurement Officer,All,"30400704"
JongjitR,Procurement Assistant System,3,Procurement Officer,All,"30500601"
JongjitR,Procurement Assistant System,3,Procurement Officer,All,"30500603"
JongjitR,Procurement Assistant System,3,Procurement Officer,All,"30600101"
JongjitR,Procurement Assistant System,3,Procurement Officer,All,"90900501"
JUNJIRAT,APP System,7,Management relate org,specific,"1011001"
JUNJIRAT,APP System,7,Management relate org,specific,"1011005"
JUNJIRAT,APP System,7,Management relate org,specific,"1014001"
JUNJIRAT,APP System,7,Management relate org,specific,"1014005"
JUNJIRAT,APP System,7,Management relate org,specific,"2021001"
JUNJIRAT,APP System,7,Management relate org,specific,"2021005"
JUNJIRAT,APP System,7,Management relate org,specific,"2022001"
JUNJIRAT,APP System,7,Management relate org,specific,"2022005"
JUNJIRAT,APP System,7,Management relate org,specific,"2023001"
JUNJIRAT,APP System,7,Management relate org,specific,"2023005"
JUNJIRAT,APP System,7,Management relate org,specific,"2024001"
JUNJIRAT,APP System,7,Management relate org,specific,"2024005"
JUNJIRAT,APP System,7,Management relate org,specific,"2025001"
JUNJIRAT,APP System,7,Management relate org,specific,"2025005"
Kanchanan,APP System,2,Management,all,"1011001"
Kanchanan,APP System,2,Management,all,"1011005"
Kanchanan,APP System,2,Management,all,"1014001"
Kanchanan,APP System,2,Management,all,"1014005"
Kanchanan,APP System,2,Management,all,"2021001"
Kanchanan,APP System,2,Management,all,"2021005"
Kanchanan,APP System,2,Management,all,"2022001"
Kanchanan,APP System,2,Management,all,"2022005"
Kanchanan,APP System,2,Management,all,"2023001"
Kanchanan,APP System,2,Management,all,"2023005"
Kanchanan,APP System,2,Management,all,"2024001"
Kanchanan,APP System,2,Management,all,"2024005"
Kanchanan,APP System,2,Management,all,"2025001"
Kanchanan,APP System,2,Management,all,"2025005"
Kanchanan,APP System,2,Management,all,"3036001"
KanisaraS,APP System,7,Management relate org,specific,"1011001"
KanisaraS,APP System,7,Management relate org,specific,"1011005"
KanisaraS,APP System,7,Management relate org,specific,"1014001"
KanisaraS,APP System,7,Management relate org,specific,"1014005"
KanisaraS,APP System,7,Management relate org,specific,"2021001"
KanisaraS,APP System,7,Management relate org,specific,"2021005"
KanisaraS,APP System,7,Management relate org,specific,"2022001"
KanisaraS,APP System,7,Management relate org,specific,"2022005"
KanisaraS,APP System,7,Management relate org,specific,"2023001"
KanisaraS,APP System,7,Management relate org,specific,"2023005"
KanisaraS,APP System,7,Management relate org,specific,"2024001"
KanisaraS,APP System,7,Management relate org,specific,"2024005"
KanisaraS,APP System,7,Management relate org,specific,"2025001"
KanisaraS,APP System,7,Management relate org,specific,"2025005"
KarenD,Procurement Assistant System,2,Procurement Admin,All,"11011001"
KarenD,Procurement Assistant System,2,Procurement Admin,All,"11011003"
KarenD,Procurement Assistant System,2,Procurement Admin,All,"11011005"
KarenD,Procurement Assistant System,2,Procurement Admin,All,"11011006"
KarenD,Procurement Assistant System,2,Procurement Admin,All,"11011007"
KarenD,Procurement Assistant System,2,Procurement Admin,All,"11012001"
KarenD,Procurement Assistant System,2,Procurement Admin,All,"11012002"
KarenD,Procurement Assistant System,2,Procurement Admin,All,"11013001"
KarenD,Procurement Assistant System,2,Procurement Admin,All,"11013003"
KarenD,Procurement Assistant System,2,Procurement Admin,All,"11013005"
KarenD,Procurement Assistant System,2,Procurement Admin,All,"11013006"
KarenD,Procurement Assistant System,2,Procurement Admin,All,"11013007"
KarenD,Procurement Assistant System,2,Procurement Admin,All,"11014001"
KarenD,Procurement Assistant System,2,Procurement Admin,All,"11014005"
KarenD,Procurement Assistant System,2,Procurement Admin,All,"12021001"
KarenD,Procurement Assistant System,2,Procurement Admin,All,"12021003"
KarenD,Procurement Assistant System,2,Procurement Admin,All,"12022001"
KarenD,Procurement Assistant System,2,Procurement Admin,All,"12022002"
KarenD,Procurement Assistant System,2,Procurement Admin,All,"12022003"
KarenD,Procurement Assistant System,2,Procurement Admin,All,"12023001"
KarenD,Procurement Assistant System,2,Procurement Admin,All,"12023002"
KarenD,Procurement Assistant System,2,Procurement Admin,All,"12023003"
KarenD,Procurement Assistant System,2,Procurement Admin,All,"12023004"
KarenD,Procurement Assistant System,2,Procurement Admin,All,"12024001"
KarenD,Procurement Assistant System,2,Procurement Admin,All,"12024002"
KarenD,Procurement Assistant System,2,Procurement Admin,All,"12024003"
KarenD,Procurement Assistant System,2,Procurement Admin,All,"12024004"
KarenD,Procurement Assistant System,2,Procurement Admin,All,"12025001"
KarenD,Procurement Assistant System,2,Procurement Admin,All,"12025002"
KarenD,Procurement Assistant System,2,Procurement Admin,All,"12025003"
KarenD,Procurement Assistant System,2,Procurement Admin,All,"12025004"
KarenD,Procurement Assistant System,2,Procurement Admin,All,"15051001"
KarenD,Procurement Assistant System,2,Procurement Admin,All,"15051003"
KarenD,Procurement Assistant System,2,Procurement Admin,All,"21011001"
KarenD,Procurement Assistant System,2,Procurement Admin,All,"21011003"
KarenD,Procurement Assistant System,2,Procurement Admin,All,"21011005"
KarenD,Procurement Assistant System,2,Procurement Admin,All,"21012002"
KarenD,Procurement Assistant System,2,Procurement Admin,All,"21012006"
KarenD,Procurement Assistant System,2,Procurement Admin,All,"21012008"
KarenD,Procurement Assistant System,2,Procurement Admin,All,"21012011"
KarenD,Procurement Assistant System,2,Procurement Admin,All,"21012012"
KarenD,Procurement Assistant System,2,Procurement Admin,All,"21012013"
KarenD,Procurement Assistant System,2,Procurement Admin,All,"21013010"
KarenD,Procurement Assistant System,2,Procurement Admin,All,"21014001"
KarenD,Procurement Assistant System,2,Procurement Admin,All,"21014002"
KarenD,Procurement Assistant System,2,Procurement Admin,All,"21014003"
KarenD,Procurement Assistant System,2,Procurement Admin,All,"21014005"
KarenD,Procurement Assistant System,2,Procurement Admin,All,"21014007"
KarenD,Procurement Assistant System,2,Procurement Admin,All,"21014008"
KarenD,Procurement Assistant System,2,Procurement Admin,All,"22021001"
KarenD,Procurement Assistant System,2,Procurement Admin,All,"22021005"
KarenD,Procurement Assistant System,2,Procurement Admin,All,"22021009"
KarenD,Procurement Assistant System,2,Procurement Admin,All,"22022001"
KarenD,Procurement Assistant System,2,Procurement Admin,All,"22022005"
KarenD,Procurement Assistant System,2,Procurement Admin,All,"22022009"
KarenD,Procurement Assistant System,2,Procurement Admin,All,"22023001"
KarenD,Procurement Assistant System,2,Procurement Admin,All,"22023005"
KarenD,Procurement Assistant System,2,Procurement Admin,All,"22024001"
KarenD,Procurement Assistant System,2,Procurement Admin,All,"22024005"
KarenD,Procurement Assistant System,2,Procurement Admin,All,"22025001"
KarenD,Procurement Assistant System,2,Procurement Admin,All,"22025005"
KarenD,Procurement Assistant System,2,Procurement Admin,All,"23031001"
KarenD,Procurement Assistant System,2,Procurement Admin,All,"23031003"
KarenD,Procurement Assistant System,2,Procurement Admin,All,"23032001"
KarenD,Procurement Assistant System,2,Procurement Admin,All,"23032002"
KarenD,Procurement Assistant System,2,Procurement Admin,All,"23032003"
KarenD,Procurement Assistant System,2,Procurement Admin,All,"23033001"
KarenD,Procurement Assistant System,2,Procurement Admin,All,"23033003"
KarenD,Procurement Assistant System,2,Procurement Admin,All,"23034001"
KarenD,Procurement Assistant System,2,Procurement Admin,All,"23034002"
KarenD,Procurement Assistant System,2,Procurement Admin,All,"23034003"
KarenD,Procurement Assistant System,2,Procurement Admin,All,"23034004"
KarenD,Procurement Assistant System,2,Procurement Admin,All,"23035001"
KarenD,Procurement Assistant System,2,Procurement Admin,All,"23035003"
KarenD,Procurement Assistant System,2,Procurement Admin,All,"23038001"
KarenD,Procurement Assistant System,2,Procurement Admin,All,"23038002"
KarenD,Procurement Assistant System,2,Procurement Admin,All,"23038003"
KarenD,Procurement Assistant System,2,Procurement Admin,All,"23039001"
KarenD,Procurement Assistant System,2,Procurement Admin,All,"23039003"
KarenD,Procurement Assistant System,2,Procurement Admin,All,"26061001"
KarenD,Procurement Assistant System,2,Procurement Admin,All,"26061002"
KarenD,Procurement Assistant System,2,Procurement Admin,All,"26061003"
KarenD,Procurement Assistant System,2,Procurement Admin,All,"30100101"
KarenD,Procurement Assistant System,2,Procurement Admin,All,"30100202"
KarenD,Procurement Assistant System,2,Procurement Admin,All,"30200202"
KarenD,Procurement Assistant System,2,Procurement Admin,All,"30300301"
KarenD,Procurement Assistant System,2,Procurement Admin,All,"30300303"
KarenD,Procurement Assistant System,2,Procurement Admin,All,"30300304"
KarenD,Procurement Assistant System,2,Procurement Admin,All,"30300305"
KarenD,Procurement Assistant System,2,Procurement Admin,All,"30300508"
KarenD,Procurement Assistant System,2,Procurement Admin,All,"30300509"
KarenD,Procurement Assistant System,2,Procurement Admin,All,"30300701"
KarenD,Procurement Assistant System,2,Procurement Admin,All,"30400403"
KarenD,Procurement Assistant System,2,Procurement Admin,All,"30400406"
KarenD,Procurement Assistant System,2,Procurement Admin,All,"30400407"
KarenD,Procurement Assistant System,2,Procurement Admin,All,"30400508"
KarenD,Procurement Assistant System,2,Procurement Admin,All,"30400509"
KarenD,Procurement Assistant System,2,Procurement Admin,All,"30400701"
KarenD,Procurement Assistant System,2,Procurement Admin,All,"30400702"
KarenD,Procurement Assistant System,2,Procurement Admin,All,"30400703"
KarenD,Procurement Assistant System,2,Procurement Admin,All,"30400704"
KarenD,Procurement Assistant System,2,Procurement Admin,All,"30500601"
KarenD,Procurement Assistant System,2,Procurement Admin,All,"30500603"
KarenD,Procurement Assistant System,2,Procurement Admin,All,"30600101"
KarenD,Procurement Assistant System,2,Procurement Admin,All,"90100101"
KarenD,Procurement Assistant System,2,Procurement Admin,All,"90100202"
KarenD,Procurement Assistant System,2,Procurement Admin,All,"90200202"
KarenD,Procurement Assistant System,2,Procurement Admin,All,"90300301"
KarenD,Procurement Assistant System,2,Procurement Admin,All,"90300303"
KarenD,Procurement Assistant System,2,Procurement Admin,All,"90300304"
KarenD,Procurement Assistant System,2,Procurement Admin,All,"90400403"
KarenD,Procurement Assistant System,2,Procurement Admin,All,"90500101"
KarenD,Procurement Assistant System,2,Procurement Admin,All,"90500201"
KarenD,Procurement Assistant System,2,Procurement Admin,All,"90600202"
KarenD,Procurement Assistant System,2,Procurement Admin,All,"90700301"
KarenD,Procurement Assistant System,2,Procurement Admin,All,"90700303"
KarenD,Procurement Assistant System,2,Procurement Admin,All,"90700304"
KarenD,Procurement Assistant System,2,Procurement Admin,All,"90800403"
KarenD,Procurement Assistant System,2,Procurement Admin,All,"90900501"
KarenD,Procurement Assistant System,2,Procurement Admin,All,"90900502"
KarenD,Procurement Assistant System,2,Procurement Admin,All,"90900503"
KarenD,Procurement Assistant System,2,Procurement Admin,All,"90900510"
KarenD,Procurement Assistant System,2,Procurement Admin,All,"91000601"
KarenD,Procurement Assistant System,2,Procurement Admin,All,"91000602"
KarenD,Procurement Assistant System,2,Procurement Admin,All,"91000603"
KarenD,Procurement Assistant System,2,Procurement Admin,All,"91100701"
KarenD,Procurement Assistant System,2,Procurement Admin,All,"91200801"
KarenD,Procurement Assistant System,2,Procurement Admin,All,"91200803"
KarenD,Procurement Assistant System,2,Procurement Admin,All,"91300903"
KarenD,Procurement Assistant System,2,Procurement Admin,All,"91401001"
KarenD,Procurement Assistant System,2,Procurement Admin,All,"91501101"
KarenD,Procurement Assistant System,2,Procurement Admin,All,"91601205"
KarenD,Procurement Assistant System,2,Procurement Admin,All,"91701301"
KarenD,Procurement Assistant System,2,Procurement Admin,All,"91701305"
KarenD,Procurement Assistant System,2,Procurement Admin,All,"91801401"
KarenD,Procurement Assistant System,2,Procurement Admin,All,"91801501"
KarenD,Procurement Assistant System,2,Procurement Admin,All,"91801601"
KavinW,APP System,7,Management relate org,specific,"1011001"
KavinW,APP System,7,Management relate org,specific,"1011005"
KavinW,APP System,7,Management relate org,specific,"1014001"
KavinW,APP System,7,Management relate org,specific,"1014005"
KavinW,APP System,7,Management relate org,specific,"2021001"
KavinW,APP System,7,Management relate org,specific,"2021005"
KavinW,APP System,7,Management relate org,specific,"2022001"
KavinW,APP System,7,Management relate org,specific,"2022005"
KavinW,APP System,7,Management relate org,specific,"2023001"
KavinW,APP System,7,Management relate org,specific,"2023005"
KavinW,APP System,7,Management relate org,specific,"2024001"
KavinW,APP System,7,Management relate org,specific,"2024005"
KavinW,APP System,7,Management relate org,specific,"2025001"
KavinW,APP System,7,Management relate org,specific,"2025005"
KavinW,Procurement Assistant System,5,Procurement VP,Specific,"30100101"
KavinW,Procurement Assistant System,5,Procurement VP,Specific,"30300301"
KavinW,Procurement Assistant System,5,Procurement VP,Specific,"30500601"
KavinW,Procurement Assistant System,5,Procurement VP,Specific,"30600101"
LadavarinP,APP System,5,Asset,all,"1011001"
LadavarinP,APP System,5,Asset,all,"1011005"
LadavarinP,APP System,5,Asset,all,"1014001"
LadavarinP,APP System,5,Asset,all,"1014002"
LadavarinP,APP System,5,Asset,all,"1014003"
LadavarinP,APP System,5,Asset,all,"1014005"
LadavarinP,APP System,5,Asset,all,"1014007"
LadavarinP,APP System,5,Asset,all,"1014008"
LadavarinP,APP System,5,Asset,all,"2021001"
LadavarinP,APP System,5,Asset,all,"2021005"
LadavarinP,APP System,5,Asset,all,"2022001"
LadavarinP,APP System,5,Asset,all,"2022005"
LadavarinP,APP System,5,Asset,all,"2023001"
LadavarinP,APP System,5,Asset,all,"2023005"
LadavarinP,APP System,5,Asset,all,"2025001"
LadavarinP,APP System,5,Asset,all,"2025005"
LadavarinP,APP System,5,Asset,all,"3036001"
LalitaB,APP System,6,PSC Report Management,all,"1011001"
LalitaB,APP System,6,PSC Report Management,all,"1011003"
LalitaB,APP System,6,PSC Report Management,all,"1011005"
LalitaB,APP System,6,PSC Report Management,all,"1011008"
LalitaB,APP System,6,PSC Report Management,all,"1011011"
LalitaB,APP System,6,PSC Report Management,all,"1011012"
LalitaB,APP System,6,PSC Report Management,all,"1014001"
LalitaB,APP System,6,PSC Report Management,all,"1014002"
LalitaB,APP System,6,PSC Report Management,all,"1014003"
LalitaB,APP System,6,PSC Report Management,all,"1014005"
LalitaB,APP System,6,PSC Report Management,all,"1014007"
LalitaB,APP System,6,PSC Report Management,all,"1014008"
LalitaB,APP System,6,PSC Report Management,all,"2021001"
LalitaB,APP System,6,PSC Report Management,all,"2021005"
LalitaB,APP System,6,PSC Report Management,all,"2021009"
LalitaB,APP System,6,PSC Report Management,all,"2022001"
LalitaB,APP System,6,PSC Report Management,all,"2022005"
LalitaB,APP System,6,PSC Report Management,all,"2022009"
LalitaB,APP System,6,PSC Report Management,all,"2023001"
LalitaB,APP System,6,PSC Report Management,all,"2023005"
LalitaB,APP System,6,PSC Report Management,all,"2024001"
LalitaB,APP System,6,PSC Report Management,all,"2024005"
LalitaB,APP System,6,PSC Report Management,all,"2025001"
LalitaB,APP System,6,PSC Report Management,all,"2025005"
LalitaB,APP System,6,PSC Report Management,all,"3035001"
LalitaB,APP System,6,PSC Report Management,all,"3035003"
LalitaB,APP System,6,PSC Report Management,all,"3036001"
MakasiriK,APP System,3,Procurement Officer,specific,"1011001"
MakasiriK,APP System,3,Procurement Officer,specific,"1011003"
MakasiriK,APP System,3,Procurement Officer,specific,"1011005"
MakasiriK,APP System,3,Procurement Officer,specific,"1011011"
MakasiriK,APP System,3,Procurement Officer,specific,"1011012"
MakasiriK,APP System,3,Procurement Officer,specific,"1012002"
MakasiriK,APP System,3,Procurement Officer,specific,"1014001"
MakasiriK,APP System,3,Procurement Officer,specific,"1014002"
MakasiriK,APP System,3,Procurement Officer,specific,"1014003"
MakasiriK,APP System,3,Procurement Officer,specific,"1014005"
MakasiriK,APP System,3,Procurement Officer,specific,"1014008"
MakasiriK,APP System,3,Procurement Officer,specific,"2021001"
MakasiriK,APP System,3,Procurement Officer,specific,"2021005"
MakasiriK,APP System,3,Procurement Officer,specific,"2022001"
MakasiriK,APP System,3,Procurement Officer,specific,"2022005"
MakasiriK,APP System,3,Procurement Officer,specific,"2023001"
MakasiriK,APP System,3,Procurement Officer,specific,"2023005"
MakasiriK,APP System,3,Procurement Officer,specific,"2024001"
MakasiriK,APP System,3,Procurement Officer,specific,"2024005"
MakasiriK,APP System,3,Procurement Officer,specific,"2025001"
MakasiriK,APP System,3,Procurement Officer,specific,"2025005"
MakasiriK,APP System,3,Procurement Officer,specific,"3036001"
MakasiriK,APP System,9,Focal Point_PSC Report,all,"1011001"
MakasiriK,APP System,9,Focal Point_PSC Report,all,"1011003"
MakasiriK,APP System,9,Focal Point_PSC Report,all,"1011005"
MakasiriK,APP System,9,Focal Point_PSC Report,all,"1011011"
MakasiriK,APP System,9,Focal Point_PSC Report,all,"1011012"
MakasiriK,APP System,9,Focal Point_PSC Report,all,"1014001"
MakasiriK,APP System,9,Focal Point_PSC Report,all,"1014005"
MakasiriK,APP System,9,Focal Point_PSC Report,all,"2021001"
MakasiriK,APP System,9,Focal Point_PSC Report,all,"2021005"
MakasiriK,APP System,9,Focal Point_PSC Report,all,"2022001"
MakasiriK,APP System,9,Focal Point_PSC Report,all,"2022005"
MakasiriK,APP System,9,Focal Point_PSC Report,all,"2023001"
MakasiriK,APP System,9,Focal Point_PSC Report,all,"2023005"
MakasiriK,APP System,9,Focal Point_PSC Report,all,"2024001"
MakasiriK,APP System,9,Focal Point_PSC Report,all,"2024005"
MakasiriK,APP System,9,Focal Point_PSC Report,all,"2025001"
MakasiriK,APP System,9,Focal Point_PSC Report,all,"2025005"
MakasiriK,APP System,9,Focal Point_PSC Report,all,"3035001"
MakasiriK,APP System,9,Focal Point_PSC Report,all,"3036001"
MakasiriK,Procurement Assistant System,3,Procurement Officer,All,"11011001"
MakasiriK,Procurement Assistant System,3,Procurement Officer,All,"11011003"
MakasiriK,Procurement Assistant System,3,Procurement Officer,All,"11011005"
MakasiriK,Procurement Assistant System,3,Procurement Officer,All,"11011007"
MakasiriK,Procurement Assistant System,3,Procurement Officer,All,"11012001"
MakasiriK,Procurement Assistant System,3,Procurement Officer,All,"11012002"
MakasiriK,Procurement Assistant System,3,Procurement Officer,All,"11013001"
MakasiriK,Procurement Assistant System,3,Procurement Officer,All,"11013003"
MakasiriK,Procurement Assistant System,3,Procurement Officer,All,"11013005"
MakasiriK,Procurement Assistant System,3,Procurement Officer,All,"11013007"
MakasiriK,Procurement Assistant System,3,Procurement Officer,All,"11014001"
MakasiriK,Procurement Assistant System,3,Procurement Officer,All,"11014005"
MakasiriK,Procurement Assistant System,3,Procurement Officer,All,"21011001"
MakasiriK,Procurement Assistant System,3,Procurement Officer,All,"21011003"
MakasiriK,Procurement Assistant System,3,Procurement Officer,All,"21011005"
MakasiriK,Procurement Assistant System,3,Procurement Officer,All,"21012002"
MakasiriK,Procurement Assistant System,3,Procurement Officer,All,"21012011"
MakasiriK,Procurement Assistant System,3,Procurement Officer,All,"21012012"
MakasiriK,Procurement Assistant System,3,Procurement Officer,All,"21014001"
MakasiriK,Procurement Assistant System,3,Procurement Officer,All,"21014002"
MakasiriK,Procurement Assistant System,3,Procurement Officer,All,"21014003"
MakasiriK,Procurement Assistant System,3,Procurement Officer,All,"21014005"
MakasiriK,Procurement Assistant System,3,Procurement Officer,All,"21014008"
MakasiriK,Procurement Assistant System,3,Procurement Officer,All,"22021001"
MakasiriK,Procurement Assistant System,3,Procurement Officer,All,"22021005"
MakasiriK,Procurement Assistant System,3,Procurement Officer,All,"22022001"
MakasiriK,Procurement Assistant System,3,Procurement Officer,All,"22022005"
MakasiriK,Procurement Assistant System,3,Procurement Officer,All,"22023001"
MakasiriK,Procurement Assistant System,3,Procurement Officer,All,"22023005"
MakasiriK,Procurement Assistant System,3,Procurement Officer,All,"22024001"
MakasiriK,Procurement Assistant System,3,Procurement Officer,All,"22024005"
MakasiriK,Procurement Assistant System,3,Procurement Officer,All,"22025001"
MakasiriK,Procurement Assistant System,3,Procurement Officer,All,"22025005"
MakasiriK,Procurement Assistant System,3,Procurement Officer,All,"30100101"
MakasiriK,Procurement Assistant System,3,Procurement Officer,All,"30100202"
MakasiriK,Procurement Assistant System,3,Procurement Officer,All,"30200202"
MakasiriK,Procurement Assistant System,3,Procurement Officer,All,"30300301"
MakasiriK,Procurement Assistant System,3,Procurement Officer,All,"30300303"
MakasiriK,Procurement Assistant System,3,Procurement Officer,All,"30300304"
MakasiriK,Procurement Assistant System,3,Procurement Officer,All,"30300305"
MakasiriK,Procurement Assistant System,3,Procurement Officer,All,"30300508"
MakasiriK,Procurement Assistant System,3,Procurement Officer,All,"30300509"
MakasiriK,Procurement Assistant System,3,Procurement Officer,All,"30300701"
MakasiriK,Procurement Assistant System,3,Procurement Officer,All,"30400403"
MakasiriK,Procurement Assistant System,3,Procurement Officer,All,"30400406"
MakasiriK,Procurement Assistant System,3,Procurement Officer,All,"30400407"
MakasiriK,Procurement Assistant System,3,Procurement Officer,All,"30400508"
MakasiriK,Procurement Assistant System,3,Procurement Officer,All,"30400509"
MakasiriK,Procurement Assistant System,3,Procurement Officer,All,"30400701"
MakasiriK,Procurement Assistant System,3,Procurement Officer,All,"30400702"
MakasiriK,Procurement Assistant System,3,Procurement Officer,All,"30400703"
MakasiriK,Procurement Assistant System,3,Procurement Officer,All,"30400704"
MakasiriK,Procurement Assistant System,3,Procurement Officer,All,"30500601"
MakasiriK,Procurement Assistant System,3,Procurement Officer,All,"30500603"
MakasiriK,Procurement Assistant System,3,Procurement Officer,All,"30600101"
MakasiriK,Procurement Assistant System,3,Procurement Officer,All,"90900501"
MakasiriK,Reference Price System,3,Foco point,Admin,"101101"
MakasiriK,Reference Price System,3,Foco point,Admin,"101201"
MakasiriK,Reference Price System,3,Foco point,Admin,"101202"
MakasiriK,Reference Price System,3,Foco point,Admin,"101301"
MakasiriK,Reference Price System,3,Foco point,Admin,"101303"
MakasiriK,Reference Price System,3,Foco point,Admin,"101305"
MakasiriK,Reference Price System,3,Foco point,Admin,"101307"
MakasiriK,Reference Price System,3,Foco point,Admin,"101401"
MakasiriK,Reference Price System,3,Foco point,Admin,"101405"
MASSAYAP,APP System,3,Procurement Officer,specific,"1011001"
MASSAYAP,APP System,3,Procurement Officer,specific,"1011003"
MASSAYAP,APP System,3,Procurement Officer,specific,"1011005"
MASSAYAP,APP System,3,Procurement Officer,specific,"1011011"
MASSAYAP,APP System,3,Procurement Officer,specific,"1011012"
MASSAYAP,APP System,3,Procurement Officer,specific,"1012002"
MASSAYAP,APP System,3,Procurement Officer,specific,"1014001"
MASSAYAP,APP System,3,Procurement Officer,specific,"1014002"
MASSAYAP,APP System,3,Procurement Officer,specific,"1014003"
MASSAYAP,APP System,3,Procurement Officer,specific,"1014005"
MASSAYAP,APP System,3,Procurement Officer,specific,"1014008"
MASSAYAP,APP System,3,Procurement Officer,specific,"2021001"
MASSAYAP,APP System,3,Procurement Officer,specific,"2021005"
MASSAYAP,APP System,3,Procurement Officer,specific,"2022001"
MASSAYAP,APP System,3,Procurement Officer,specific,"2022005"
MASSAYAP,APP System,3,Procurement Officer,specific,"2023001"
MASSAYAP,APP System,3,Procurement Officer,specific,"2023005"
MASSAYAP,APP System,3,Procurement Officer,specific,"2024001"
MASSAYAP,APP System,3,Procurement Officer,specific,"2024005"
MASSAYAP,APP System,3,Procurement Officer,specific,"2025001"
MASSAYAP,APP System,3,Procurement Officer,specific,"2025005"
MASSAYAP,APP System,3,Procurement Officer,specific,"3036001"
MASSAYAP,Procurement Assistant System,3,Procurement Officer,All,"11011001"
MASSAYAP,Procurement Assistant System,3,Procurement Officer,All,"11011003"
MASSAYAP,Procurement Assistant System,3,Procurement Officer,All,"11011005"
MASSAYAP,Procurement Assistant System,3,Procurement Officer,All,"11011007"
MASSAYAP,Procurement Assistant System,3,Procurement Officer,All,"11012001"
MASSAYAP,Procurement Assistant System,3,Procurement Officer,All,"11012002"
MASSAYAP,Procurement Assistant System,3,Procurement Officer,All,"11013001"
MASSAYAP,Procurement Assistant System,3,Procurement Officer,All,"11013003"
MASSAYAP,Procurement Assistant System,3,Procurement Officer,All,"11013005"
MASSAYAP,Procurement Assistant System,3,Procurement Officer,All,"11013007"
MASSAYAP,Procurement Assistant System,3,Procurement Officer,All,"11014001"
MASSAYAP,Procurement Assistant System,3,Procurement Officer,All,"11014005"
MASSAYAP,Procurement Assistant System,3,Procurement Officer,All,"21011001"
MASSAYAP,Procurement Assistant System,3,Procurement Officer,All,"21011003"
MASSAYAP,Procurement Assistant System,3,Procurement Officer,All,"21011005"
MASSAYAP,Procurement Assistant System,3,Procurement Officer,All,"21012002"
MASSAYAP,Procurement Assistant System,3,Procurement Officer,All,"21012011"
MASSAYAP,Procurement Assistant System,3,Procurement Officer,All,"21012012"
MASSAYAP,Procurement Assistant System,3,Procurement Officer,All,"21014001"
MASSAYAP,Procurement Assistant System,3,Procurement Officer,All,"21014002"
MASSAYAP,Procurement Assistant System,3,Procurement Officer,All,"21014003"
MASSAYAP,Procurement Assistant System,3,Procurement Officer,All,"21014005"
MASSAYAP,Procurement Assistant System,3,Procurement Officer,All,"21014008"
MASSAYAP,Procurement Assistant System,3,Procurement Officer,All,"22021001"
MASSAYAP,Procurement Assistant System,3,Procurement Officer,All,"22021005"
MASSAYAP,Procurement Assistant System,3,Procurement Officer,All,"22022001"
MASSAYAP,Procurement Assistant System,3,Procurement Officer,All,"22022005"
MASSAYAP,Procurement Assistant System,3,Procurement Officer,All,"22023001"
MASSAYAP,Procurement Assistant System,3,Procurement Officer,All,"22023005"
MASSAYAP,Procurement Assistant System,3,Procurement Officer,All,"22024001"
MASSAYAP,Procurement Assistant System,3,Procurement Officer,All,"22024005"
MASSAYAP,Procurement Assistant System,3,Procurement Officer,All,"22025001"
MASSAYAP,Procurement Assistant System,3,Procurement Officer,All,"22025005"
MASSAYAP,Procurement Assistant System,3,Procurement Officer,All,"30100101"
MASSAYAP,Procurement Assistant System,3,Procurement Officer,All,"30100202"
MASSAYAP,Procurement Assistant System,3,Procurement Officer,All,"30200202"
MASSAYAP,Procurement Assistant System,3,Procurement Officer,All,"30300301"
MASSAYAP,Procurement Assistant System,3,Procurement Officer,All,"30300303"
MASSAYAP,Procurement Assistant System,3,Procurement Officer,All,"30300304"
MASSAYAP,Procurement Assistant System,3,Procurement Officer,All,"30300305"
MASSAYAP,Procurement Assistant System,3,Procurement Officer,All,"30300508"
MASSAYAP,Procurement Assistant System,3,Procurement Officer,All,"30300509"
MASSAYAP,Procurement Assistant System,3,Procurement Officer,All,"30300701"
MASSAYAP,Procurement Assistant System,3,Procurement Officer,All,"30400403"
MASSAYAP,Procurement Assistant System,3,Procurement Officer,All,"30400406"
MASSAYAP,Procurement Assistant System,3,Procurement Officer,All,"30400407"
MASSAYAP,Procurement Assistant System,3,Procurement Officer,All,"30400508"
MASSAYAP,Procurement Assistant System,3,Procurement Officer,All,"30400509"
MASSAYAP,Procurement Assistant System,3,Procurement Officer,All,"30400701"
MASSAYAP,Procurement Assistant System,3,Procurement Officer,All,"30400702"
MASSAYAP,Procurement Assistant System,3,Procurement Officer,All,"30400703"
MASSAYAP,Procurement Assistant System,3,Procurement Officer,All,"30400704"
MASSAYAP,Procurement Assistant System,3,Procurement Officer,All,"30500601"
MASSAYAP,Procurement Assistant System,3,Procurement Officer,All,"30500603"
MASSAYAP,Procurement Assistant System,3,Procurement Officer,All,"30600101"
MASSAYAP,Procurement Assistant System,3,Procurement Officer,All,"90900501"
MontiraY,APP System,3,Procurement Officer,specific,"1011001"
MontiraY,APP System,3,Procurement Officer,specific,"1011003"
MontiraY,APP System,3,Procurement Officer,specific,"1011005"
MontiraY,APP System,3,Procurement Officer,specific,"1011011"
MontiraY,APP System,3,Procurement Officer,specific,"1011012"
MontiraY,APP System,3,Procurement Officer,specific,"1012002"
MontiraY,APP System,3,Procurement Officer,specific,"1014001"
MontiraY,APP System,3,Procurement Officer,specific,"1014002"
MontiraY,APP System,3,Procurement Officer,specific,"1014003"
MontiraY,APP System,3,Procurement Officer,specific,"1014005"
MontiraY,APP System,3,Procurement Officer,specific,"1014008"
MontiraY,APP System,3,Procurement Officer,specific,"2021001"
MontiraY,APP System,3,Procurement Officer,specific,"2021005"
MontiraY,APP System,3,Procurement Officer,specific,"2022001"
MontiraY,APP System,3,Procurement Officer,specific,"2022005"
MontiraY,APP System,3,Procurement Officer,specific,"2023001"
MontiraY,APP System,3,Procurement Officer,specific,"2023005"
MontiraY,APP System,3,Procurement Officer,specific,"2024001"
MontiraY,APP System,3,Procurement Officer,specific,"2024005"
MontiraY,APP System,3,Procurement Officer,specific,"2025001"
MontiraY,APP System,3,Procurement Officer,specific,"2025005"
MontiraY,APP System,3,Procurement Officer,specific,"3036001"
MontiraY,Procurement Assistant System,3,Procurement Officer,All,"11011001"
MontiraY,Procurement Assistant System,3,Procurement Officer,All,"11011003"
MontiraY,Procurement Assistant System,3,Procurement Officer,All,"11011005"
MontiraY,Procurement Assistant System,3,Procurement Officer,All,"11011007"
MontiraY,Procurement Assistant System,3,Procurement Officer,All,"11012001"
MontiraY,Procurement Assistant System,3,Procurement Officer,All,"11012002"
MontiraY,Procurement Assistant System,3,Procurement Officer,All,"11013001"
MontiraY,Procurement Assistant System,3,Procurement Officer,All,"11013003"
MontiraY,Procurement Assistant System,3,Procurement Officer,All,"11013005"
MontiraY,Procurement Assistant System,3,Procurement Officer,All,"11013007"
MontiraY,Procurement Assistant System,3,Procurement Officer,All,"11014001"
MontiraY,Procurement Assistant System,3,Procurement Officer,All,"11014005"
MontiraY,Procurement Assistant System,3,Procurement Officer,All,"21011001"
MontiraY,Procurement Assistant System,3,Procurement Officer,All,"21011003"
MontiraY,Procurement Assistant System,3,Procurement Officer,All,"21011005"
MontiraY,Procurement Assistant System,3,Procurement Officer,All,"21012002"
MontiraY,Procurement Assistant System,3,Procurement Officer,All,"21012011"
MontiraY,Procurement Assistant System,3,Procurement Officer,All,"21012012"
MontiraY,Procurement Assistant System,3,Procurement Officer,All,"21014001"
MontiraY,Procurement Assistant System,3,Procurement Officer,All,"21014002"
MontiraY,Procurement Assistant System,3,Procurement Officer,All,"21014003"
MontiraY,Procurement Assistant System,3,Procurement Officer,All,"21014005"
MontiraY,Procurement Assistant System,3,Procurement Officer,All,"21014008"
MontiraY,Procurement Assistant System,3,Procurement Officer,All,"22021001"
MontiraY,Procurement Assistant System,3,Procurement Officer,All,"22021005"
MontiraY,Procurement Assistant System,3,Procurement Officer,All,"22022001"
MontiraY,Procurement Assistant System,3,Procurement Officer,All,"22022005"
MontiraY,Procurement Assistant System,3,Procurement Officer,All,"22023001"
MontiraY,Procurement Assistant System,3,Procurement Officer,All,"22023005"
MontiraY,Procurement Assistant System,3,Procurement Officer,All,"22024001"
MontiraY,Procurement Assistant System,3,Procurement Officer,All,"22024005"
MontiraY,Procurement Assistant System,3,Procurement Officer,All,"22025001"
MontiraY,Procurement Assistant System,3,Procurement Officer,All,"22025005"
MontiraY,Procurement Assistant System,3,Procurement Officer,All,"30100101"
MontiraY,Procurement Assistant System,3,Procurement Officer,All,"30100202"
MontiraY,Procurement Assistant System,3,Procurement Officer,All,"30200202"
MontiraY,Procurement Assistant System,3,Procurement Officer,All,"30300301"
MontiraY,Procurement Assistant System,3,Procurement Officer,All,"30300303"
MontiraY,Procurement Assistant System,3,Procurement Officer,All,"30300304"
MontiraY,Procurement Assistant System,3,Procurement Officer,All,"30300305"
MontiraY,Procurement Assistant System,3,Procurement Officer,All,"30300508"
MontiraY,Procurement Assistant System,3,Procurement Officer,All,"30300509"
MontiraY,Procurement Assistant System,3,Procurement Officer,All,"30300701"
MontiraY,Procurement Assistant System,3,Procurement Officer,All,"30400403"
MontiraY,Procurement Assistant System,3,Procurement Officer,All,"30400406"
MontiraY,Procurement Assistant System,3,Procurement Officer,All,"30400407"
MontiraY,Procurement Assistant System,3,Procurement Officer,All,"30400508"
MontiraY,Procurement Assistant System,3,Procurement Officer,All,"30400509"
MontiraY,Procurement Assistant System,3,Procurement Officer,All,"30400701"
MontiraY,Procurement Assistant System,3,Procurement Officer,All,"30400702"
MontiraY,Procurement Assistant System,3,Procurement Officer,All,"30400703"
MontiraY,Procurement Assistant System,3,Procurement Officer,All,"30400704"
MontiraY,Procurement Assistant System,3,Procurement Officer,All,"30500601"
MontiraY,Procurement Assistant System,3,Procurement Officer,All,"30500603"
MontiraY,Procurement Assistant System,3,Procurement Officer,All,"30600101"
MontiraY,Procurement Assistant System,3,Procurement Officer,All,"90900501"
Nan-areeS,APP System,3,Procurement Officer,specific,"1011001"
Nan-areeS,APP System,3,Procurement Officer,specific,"1011003"
Nan-areeS,APP System,3,Procurement Officer,specific,"1011005"
Nan-areeS,APP System,3,Procurement Officer,specific,"1011011"
Nan-areeS,APP System,3,Procurement Officer,specific,"1011012"
Nan-areeS,APP System,3,Procurement Officer,specific,"1012002"
Nan-areeS,APP System,3,Procurement Officer,specific,"1014001"
Nan-areeS,APP System,3,Procurement Officer,specific,"1014002"
Nan-areeS,APP System,3,Procurement Officer,specific,"1014003"
Nan-areeS,APP System,3,Procurement Officer,specific,"1014005"
Nan-areeS,APP System,3,Procurement Officer,specific,"1014008"
Nan-areeS,APP System,3,Procurement Officer,specific,"2021001"
Nan-areeS,APP System,3,Procurement Officer,specific,"2021005"
Nan-areeS,APP System,3,Procurement Officer,specific,"2022001"
Nan-areeS,APP System,3,Procurement Officer,specific,"2022005"
Nan-areeS,APP System,3,Procurement Officer,specific,"2023001"
Nan-areeS,APP System,3,Procurement Officer,specific,"2023005"
Nan-areeS,APP System,3,Procurement Officer,specific,"2024001"
Nan-areeS,APP System,3,Procurement Officer,specific,"2024005"
Nan-areeS,APP System,3,Procurement Officer,specific,"2025001"
Nan-areeS,APP System,3,Procurement Officer,specific,"2025005"
Nan-areeS,APP System,3,Procurement Officer,specific,"3036001"
Nan-areeS,Procurement Assistant System,3,Procurement Officer,All,"11011001"
Nan-areeS,Procurement Assistant System,3,Procurement Officer,All,"11011003"
Nan-areeS,Procurement Assistant System,3,Procurement Officer,All,"11011005"
Nan-areeS,Procurement Assistant System,3,Procurement Officer,All,"11011007"
Nan-areeS,Procurement Assistant System,3,Procurement Officer,All,"11012001"
Nan-areeS,Procurement Assistant System,3,Procurement Officer,All,"11012002"
Nan-areeS,Procurement Assistant System,3,Procurement Officer,All,"11013001"
Nan-areeS,Procurement Assistant System,3,Procurement Officer,All,"11013003"
Nan-areeS,Procurement Assistant System,3,Procurement Officer,All,"11013005"
Nan-areeS,Procurement Assistant System,3,Procurement Officer,All,"11013007"
Nan-areeS,Procurement Assistant System,3,Procurement Officer,All,"11014001"
Nan-areeS,Procurement Assistant System,3,Procurement Officer,All,"11014005"
Nan-areeS,Procurement Assistant System,3,Procurement Officer,All,"21011001"
Nan-areeS,Procurement Assistant System,3,Procurement Officer,All,"21011003"
Nan-areeS,Procurement Assistant System,3,Procurement Officer,All,"21011005"
Nan-areeS,Procurement Assistant System,3,Procurement Officer,All,"21012002"
Nan-areeS,Procurement Assistant System,3,Procurement Officer,All,"21012011"
Nan-areeS,Procurement Assistant System,3,Procurement Officer,All,"21012012"
Nan-areeS,Procurement Assistant System,3,Procurement Officer,All,"21014001"
Nan-areeS,Procurement Assistant System,3,Procurement Officer,All,"21014002"
Nan-areeS,Procurement Assistant System,3,Procurement Officer,All,"21014003"
Nan-areeS,Procurement Assistant System,3,Procurement Officer,All,"21014005"
Nan-areeS,Procurement Assistant System,3,Procurement Officer,All,"21014008"
Nan-areeS,Procurement Assistant System,3,Procurement Officer,All,"22021001"
Nan-areeS,Procurement Assistant System,3,Procurement Officer,All,"22021005"
Nan-areeS,Procurement Assistant System,3,Procurement Officer,All,"22022001"
Nan-areeS,Procurement Assistant System,3,Procurement Officer,All,"22022005"
Nan-areeS,Procurement Assistant System,3,Procurement Officer,All,"22023001"
Nan-areeS,Procurement Assistant System,3,Procurement Officer,All,"22023005"
Nan-areeS,Procurement Assistant System,3,Procurement Officer,All,"22024001"
Nan-areeS,Procurement Assistant System,3,Procurement Officer,All,"22024005"
Nan-areeS,Procurement Assistant System,3,Procurement Officer,All,"22025001"
Nan-areeS,Procurement Assistant System,3,Procurement Officer,All,"22025005"
Nan-areeS,Procurement Assistant System,3,Procurement Officer,All,"30100101"
Nan-areeS,Procurement Assistant System,3,Procurement Officer,All,"30100202"
Nan-areeS,Procurement Assistant System,3,Procurement Officer,All,"30200202"
Nan-areeS,Procurement Assistant System,3,Procurement Officer,All,"30300301"
Nan-areeS,Procurement Assistant System,3,Procurement Officer,All,"30300303"
Nan-areeS,Procurement Assistant System,3,Procurement Officer,All,"30300304"
Nan-areeS,Procurement Assistant System,3,Procurement Officer,All,"30300305"
Nan-areeS,Procurement Assistant System,3,Procurement Officer,All,"30300508"
Nan-areeS,Procurement Assistant System,3,Procurement Officer,All,"30300509"
Nan-areeS,Procurement Assistant System,3,Procurement Officer,All,"30300701"
Nan-areeS,Procurement Assistant System,3,Procurement Officer,All,"30400403"
Nan-areeS,Procurement Assistant System,3,Procurement Officer,All,"30400406"
Nan-areeS,Procurement Assistant System,3,Procurement Officer,All,"30400407"
Nan-areeS,Procurement Assistant System,3,Procurement Officer,All,"30400508"
Nan-areeS,Procurement Assistant System,3,Procurement Officer,All,"30400509"
Nan-areeS,Procurement Assistant System,3,Procurement Officer,All,"30400701"
Nan-areeS,Procurement Assistant System,3,Procurement Officer,All,"30400702"
Nan-areeS,Procurement Assistant System,3,Procurement Officer,All,"30400703"
Nan-areeS,Procurement Assistant System,3,Procurement Officer,All,"30400704"
Nan-areeS,Procurement Assistant System,3,Procurement Officer,All,"30500601"
Nan-areeS,Procurement Assistant System,3,Procurement Officer,All,"30500603"
Nan-areeS,Procurement Assistant System,3,Procurement Officer,All,"30600101"
Nan-areeS,Procurement Assistant System,3,Procurement Officer,All,"90900501"
Nan-areeS,Reference Price System,2,Role Supply Chain,Admin,"101101"
Nan-areeS,Reference Price System,2,Role Supply Chain,Admin,"101103"
NathavatS,APP System,3,Procurement Officer,specific,"1011001"
NathavatS,APP System,3,Procurement Officer,specific,"1011003"
NathavatS,APP System,3,Procurement Officer,specific,"1011005"
NathavatS,APP System,3,Procurement Officer,specific,"1011011"
NathavatS,APP System,3,Procurement Officer,specific,"1011012"
NathavatS,APP System,3,Procurement Officer,specific,"1012002"
NathavatS,APP System,3,Procurement Officer,specific,"1014001"
NathavatS,APP System,3,Procurement Officer,specific,"1014002"
NathavatS,APP System,3,Procurement Officer,specific,"1014003"
NathavatS,APP System,3,Procurement Officer,specific,"1014005"
NathavatS,APP System,3,Procurement Officer,specific,"1014008"
NathavatS,APP System,3,Procurement Officer,specific,"2021001"
NathavatS,APP System,3,Procurement Officer,specific,"2021005"
NathavatS,APP System,3,Procurement Officer,specific,"2022001"
NathavatS,APP System,3,Procurement Officer,specific,"2022005"
NathavatS,APP System,3,Procurement Officer,specific,"2023001"
NathavatS,APP System,3,Procurement Officer,specific,"2023005"
NathavatS,APP System,3,Procurement Officer,specific,"2024001"
NathavatS,APP System,3,Procurement Officer,specific,"2024005"
NathavatS,APP System,3,Procurement Officer,specific,"2025001"
NathavatS,APP System,3,Procurement Officer,specific,"2025005"
NathavatS,APP System,3,Procurement Officer,specific,"3036001"
NathavatS,APP System,9,Focal Point_PSC Report,all,"1011001"
NathavatS,APP System,9,Focal Point_PSC Report,all,"1011003"
NathavatS,APP System,9,Focal Point_PSC Report,all,"1011005"
NathavatS,APP System,9,Focal Point_PSC Report,all,"1011011"
NathavatS,APP System,9,Focal Point_PSC Report,all,"1011012"
NathavatS,APP System,9,Focal Point_PSC Report,all,"1014001"
NathavatS,APP System,9,Focal Point_PSC Report,all,"1014005"
NathavatS,APP System,9,Focal Point_PSC Report,all,"2021001"
NathavatS,APP System,9,Focal Point_PSC Report,all,"2021005"
NathavatS,APP System,9,Focal Point_PSC Report,all,"2022001"
NathavatS,APP System,9,Focal Point_PSC Report,all,"2022005"
NathavatS,APP System,9,Focal Point_PSC Report,all,"2023001"
NathavatS,APP System,9,Focal Point_PSC Report,all,"2023005"
NathavatS,APP System,9,Focal Point_PSC Report,all,"2024001"
NathavatS,APP System,9,Focal Point_PSC Report,all,"2024005"
NathavatS,APP System,9,Focal Point_PSC Report,all,"2025001"
NathavatS,APP System,9,Focal Point_PSC Report,all,"2025005"
NathavatS,APP System,9,Focal Point_PSC Report,all,"3035001"
NathavatS,APP System,9,Focal Point_PSC Report,all,"3036001"
NathavatS,Procurement Assistant System,3,Procurement Officer,All,"11011001"
NathavatS,Procurement Assistant System,3,Procurement Officer,All,"11011003"
NathavatS,Procurement Assistant System,3,Procurement Officer,All,"11011005"
NathavatS,Procurement Assistant System,3,Procurement Officer,All,"11011007"
NathavatS,Procurement Assistant System,3,Procurement Officer,All,"11012001"
NathavatS,Procurement Assistant System,3,Procurement Officer,All,"11012002"
NathavatS,Procurement Assistant System,3,Procurement Officer,All,"11013001"
NathavatS,Procurement Assistant System,3,Procurement Officer,All,"11013003"
NathavatS,Procurement Assistant System,3,Procurement Officer,All,"11013005"
NathavatS,Procurement Assistant System,3,Procurement Officer,All,"11013007"
NathavatS,Procurement Assistant System,3,Procurement Officer,All,"11014001"
NathavatS,Procurement Assistant System,3,Procurement Officer,All,"11014005"
NathavatS,Procurement Assistant System,3,Procurement Officer,All,"21011001"
NathavatS,Procurement Assistant System,3,Procurement Officer,All,"21011003"
NathavatS,Procurement Assistant System,3,Procurement Officer,All,"21011005"
NathavatS,Procurement Assistant System,3,Procurement Officer,All,"21012002"
NathavatS,Procurement Assistant System,3,Procurement Officer,All,"21012011"
NathavatS,Procurement Assistant System,3,Procurement Officer,All,"21012012"
NathavatS,Procurement Assistant System,3,Procurement Officer,All,"21014001"
NathavatS,Procurement Assistant System,3,Procurement Officer,All,"21014002"
NathavatS,Procurement Assistant System,3,Procurement Officer,All,"21014003"
NathavatS,Procurement Assistant System,3,Procurement Officer,All,"21014005"
NathavatS,Procurement Assistant System,3,Procurement Officer,All,"21014008"
NathavatS,Procurement Assistant System,3,Procurement Officer,All,"22021001"
NathavatS,Procurement Assistant System,3,Procurement Officer,All,"22021005"
NathavatS,Procurement Assistant System,3,Procurement Officer,All,"22022001"
NathavatS,Procurement Assistant System,3,Procurement Officer,All,"22022005"
NathavatS,Procurement Assistant System,3,Procurement Officer,All,"22023001"
NathavatS,Procurement Assistant System,3,Procurement Officer,All,"22023005"
NathavatS,Procurement Assistant System,3,Procurement Officer,All,"22024001"
NathavatS,Procurement Assistant System,3,Procurement Officer,All,"22024005"
NathavatS,Procurement Assistant System,3,Procurement Officer,All,"22025001"
NathavatS,Procurement Assistant System,3,Procurement Officer,All,"22025005"
NathavatS,Procurement Assistant System,3,Procurement Officer,All,"30100101"
NathavatS,Procurement Assistant System,3,Procurement Officer,All,"30100202"
NathavatS,Procurement Assistant System,3,Procurement Officer,All,"30200202"
NathavatS,Procurement Assistant System,3,Procurement Officer,All,"30300301"
NathavatS,Procurement Assistant System,3,Procurement Officer,All,"30300303"
NathavatS,Procurement Assistant System,3,Procurement Officer,All,"30300304"
NathavatS,Procurement Assistant System,3,Procurement Officer,All,"30300305"
NathavatS,Procurement Assistant System,3,Procurement Officer,All,"30300508"
NathavatS,Procurement Assistant System,3,Procurement Officer,All,"30300509"
NathavatS,Procurement Assistant System,3,Procurement Officer,All,"30300701"
NathavatS,Procurement Assistant System,3,Procurement Officer,All,"30400403"
NathavatS,Procurement Assistant System,3,Procurement Officer,All,"30400406"
NathavatS,Procurement Assistant System,3,Procurement Officer,All,"30400407"
NathavatS,Procurement Assistant System,3,Procurement Officer,All,"30400508"
NathavatS,Procurement Assistant System,3,Procurement Officer,All,"30400509"
NathavatS,Procurement Assistant System,3,Procurement Officer,All,"30400701"
NathavatS,Procurement Assistant System,3,Procurement Officer,All,"30400702"
NathavatS,Procurement Assistant System,3,Procurement Officer,All,"30400703"
NathavatS,Procurement Assistant System,3,Procurement Officer,All,"30400704"
NathavatS,Procurement Assistant System,3,Procurement Officer,All,"30500601"
NathavatS,Procurement Assistant System,3,Procurement Officer,All,"30500603"
NathavatS,Procurement Assistant System,3,Procurement Officer,All,"30600101"
NathavatS,Procurement Assistant System,3,Procurement Officer,All,"90900501"
NatK,APP System,2,Management,all,"1011001"
NatK,APP System,2,Management,all,"1011005"
NatK,APP System,2,Management,all,"1014001"
NatK,APP System,2,Management,all,"1014005"
NatK,APP System,2,Management,all,"2021001"
NatK,APP System,2,Management,all,"2021005"
NatK,APP System,2,Management,all,"2022001"
NatK,APP System,2,Management,all,"2022005"
NatK,APP System,2,Management,all,"2023001"
NatK,APP System,2,Management,all,"2023005"
NatK,APP System,2,Management,all,"2024001"
NatK,APP System,2,Management,all,"2024005"
NatK,APP System,2,Management,all,"2025001"
NatK,APP System,2,Management,all,"2025005"
NatK,APP System,2,Management,all,"3036001"
NatK,Reference Price System,2,Role Supply Chain,Admin,"101101"
NatK,Reference Price System,2,Role Supply Chain,Admin,"101103"
NattayaL,APP System,3,Procurement Officer,specific,"1011001"
NattayaL,APP System,3,Procurement Officer,specific,"1011003"
NattayaL,APP System,3,Procurement Officer,specific,"1011005"
NattayaL,APP System,3,Procurement Officer,specific,"1011011"
NattayaL,APP System,3,Procurement Officer,specific,"1011012"
NattayaL,APP System,3,Procurement Officer,specific,"1012002"
NattayaL,APP System,3,Procurement Officer,specific,"1014001"
NattayaL,APP System,3,Procurement Officer,specific,"1014002"
NattayaL,APP System,3,Procurement Officer,specific,"1014003"
NattayaL,APP System,3,Procurement Officer,specific,"1014005"
NattayaL,APP System,3,Procurement Officer,specific,"1014008"
NattayaL,APP System,3,Procurement Officer,specific,"2021001"
NattayaL,APP System,3,Procurement Officer,specific,"2021005"
NattayaL,APP System,3,Procurement Officer,specific,"2022001"
NattayaL,APP System,3,Procurement Officer,specific,"2022005"
NattayaL,APP System,3,Procurement Officer,specific,"2023001"
NattayaL,APP System,3,Procurement Officer,specific,"2023005"
NattayaL,APP System,3,Procurement Officer,specific,"2024001"
NattayaL,APP System,3,Procurement Officer,specific,"2024005"
NattayaL,APP System,3,Procurement Officer,specific,"2025001"
NattayaL,APP System,3,Procurement Officer,specific,"2025005"
NattayaL,APP System,3,Procurement Officer,specific,"3036001"
NattayaL,Procurement Assistant System,3,Procurement Officer,All,"11011001"
NattayaL,Procurement Assistant System,3,Procurement Officer,All,"11011003"
NattayaL,Procurement Assistant System,3,Procurement Officer,All,"11011005"
NattayaL,Procurement Assistant System,3,Procurement Officer,All,"11011007"
NattayaL,Procurement Assistant System,3,Procurement Officer,All,"11012001"
NattayaL,Procurement Assistant System,3,Procurement Officer,All,"11012002"
NattayaL,Procurement Assistant System,3,Procurement Officer,All,"11013001"
NattayaL,Procurement Assistant System,3,Procurement Officer,All,"11013003"
NattayaL,Procurement Assistant System,3,Procurement Officer,All,"11013005"
NattayaL,Procurement Assistant System,3,Procurement Officer,All,"11013007"
NattayaL,Procurement Assistant System,3,Procurement Officer,All,"11014001"
NattayaL,Procurement Assistant System,3,Procurement Officer,All,"11014005"
NattayaL,Procurement Assistant System,3,Procurement Officer,All,"21011001"
NattayaL,Procurement Assistant System,3,Procurement Officer,All,"21011003"
NattayaL,Procurement Assistant System,3,Procurement Officer,All,"21011005"
NattayaL,Procurement Assistant System,3,Procurement Officer,All,"21012002"
NattayaL,Procurement Assistant System,3,Procurement Officer,All,"21012011"
NattayaL,Procurement Assistant System,3,Procurement Officer,All,"21012012"
NattayaL,Procurement Assistant System,3,Procurement Officer,All,"21014001"
NattayaL,Procurement Assistant System,3,Procurement Officer,All,"21014002"
NattayaL,Procurement Assistant System,3,Procurement Officer,All,"21014003"
NattayaL,Procurement Assistant System,3,Procurement Officer,All,"21014005"
NattayaL,Procurement Assistant System,3,Procurement Officer,All,"21014008"
NattayaL,Procurement Assistant System,3,Procurement Officer,All,"22021001"
NattayaL,Procurement Assistant System,3,Procurement Officer,All,"22021005"
NattayaL,Procurement Assistant System,3,Procurement Officer,All,"22022001"
NattayaL,Procurement Assistant System,3,Procurement Officer,All,"22022005"
NattayaL,Procurement Assistant System,3,Procurement Officer,All,"22023001"
NattayaL,Procurement Assistant System,3,Procurement Officer,All,"22023005"
NattayaL,Procurement Assistant System,3,Procurement Officer,All,"22024001"
NattayaL,Procurement Assistant System,3,Procurement Officer,All,"22024005"
NattayaL,Procurement Assistant System,3,Procurement Officer,All,"22025001"
NattayaL,Procurement Assistant System,3,Procurement Officer,All,"22025005"
NattayaL,Procurement Assistant System,3,Procurement Officer,All,"30100101"
NattayaL,Procurement Assistant System,3,Procurement Officer,All,"30100202"
NattayaL,Procurement Assistant System,3,Procurement Officer,All,"30200202"
NattayaL,Procurement Assistant System,3,Procurement Officer,All,"30300301"
NattayaL,Procurement Assistant System,3,Procurement Officer,All,"30300303"
NattayaL,Procurement Assistant System,3,Procurement Officer,All,"30300304"
NattayaL,Procurement Assistant System,3,Procurement Officer,All,"30300305"
NattayaL,Procurement Assistant System,3,Procurement Officer,All,"30300508"
NattayaL,Procurement Assistant System,3,Procurement Officer,All,"30300509"
NattayaL,Procurement Assistant System,3,Procurement Officer,All,"30300701"
NattayaL,Procurement Assistant System,3,Procurement Officer,All,"30400403"
NattayaL,Procurement Assistant System,3,Procurement Officer,All,"30400406"
NattayaL,Procurement Assistant System,3,Procurement Officer,All,"30400407"
NattayaL,Procurement Assistant System,3,Procurement Officer,All,"30400508"
NattayaL,Procurement Assistant System,3,Procurement Officer,All,"30400509"
NattayaL,Procurement Assistant System,3,Procurement Officer,All,"30400701"
NattayaL,Procurement Assistant System,3,Procurement Officer,All,"30400702"
NattayaL,Procurement Assistant System,3,Procurement Officer,All,"30400703"
NattayaL,Procurement Assistant System,3,Procurement Officer,All,"30400704"
NattayaL,Procurement Assistant System,3,Procurement Officer,All,"30500601"
NattayaL,Procurement Assistant System,3,Procurement Officer,All,"30500603"
NattayaL,Procurement Assistant System,3,Procurement Officer,All,"30600101"
NattayaL,Procurement Assistant System,3,Procurement Officer,All,"90900501"
NattayaL,Reference Price System,2,Role Supply Chain,Admin,"101101"
NattayaL,Reference Price System,2,Role Supply Chain,Admin,"101103"
NatthaponO,APP System,7,Management relate org,specific,"1011001"
NatthaponO,APP System,7,Management relate org,specific,"1011005"
NatthaponO,APP System,7,Management relate org,specific,"1014001"
NatthaponO,APP System,7,Management relate org,specific,"1014005"
NatthaponO,APP System,7,Management relate org,specific,"2021001"
NatthaponO,APP System,7,Management relate org,specific,"2021005"
NatthaponO,APP System,7,Management relate org,specific,"2022001"
NatthaponO,APP System,7,Management relate org,specific,"2022005"
NatthaponO,APP System,7,Management relate org,specific,"2023001"
NatthaponO,APP System,7,Management relate org,specific,"2023005"
NatthaponO,APP System,7,Management relate org,specific,"2024001"
NatthaponO,APP System,7,Management relate org,specific,"2024005"
NatthaponO,APP System,7,Management relate org,specific,"2025001"
NatthaponO,APP System,7,Management relate org,specific,"2025005"
NatthaponO,Procurement Assistant System,4,Procurement Manager,Specific,"30100101"
NatthaponO,Procurement Assistant System,4,Procurement Manager,Specific,"30300301"
NatthaponO,Procurement Assistant System,4,Procurement Manager,Specific,"30300509"
NatthaponO,Procurement Assistant System,4,Procurement Manager,Specific,"30400509"
NatthaponO,Procurement Assistant System,4,Procurement Manager,Specific,"30500601"
NatthaponO,Procurement Assistant System,4,Procurement Manager,Specific,"30600101"
NerisaL,APP System,3,Procurement Officer,specific,"1011001"
NerisaL,APP System,3,Procurement Officer,specific,"1011003"
NerisaL,APP System,3,Procurement Officer,specific,"1011005"
NerisaL,APP System,3,Procurement Officer,specific,"1011011"
NerisaL,APP System,3,Procurement Officer,specific,"1011012"
NerisaL,APP System,3,Procurement Officer,specific,"1012002"
NerisaL,APP System,3,Procurement Officer,specific,"1014001"
NerisaL,APP System,3,Procurement Officer,specific,"1014002"
NerisaL,APP System,3,Procurement Officer,specific,"1014003"
NerisaL,APP System,3,Procurement Officer,specific,"1014005"
NerisaL,APP System,3,Procurement Officer,specific,"1014008"
NerisaL,APP System,3,Procurement Officer,specific,"2021001"
NerisaL,APP System,3,Procurement Officer,specific,"2021005"
NerisaL,APP System,3,Procurement Officer,specific,"2022001"
NerisaL,APP System,3,Procurement Officer,specific,"2022005"
NerisaL,APP System,3,Procurement Officer,specific,"2023001"
NerisaL,APP System,3,Procurement Officer,specific,"2023005"
NerisaL,APP System,3,Procurement Officer,specific,"2024001"
NerisaL,APP System,3,Procurement Officer,specific,"2024005"
NerisaL,APP System,3,Procurement Officer,specific,"2025001"
NerisaL,APP System,3,Procurement Officer,specific,"2025005"
NerisaL,APP System,3,Procurement Officer,specific,"3036001"
NerisaL,Procurement Assistant System,3,Procurement Officer,All,"11011001"
NerisaL,Procurement Assistant System,3,Procurement Officer,All,"11011003"
NerisaL,Procurement Assistant System,3,Procurement Officer,All,"11011005"
NerisaL,Procurement Assistant System,3,Procurement Officer,All,"11011007"
NerisaL,Procurement Assistant System,3,Procurement Officer,All,"11012001"
NerisaL,Procurement Assistant System,3,Procurement Officer,All,"11012002"
NerisaL,Procurement Assistant System,3,Procurement Officer,All,"11013001"
NerisaL,Procurement Assistant System,3,Procurement Officer,All,"11013003"
NerisaL,Procurement Assistant System,3,Procurement Officer,All,"11013005"
NerisaL,Procurement Assistant System,3,Procurement Officer,All,"11013007"
NerisaL,Procurement Assistant System,3,Procurement Officer,All,"11014001"
NerisaL,Procurement Assistant System,3,Procurement Officer,All,"11014005"
NerisaL,Procurement Assistant System,3,Procurement Officer,All,"21011001"
NerisaL,Procurement Assistant System,3,Procurement Officer,All,"21011003"
NerisaL,Procurement Assistant System,3,Procurement Officer,All,"21011005"
NerisaL,Procurement Assistant System,3,Procurement Officer,All,"21012002"
NerisaL,Procurement Assistant System,3,Procurement Officer,All,"21012011"
NerisaL,Procurement Assistant System,3,Procurement Officer,All,"21012012"
NerisaL,Procurement Assistant System,3,Procurement Officer,All,"21014001"
NerisaL,Procurement Assistant System,3,Procurement Officer,All,"21014002"
NerisaL,Procurement Assistant System,3,Procurement Officer,All,"21014003"
NerisaL,Procurement Assistant System,3,Procurement Officer,All,"21014005"
NerisaL,Procurement Assistant System,3,Procurement Officer,All,"21014008"
NerisaL,Procurement Assistant System,3,Procurement Officer,All,"22021001"
NerisaL,Procurement Assistant System,3,Procurement Officer,All,"22021005"
NerisaL,Procurement Assistant System,3,Procurement Officer,All,"22022001"
NerisaL,Procurement Assistant System,3,Procurement Officer,All,"22022005"
NerisaL,Procurement Assistant System,3,Procurement Officer,All,"22023001"
NerisaL,Procurement Assistant System,3,Procurement Officer,All,"22023005"
NerisaL,Procurement Assistant System,3,Procurement Officer,All,"22024001"
NerisaL,Procurement Assistant System,3,Procurement Officer,All,"22024005"
NerisaL,Procurement Assistant System,3,Procurement Officer,All,"22025001"
NerisaL,Procurement Assistant System,3,Procurement Officer,All,"22025005"
NerisaL,Procurement Assistant System,3,Procurement Officer,All,"30100101"
NerisaL,Procurement Assistant System,3,Procurement Officer,All,"30100202"
NerisaL,Procurement Assistant System,3,Procurement Officer,All,"30200202"
NerisaL,Procurement Assistant System,3,Procurement Officer,All,"30300301"
NerisaL,Procurement Assistant System,3,Procurement Officer,All,"30300303"
NerisaL,Procurement Assistant System,3,Procurement Officer,All,"30300304"
NerisaL,Procurement Assistant System,3,Procurement Officer,All,"30300305"
NerisaL,Procurement Assistant System,3,Procurement Officer,All,"30300508"
NerisaL,Procurement Assistant System,3,Procurement Officer,All,"30300509"
NerisaL,Procurement Assistant System,3,Procurement Officer,All,"30300701"
NerisaL,Procurement Assistant System,3,Procurement Officer,All,"30400403"
NerisaL,Procurement Assistant System,3,Procurement Officer,All,"30400406"
NerisaL,Procurement Assistant System,3,Procurement Officer,All,"30400407"
NerisaL,Procurement Assistant System,3,Procurement Officer,All,"30400508"
NerisaL,Procurement Assistant System,3,Procurement Officer,All,"30400509"
NerisaL,Procurement Assistant System,3,Procurement Officer,All,"30400701"
NerisaL,Procurement Assistant System,3,Procurement Officer,All,"30400702"
NerisaL,Procurement Assistant System,3,Procurement Officer,All,"30400703"
NerisaL,Procurement Assistant System,3,Procurement Officer,All,"30400704"
NerisaL,Procurement Assistant System,3,Procurement Officer,All,"30500601"
NerisaL,Procurement Assistant System,3,Procurement Officer,All,"30500603"
NerisaL,Procurement Assistant System,3,Procurement Officer,All,"30600101"
NerisaL,Procurement Assistant System,3,Procurement Officer,All,"90900501"
NikornvitT,APP System,3,Procurement Officer,specific,"1011001"
NikornvitT,APP System,3,Procurement Officer,specific,"1011003"
NikornvitT,APP System,3,Procurement Officer,specific,"1011005"
NikornvitT,APP System,3,Procurement Officer,specific,"1011011"
NikornvitT,APP System,3,Procurement Officer,specific,"1011012"
NikornvitT,APP System,3,Procurement Officer,specific,"1012002"
NikornvitT,APP System,3,Procurement Officer,specific,"1014001"
NikornvitT,APP System,3,Procurement Officer,specific,"1014002"
NikornvitT,APP System,3,Procurement Officer,specific,"1014003"
NikornvitT,APP System,3,Procurement Officer,specific,"1014005"
NikornvitT,APP System,3,Procurement Officer,specific,"1014008"
NikornvitT,APP System,3,Procurement Officer,specific,"2021001"
NikornvitT,APP System,3,Procurement Officer,specific,"2021005"
NikornvitT,APP System,3,Procurement Officer,specific,"2022001"
NikornvitT,APP System,3,Procurement Officer,specific,"2022005"
NikornvitT,APP System,3,Procurement Officer,specific,"2023001"
NikornvitT,APP System,3,Procurement Officer,specific,"2023005"
NikornvitT,APP System,3,Procurement Officer,specific,"2024001"
NikornvitT,APP System,3,Procurement Officer,specific,"2024005"
NikornvitT,APP System,3,Procurement Officer,specific,"2025001"
NikornvitT,APP System,3,Procurement Officer,specific,"2025005"
NikornvitT,APP System,3,Procurement Officer,specific,"3036001"
NikornvitT,Procurement Assistant System,3,Procurement Officer,All,"11011001"
NikornvitT,Procurement Assistant System,3,Procurement Officer,All,"11011003"
NikornvitT,Procurement Assistant System,3,Procurement Officer,All,"11011005"
NikornvitT,Procurement Assistant System,3,Procurement Officer,All,"11011007"
NikornvitT,Procurement Assistant System,3,Procurement Officer,All,"11012001"
NikornvitT,Procurement Assistant System,3,Procurement Officer,All,"11012002"
NikornvitT,Procurement Assistant System,3,Procurement Officer,All,"11013001"
NikornvitT,Procurement Assistant System,3,Procurement Officer,All,"11013003"
NikornvitT,Procurement Assistant System,3,Procurement Officer,All,"11013005"
NikornvitT,Procurement Assistant System,3,Procurement Officer,All,"11013007"
NikornvitT,Procurement Assistant System,3,Procurement Officer,All,"11014001"
NikornvitT,Procurement Assistant System,3,Procurement Officer,All,"11014005"
NikornvitT,Procurement Assistant System,3,Procurement Officer,All,"21011001"
NikornvitT,Procurement Assistant System,3,Procurement Officer,All,"21011003"
NikornvitT,Procurement Assistant System,3,Procurement Officer,All,"21011005"
NikornvitT,Procurement Assistant System,3,Procurement Officer,All,"21012002"
NikornvitT,Procurement Assistant System,3,Procurement Officer,All,"21012011"
NikornvitT,Procurement Assistant System,3,Procurement Officer,All,"21012012"
NikornvitT,Procurement Assistant System,3,Procurement Officer,All,"21014001"
NikornvitT,Procurement Assistant System,3,Procurement Officer,All,"21014002"
NikornvitT,Procurement Assistant System,3,Procurement Officer,All,"21014003"
NikornvitT,Procurement Assistant System,3,Procurement Officer,All,"21014005"
NikornvitT,Procurement Assistant System,3,Procurement Officer,All,"21014008"
NikornvitT,Procurement Assistant System,3,Procurement Officer,All,"22021001"
NikornvitT,Procurement Assistant System,3,Procurement Officer,All,"22021005"
NikornvitT,Procurement Assistant System,3,Procurement Officer,All,"22022001"
NikornvitT,Procurement Assistant System,3,Procurement Officer,All,"22022005"
NikornvitT,Procurement Assistant System,3,Procurement Officer,All,"22023001"
NikornvitT,Procurement Assistant System,3,Procurement Officer,All,"22023005"
NikornvitT,Procurement Assistant System,3,Procurement Officer,All,"22024001"
NikornvitT,Procurement Assistant System,3,Procurement Officer,All,"22024005"
NikornvitT,Procurement Assistant System,3,Procurement Officer,All,"22025001"
NikornvitT,Procurement Assistant System,3,Procurement Officer,All,"22025005"
NikornvitT,Procurement Assistant System,3,Procurement Officer,All,"30100101"
NikornvitT,Procurement Assistant System,3,Procurement Officer,All,"30100202"
NikornvitT,Procurement Assistant System,3,Procurement Officer,All,"30200202"
NikornvitT,Procurement Assistant System,3,Procurement Officer,All,"30300301"
NikornvitT,Procurement Assistant System,3,Procurement Officer,All,"30300303"
NikornvitT,Procurement Assistant System,3,Procurement Officer,All,"30300304"
NikornvitT,Procurement Assistant System,3,Procurement Officer,All,"30300305"
NikornvitT,Procurement Assistant System,3,Procurement Officer,All,"30300508"
NikornvitT,Procurement Assistant System,3,Procurement Officer,All,"30300509"
NikornvitT,Procurement Assistant System,3,Procurement Officer,All,"30300701"
NikornvitT,Procurement Assistant System,3,Procurement Officer,All,"30400403"
NikornvitT,Procurement Assistant System,3,Procurement Officer,All,"30400406"
NikornvitT,Procurement Assistant System,3,Procurement Officer,All,"30400407"
NikornvitT,Procurement Assistant System,3,Procurement Officer,All,"30400508"
NikornvitT,Procurement Assistant System,3,Procurement Officer,All,"30400509"
NikornvitT,Procurement Assistant System,3,Procurement Officer,All,"30400701"
NikornvitT,Procurement Assistant System,3,Procurement Officer,All,"30400702"
NikornvitT,Procurement Assistant System,3,Procurement Officer,All,"30400703"
NikornvitT,Procurement Assistant System,3,Procurement Officer,All,"30400704"
NikornvitT,Procurement Assistant System,3,Procurement Officer,All,"30500601"
NikornvitT,Procurement Assistant System,3,Procurement Officer,All,"30500603"
NikornvitT,Procurement Assistant System,3,Procurement Officer,All,"30600101"
NikornvitT,Procurement Assistant System,3,Procurement Officer,All,"90900501"
NuanjitJ,APP System,2,Management,all,"1011001"
NuanjitJ,APP System,2,Management,all,"1011005"
NuanjitJ,APP System,2,Management,all,"1014001"
NuanjitJ,APP System,2,Management,all,"1014005"
NuanjitJ,APP System,2,Management,all,"2021001"
NuanjitJ,APP System,2,Management,all,"2021005"
NuanjitJ,APP System,2,Management,all,"2022001"
NuanjitJ,APP System,2,Management,all,"2022005"
NuanjitJ,APP System,2,Management,all,"2023001"
NuanjitJ,APP System,2,Management,all,"2023005"
NuanjitJ,APP System,2,Management,all,"2024001"
NuanjitJ,APP System,2,Management,all,"2024005"
NuanjitJ,APP System,2,Management,all,"2025001"
NuanjitJ,APP System,2,Management,all,"2025005"
NuanjitJ,APP System,2,Management,all,"3036001"
NuanjitJ,APP System,3,Procurement Officer,specific,"1011001"
NuanjitJ,APP System,3,Procurement Officer,specific,"1011003"
NuanjitJ,APP System,3,Procurement Officer,specific,"1011005"
NuanjitJ,APP System,3,Procurement Officer,specific,"1011011"
NuanjitJ,APP System,3,Procurement Officer,specific,"1011012"
NuanjitJ,APP System,3,Procurement Officer,specific,"1012002"
NuanjitJ,APP System,3,Procurement Officer,specific,"1014001"
NuanjitJ,APP System,3,Procurement Officer,specific,"1014002"
NuanjitJ,APP System,3,Procurement Officer,specific,"1014003"
NuanjitJ,APP System,3,Procurement Officer,specific,"1014005"
NuanjitJ,APP System,3,Procurement Officer,specific,"1014008"
NuanjitJ,APP System,3,Procurement Officer,specific,"2021001"
NuanjitJ,APP System,3,Procurement Officer,specific,"2021005"
NuanjitJ,APP System,3,Procurement Officer,specific,"2022001"
NuanjitJ,APP System,3,Procurement Officer,specific,"2022005"
NuanjitJ,APP System,3,Procurement Officer,specific,"2023001"
NuanjitJ,APP System,3,Procurement Officer,specific,"2023005"
NuanjitJ,APP System,3,Procurement Officer,specific,"2024001"
NuanjitJ,APP System,3,Procurement Officer,specific,"2024005"
NuanjitJ,APP System,3,Procurement Officer,specific,"2025001"
NuanjitJ,APP System,3,Procurement Officer,specific,"2025005"
NuanjitJ,APP System,3,Procurement Officer,specific,"3036001"
NuanjitJ,Procurement Assistant System,3,Procurement Officer,All,"11011001"
NuanjitJ,Procurement Assistant System,3,Procurement Officer,All,"11011003"
NuanjitJ,Procurement Assistant System,3,Procurement Officer,All,"11011005"
NuanjitJ,Procurement Assistant System,3,Procurement Officer,All,"11011007"
NuanjitJ,Procurement Assistant System,3,Procurement Officer,All,"11012001"
NuanjitJ,Procurement Assistant System,3,Procurement Officer,All,"11012002"
NuanjitJ,Procurement Assistant System,3,Procurement Officer,All,"11013001"
NuanjitJ,Procurement Assistant System,3,Procurement Officer,All,"11013003"
NuanjitJ,Procurement Assistant System,3,Procurement Officer,All,"11013005"
NuanjitJ,Procurement Assistant System,3,Procurement Officer,All,"11013007"
NuanjitJ,Procurement Assistant System,3,Procurement Officer,All,"11014001"
NuanjitJ,Procurement Assistant System,3,Procurement Officer,All,"11014005"
NuanjitJ,Procurement Assistant System,3,Procurement Officer,All,"21011001"
NuanjitJ,Procurement Assistant System,3,Procurement Officer,All,"21011003"
NuanjitJ,Procurement Assistant System,3,Procurement Officer,All,"21011005"
NuanjitJ,Procurement Assistant System,3,Procurement Officer,All,"21012002"
NuanjitJ,Procurement Assistant System,3,Procurement Officer,All,"21012011"
NuanjitJ,Procurement Assistant System,3,Procurement Officer,All,"21012012"
NuanjitJ,Procurement Assistant System,3,Procurement Officer,All,"21014001"
NuanjitJ,Procurement Assistant System,3,Procurement Officer,All,"21014002"
NuanjitJ,Procurement Assistant System,3,Procurement Officer,All,"21014003"
NuanjitJ,Procurement Assistant System,3,Procurement Officer,All,"21014005"
NuanjitJ,Procurement Assistant System,3,Procurement Officer,All,"21014008"
NuanjitJ,Procurement Assistant System,3,Procurement Officer,All,"22021001"
NuanjitJ,Procurement Assistant System,3,Procurement Officer,All,"22021005"
NuanjitJ,Procurement Assistant System,3,Procurement Officer,All,"22022001"
NuanjitJ,Procurement Assistant System,3,Procurement Officer,All,"22022005"
NuanjitJ,Procurement Assistant System,3,Procurement Officer,All,"22023001"
NuanjitJ,Procurement Assistant System,3,Procurement Officer,All,"22023005"
NuanjitJ,Procurement Assistant System,3,Procurement Officer,All,"22024001"
NuanjitJ,Procurement Assistant System,3,Procurement Officer,All,"22024005"
NuanjitJ,Procurement Assistant System,3,Procurement Officer,All,"22025001"
NuanjitJ,Procurement Assistant System,3,Procurement Officer,All,"22025005"
NuanjitJ,Procurement Assistant System,3,Procurement Officer,All,"30100101"
NuanjitJ,Procurement Assistant System,3,Procurement Officer,All,"30100202"
NuanjitJ,Procurement Assistant System,3,Procurement Officer,All,"30200202"
NuanjitJ,Procurement Assistant System,3,Procurement Officer,All,"30300301"
NuanjitJ,Procurement Assistant System,3,Procurement Officer,All,"30300303"
NuanjitJ,Procurement Assistant System,3,Procurement Officer,All,"30300304"
NuanjitJ,Procurement Assistant System,3,Procurement Officer,All,"30300305"
NuanjitJ,Procurement Assistant System,3,Procurement Officer,All,"30300508"
NuanjitJ,Procurement Assistant System,3,Procurement Officer,All,"30300509"
NuanjitJ,Procurement Assistant System,3,Procurement Officer,All,"30300701"
NuanjitJ,Procurement Assistant System,3,Procurement Officer,All,"30400403"
NuanjitJ,Procurement Assistant System,3,Procurement Officer,All,"30400406"
NuanjitJ,Procurement Assistant System,3,Procurement Officer,All,"30400407"
NuanjitJ,Procurement Assistant System,3,Procurement Officer,All,"30400508"
NuanjitJ,Procurement Assistant System,3,Procurement Officer,All,"30400509"
NuanjitJ,Procurement Assistant System,3,Procurement Officer,All,"30400701"
NuanjitJ,Procurement Assistant System,3,Procurement Officer,All,"30400702"
NuanjitJ,Procurement Assistant System,3,Procurement Officer,All,"30400703"
NuanjitJ,Procurement Assistant System,3,Procurement Officer,All,"30400704"
NuanjitJ,Procurement Assistant System,3,Procurement Officer,All,"30500601"
NuanjitJ,Procurement Assistant System,3,Procurement Officer,All,"30500603"
NuanjitJ,Procurement Assistant System,3,Procurement Officer,All,"30600101"
NuanjitJ,Procurement Assistant System,3,Procurement Officer,All,"90900501"
NunnapasT,APP System,3,Procurement Officer,specific,"1011001"
NunnapasT,APP System,3,Procurement Officer,specific,"1011003"
NunnapasT,APP System,3,Procurement Officer,specific,"1011005"
NunnapasT,APP System,3,Procurement Officer,specific,"1011011"
NunnapasT,APP System,3,Procurement Officer,specific,"1011012"
NunnapasT,APP System,3,Procurement Officer,specific,"1012002"
NunnapasT,APP System,3,Procurement Officer,specific,"1014001"
NunnapasT,APP System,3,Procurement Officer,specific,"1014002"
NunnapasT,APP System,3,Procurement Officer,specific,"1014003"
NunnapasT,APP System,3,Procurement Officer,specific,"1014005"
NunnapasT,APP System,3,Procurement Officer,specific,"1014008"
NunnapasT,APP System,3,Procurement Officer,specific,"2021001"
NunnapasT,APP System,3,Procurement Officer,specific,"2021005"
NunnapasT,APP System,3,Procurement Officer,specific,"2022001"
NunnapasT,APP System,3,Procurement Officer,specific,"2022005"
NunnapasT,APP System,3,Procurement Officer,specific,"2023001"
NunnapasT,APP System,3,Procurement Officer,specific,"2023005"
NunnapasT,APP System,3,Procurement Officer,specific,"2024001"
NunnapasT,APP System,3,Procurement Officer,specific,"2024005"
NunnapasT,APP System,3,Procurement Officer,specific,"2025001"
NunnapasT,APP System,3,Procurement Officer,specific,"2025005"
NunnapasT,APP System,3,Procurement Officer,specific,"3036001"
NunnapasT,Procurement Assistant System,3,Procurement Officer,All,"11011001"
NunnapasT,Procurement Assistant System,3,Procurement Officer,All,"11011003"
NunnapasT,Procurement Assistant System,3,Procurement Officer,All,"11011005"
NunnapasT,Procurement Assistant System,3,Procurement Officer,All,"11011007"
NunnapasT,Procurement Assistant System,3,Procurement Officer,All,"11012001"
NunnapasT,Procurement Assistant System,3,Procurement Officer,All,"11012002"
NunnapasT,Procurement Assistant System,3,Procurement Officer,All,"11013001"
NunnapasT,Procurement Assistant System,3,Procurement Officer,All,"11013003"
NunnapasT,Procurement Assistant System,3,Procurement Officer,All,"11013005"
NunnapasT,Procurement Assistant System,3,Procurement Officer,All,"11013007"
NunnapasT,Procurement Assistant System,3,Procurement Officer,All,"11014001"
NunnapasT,Procurement Assistant System,3,Procurement Officer,All,"11014005"
NunnapasT,Procurement Assistant System,3,Procurement Officer,All,"21011001"
NunnapasT,Procurement Assistant System,3,Procurement Officer,All,"21011003"
NunnapasT,Procurement Assistant System,3,Procurement Officer,All,"21011005"
NunnapasT,Procurement Assistant System,3,Procurement Officer,All,"21012002"
NunnapasT,Procurement Assistant System,3,Procurement Officer,All,"21012011"
NunnapasT,Procurement Assistant System,3,Procurement Officer,All,"21012012"
NunnapasT,Procurement Assistant System,3,Procurement Officer,All,"21014001"
NunnapasT,Procurement Assistant System,3,Procurement Officer,All,"21014002"
NunnapasT,Procurement Assistant System,3,Procurement Officer,All,"21014003"
NunnapasT,Procurement Assistant System,3,Procurement Officer,All,"21014005"
NunnapasT,Procurement Assistant System,3,Procurement Officer,All,"21014008"
NunnapasT,Procurement Assistant System,3,Procurement Officer,All,"22021001"
NunnapasT,Procurement Assistant System,3,Procurement Officer,All,"22021005"
NunnapasT,Procurement Assistant System,3,Procurement Officer,All,"22022001"
NunnapasT,Procurement Assistant System,3,Procurement Officer,All,"22022005"
NunnapasT,Procurement Assistant System,3,Procurement Officer,All,"22023001"
NunnapasT,Procurement Assistant System,3,Procurement Officer,All,"22023005"
NunnapasT,Procurement Assistant System,3,Procurement Officer,All,"22024001"
NunnapasT,Procurement Assistant System,3,Procurement Officer,All,"22024005"
NunnapasT,Procurement Assistant System,3,Procurement Officer,All,"22025001"
NunnapasT,Procurement Assistant System,3,Procurement Officer,All,"22025005"
NunnapasT,Procurement Assistant System,3,Procurement Officer,All,"30100101"
NunnapasT,Procurement Assistant System,3,Procurement Officer,All,"30100202"
NunnapasT,Procurement Assistant System,3,Procurement Officer,All,"30200202"
NunnapasT,Procurement Assistant System,3,Procurement Officer,All,"30300301"
NunnapasT,Procurement Assistant System,3,Procurement Officer,All,"30300303"
NunnapasT,Procurement Assistant System,3,Procurement Officer,All,"30300304"
NunnapasT,Procurement Assistant System,3,Procurement Officer,All,"30300305"
NunnapasT,Procurement Assistant System,3,Procurement Officer,All,"30300508"
NunnapasT,Procurement Assistant System,3,Procurement Officer,All,"30300509"
NunnapasT,Procurement Assistant System,3,Procurement Officer,All,"30300701"
NunnapasT,Procurement Assistant System,3,Procurement Officer,All,"30400403"
NunnapasT,Procurement Assistant System,3,Procurement Officer,All,"30400406"
NunnapasT,Procurement Assistant System,3,Procurement Officer,All,"30400407"
NunnapasT,Procurement Assistant System,3,Procurement Officer,All,"30400508"
NunnapasT,Procurement Assistant System,3,Procurement Officer,All,"30400509"
NunnapasT,Procurement Assistant System,3,Procurement Officer,All,"30400701"
NunnapasT,Procurement Assistant System,3,Procurement Officer,All,"30400702"
NunnapasT,Procurement Assistant System,3,Procurement Officer,All,"30400703"
NunnapasT,Procurement Assistant System,3,Procurement Officer,All,"30400704"
NunnapasT,Procurement Assistant System,3,Procurement Officer,All,"30500601"
NunnapasT,Procurement Assistant System,3,Procurement Officer,All,"30500603"
NunnapasT,Procurement Assistant System,3,Procurement Officer,All,"30600101"
NunnapasT,Procurement Assistant System,3,Procurement Officer,All,"90900501"
NuttaponP,APP System,7,Management relate org,specific,"1011001"
NuttaponP,APP System,7,Management relate org,specific,"1011005"
NuttaponP,APP System,7,Management relate org,specific,"1014001"
NuttaponP,APP System,7,Management relate org,specific,"1014005"
NuttaponP,APP System,7,Management relate org,specific,"2021001"
NuttaponP,APP System,7,Management relate org,specific,"2021005"
NuttaponP,APP System,7,Management relate org,specific,"2022001"
NuttaponP,APP System,7,Management relate org,specific,"2022005"
NuttaponP,APP System,7,Management relate org,specific,"2023001"
NuttaponP,APP System,7,Management relate org,specific,"2023005"
NuttaponP,APP System,7,Management relate org,specific,"2024001"
NuttaponP,APP System,7,Management relate org,specific,"2024005"
NuttaponP,APP System,7,Management relate org,specific,"2025001"
NuttaponP,APP System,7,Management relate org,specific,"2025005"
NuttaponP,Procurement Assistant System,4,Procurement Manager,Specific,"30100101"
NuttaponP,Procurement Assistant System,4,Procurement Manager,Specific,"30300301"
NuttaponP,Procurement Assistant System,4,Procurement Manager,Specific,"30300509"
NuttaponP,Procurement Assistant System,4,Procurement Manager,Specific,"30400509"
NuttaponP,Procurement Assistant System,4,Procurement Manager,Specific,"30500601"
NuttaponP,Procurement Assistant System,4,Procurement Manager,Specific,"30600101"
OraneeH,APP System,3,Procurement Officer,specific,"1011001"
OraneeH,APP System,3,Procurement Officer,specific,"1011003"
OraneeH,APP System,3,Procurement Officer,specific,"1011005"
OraneeH,APP System,3,Procurement Officer,specific,"1011011"
OraneeH,APP System,3,Procurement Officer,specific,"1011012"
OraneeH,APP System,3,Procurement Officer,specific,"1012002"
OraneeH,APP System,3,Procurement Officer,specific,"1014001"
OraneeH,APP System,3,Procurement Officer,specific,"1014002"
OraneeH,APP System,3,Procurement Officer,specific,"1014003"
OraneeH,APP System,3,Procurement Officer,specific,"1014005"
OraneeH,APP System,3,Procurement Officer,specific,"1014008"
OraneeH,APP System,3,Procurement Officer,specific,"2021001"
OraneeH,APP System,3,Procurement Officer,specific,"2021005"
OraneeH,APP System,3,Procurement Officer,specific,"2022001"
OraneeH,APP System,3,Procurement Officer,specific,"2022005"
OraneeH,APP System,3,Procurement Officer,specific,"2023001"
OraneeH,APP System,3,Procurement Officer,specific,"2023005"
OraneeH,APP System,3,Procurement Officer,specific,"2024001"
OraneeH,APP System,3,Procurement Officer,specific,"2024005"
OraneeH,APP System,3,Procurement Officer,specific,"2025001"
OraneeH,APP System,3,Procurement Officer,specific,"2025005"
OraneeH,APP System,3,Procurement Officer,specific,"3036001"
OraneeH,Procurement Assistant System,3,Procurement Officer,All,"11011001"
OraneeH,Procurement Assistant System,3,Procurement Officer,All,"11011003"
OraneeH,Procurement Assistant System,3,Procurement Officer,All,"11011005"
OraneeH,Procurement Assistant System,3,Procurement Officer,All,"11011007"
OraneeH,Procurement Assistant System,3,Procurement Officer,All,"11012001"
OraneeH,Procurement Assistant System,3,Procurement Officer,All,"11012002"
OraneeH,Procurement Assistant System,3,Procurement Officer,All,"11013001"
OraneeH,Procurement Assistant System,3,Procurement Officer,All,"11013003"
OraneeH,Procurement Assistant System,3,Procurement Officer,All,"11013005"
OraneeH,Procurement Assistant System,3,Procurement Officer,All,"11013007"
OraneeH,Procurement Assistant System,3,Procurement Officer,All,"11014001"
OraneeH,Procurement Assistant System,3,Procurement Officer,All,"11014005"
OraneeH,Procurement Assistant System,3,Procurement Officer,All,"21011001"
OraneeH,Procurement Assistant System,3,Procurement Officer,All,"21011003"
OraneeH,Procurement Assistant System,3,Procurement Officer,All,"21011005"
OraneeH,Procurement Assistant System,3,Procurement Officer,All,"21012002"
OraneeH,Procurement Assistant System,3,Procurement Officer,All,"21012011"
OraneeH,Procurement Assistant System,3,Procurement Officer,All,"21012012"
OraneeH,Procurement Assistant System,3,Procurement Officer,All,"21014001"
OraneeH,Procurement Assistant System,3,Procurement Officer,All,"21014002"
OraneeH,Procurement Assistant System,3,Procurement Officer,All,"21014003"
OraneeH,Procurement Assistant System,3,Procurement Officer,All,"21014005"
OraneeH,Procurement Assistant System,3,Procurement Officer,All,"21014008"
OraneeH,Procurement Assistant System,3,Procurement Officer,All,"22021001"
OraneeH,Procurement Assistant System,3,Procurement Officer,All,"22021005"
OraneeH,Procurement Assistant System,3,Procurement Officer,All,"22022001"
OraneeH,Procurement Assistant System,3,Procurement Officer,All,"22022005"
OraneeH,Procurement Assistant System,3,Procurement Officer,All,"22023001"
OraneeH,Procurement Assistant System,3,Procurement Officer,All,"22023005"
OraneeH,Procurement Assistant System,3,Procurement Officer,All,"22024001"
OraneeH,Procurement Assistant System,3,Procurement Officer,All,"22024005"
OraneeH,Procurement Assistant System,3,Procurement Officer,All,"22025001"
OraneeH,Procurement Assistant System,3,Procurement Officer,All,"22025005"
OraneeH,Procurement Assistant System,3,Procurement Officer,All,"30100101"
OraneeH,Procurement Assistant System,3,Procurement Officer,All,"30100202"
OraneeH,Procurement Assistant System,3,Procurement Officer,All,"30200202"
OraneeH,Procurement Assistant System,3,Procurement Officer,All,"30300301"
OraneeH,Procurement Assistant System,3,Procurement Officer,All,"30300303"
OraneeH,Procurement Assistant System,3,Procurement Officer,All,"30300304"
OraneeH,Procurement Assistant System,3,Procurement Officer,All,"30300305"
OraneeH,Procurement Assistant System,3,Procurement Officer,All,"30300508"
OraneeH,Procurement Assistant System,3,Procurement Officer,All,"30300509"
OraneeH,Procurement Assistant System,3,Procurement Officer,All,"30300701"
OraneeH,Procurement Assistant System,3,Procurement Officer,All,"30400403"
OraneeH,Procurement Assistant System,3,Procurement Officer,All,"30400406"
OraneeH,Procurement Assistant System,3,Procurement Officer,All,"30400407"
OraneeH,Procurement Assistant System,3,Procurement Officer,All,"30400508"
OraneeH,Procurement Assistant System,3,Procurement Officer,All,"30400509"
OraneeH,Procurement Assistant System,3,Procurement Officer,All,"30400701"
OraneeH,Procurement Assistant System,3,Procurement Officer,All,"30400702"
OraneeH,Procurement Assistant System,3,Procurement Officer,All,"30400703"
OraneeH,Procurement Assistant System,3,Procurement Officer,All,"30400704"
OraneeH,Procurement Assistant System,3,Procurement Officer,All,"30500601"
OraneeH,Procurement Assistant System,3,Procurement Officer,All,"30500603"
OraneeH,Procurement Assistant System,3,Procurement Officer,All,"30600101"
OraneeH,Procurement Assistant System,3,Procurement Officer,All,"90900501"
PachachitS,APP System,5,Asset,all,"1011001"
PachachitS,APP System,5,Asset,all,"1011005"
PachachitS,APP System,5,Asset,all,"1014001"
PachachitS,APP System,5,Asset,all,"1014002"
PachachitS,APP System,5,Asset,all,"1014003"
PachachitS,APP System,5,Asset,all,"1014005"
PachachitS,APP System,5,Asset,all,"1014007"
PachachitS,APP System,5,Asset,all,"1014008"
PachachitS,APP System,5,Asset,all,"2021001"
PachachitS,APP System,5,Asset,all,"2021005"
PachachitS,APP System,5,Asset,all,"2022001"
PachachitS,APP System,5,Asset,all,"2022005"
PachachitS,APP System,5,Asset,all,"2023001"
PachachitS,APP System,5,Asset,all,"2023005"
PachachitS,APP System,5,Asset,all,"2025001"
PachachitS,APP System,5,Asset,all,"2025005"
PachachitS,APP System,5,Asset,all,"3036001"
PanarinS,APP System,3,Procurement Officer,specific,"1011001"
PanarinS,APP System,3,Procurement Officer,specific,"1011003"
PanarinS,APP System,3,Procurement Officer,specific,"1011005"
PanarinS,APP System,3,Procurement Officer,specific,"1011011"
PanarinS,APP System,3,Procurement Officer,specific,"1011012"
PanarinS,APP System,3,Procurement Officer,specific,"1012002"
PanarinS,APP System,3,Procurement Officer,specific,"1014001"
PanarinS,APP System,3,Procurement Officer,specific,"1014002"
PanarinS,APP System,3,Procurement Officer,specific,"1014003"
PanarinS,APP System,3,Procurement Officer,specific,"1014005"
PanarinS,APP System,3,Procurement Officer,specific,"1014008"
PanarinS,APP System,3,Procurement Officer,specific,"2021001"
PanarinS,APP System,3,Procurement Officer,specific,"2021005"
PanarinS,APP System,3,Procurement Officer,specific,"2022001"
PanarinS,APP System,3,Procurement Officer,specific,"2022005"
PanarinS,APP System,3,Procurement Officer,specific,"2023001"
PanarinS,APP System,3,Procurement Officer,specific,"2023005"
PanarinS,APP System,3,Procurement Officer,specific,"2024001"
PanarinS,APP System,3,Procurement Officer,specific,"2024005"
PanarinS,APP System,3,Procurement Officer,specific,"2025001"
PanarinS,APP System,3,Procurement Officer,specific,"2025005"
PanarinS,APP System,3,Procurement Officer,specific,"3036001"
PanarinS,Procurement Assistant System,3,Procurement Officer,All,"11011001"
PanarinS,Procurement Assistant System,3,Procurement Officer,All,"11011003"
PanarinS,Procurement Assistant System,3,Procurement Officer,All,"11011005"
PanarinS,Procurement Assistant System,3,Procurement Officer,All,"11011007"
PanarinS,Procurement Assistant System,3,Procurement Officer,All,"11012001"
PanarinS,Procurement Assistant System,3,Procurement Officer,All,"11012002"
PanarinS,Procurement Assistant System,3,Procurement Officer,All,"11013001"
PanarinS,Procurement Assistant System,3,Procurement Officer,All,"11013003"
PanarinS,Procurement Assistant System,3,Procurement Officer,All,"11013005"
PanarinS,Procurement Assistant System,3,Procurement Officer,All,"11013007"
PanarinS,Procurement Assistant System,3,Procurement Officer,All,"11014001"
PanarinS,Procurement Assistant System,3,Procurement Officer,All,"11014005"
PanarinS,Procurement Assistant System,3,Procurement Officer,All,"21011001"
PanarinS,Procurement Assistant System,3,Procurement Officer,All,"21011003"
PanarinS,Procurement Assistant System,3,Procurement Officer,All,"21011005"
PanarinS,Procurement Assistant System,3,Procurement Officer,All,"21012002"
PanarinS,Procurement Assistant System,3,Procurement Officer,All,"21012011"
PanarinS,Procurement Assistant System,3,Procurement Officer,All,"21012012"
PanarinS,Procurement Assistant System,3,Procurement Officer,All,"21014001"
PanarinS,Procurement Assistant System,3,Procurement Officer,All,"21014002"
PanarinS,Procurement Assistant System,3,Procurement Officer,All,"21014003"
PanarinS,Procurement Assistant System,3,Procurement Officer,All,"21014005"
PanarinS,Procurement Assistant System,3,Procurement Officer,All,"21014008"
PanarinS,Procurement Assistant System,3,Procurement Officer,All,"22021001"
PanarinS,Procurement Assistant System,3,Procurement Officer,All,"22021005"
PanarinS,Procurement Assistant System,3,Procurement Officer,All,"22022001"
PanarinS,Procurement Assistant System,3,Procurement Officer,All,"22022005"
PanarinS,Procurement Assistant System,3,Procurement Officer,All,"22023001"
PanarinS,Procurement Assistant System,3,Procurement Officer,All,"22023005"
PanarinS,Procurement Assistant System,3,Procurement Officer,All,"22024001"
PanarinS,Procurement Assistant System,3,Procurement Officer,All,"22024005"
PanarinS,Procurement Assistant System,3,Procurement Officer,All,"22025001"
PanarinS,Procurement Assistant System,3,Procurement Officer,All,"22025005"
PanarinS,Procurement Assistant System,3,Procurement Officer,All,"30100101"
PanarinS,Procurement Assistant System,3,Procurement Officer,All,"30100202"
PanarinS,Procurement Assistant System,3,Procurement Officer,All,"30200202"
PanarinS,Procurement Assistant System,3,Procurement Officer,All,"30300301"
PanarinS,Procurement Assistant System,3,Procurement Officer,All,"30300303"
PanarinS,Procurement Assistant System,3,Procurement Officer,All,"30300304"
PanarinS,Procurement Assistant System,3,Procurement Officer,All,"30300305"
PanarinS,Procurement Assistant System,3,Procurement Officer,All,"30300508"
PanarinS,Procurement Assistant System,3,Procurement Officer,All,"30300509"
PanarinS,Procurement Assistant System,3,Procurement Officer,All,"30300701"
PanarinS,Procurement Assistant System,3,Procurement Officer,All,"30400403"
PanarinS,Procurement Assistant System,3,Procurement Officer,All,"30400406"
PanarinS,Procurement Assistant System,3,Procurement Officer,All,"30400407"
PanarinS,Procurement Assistant System,3,Procurement Officer,All,"30400508"
PanarinS,Procurement Assistant System,3,Procurement Officer,All,"30400509"
PanarinS,Procurement Assistant System,3,Procurement Officer,All,"30400701"
PanarinS,Procurement Assistant System,3,Procurement Officer,All,"30400702"
PanarinS,Procurement Assistant System,3,Procurement Officer,All,"30400703"
PanarinS,Procurement Assistant System,3,Procurement Officer,All,"30400704"
PanarinS,Procurement Assistant System,3,Procurement Officer,All,"30500601"
PanarinS,Procurement Assistant System,3,Procurement Officer,All,"30500603"
PanarinS,Procurement Assistant System,3,Procurement Officer,All,"30600101"
PanarinS,Procurement Assistant System,3,Procurement Officer,All,"90900501"
PaneetaA,APP System,2,Management,all,"1011001"
PaneetaA,APP System,2,Management,all,"1011005"
PaneetaA,APP System,2,Management,all,"1014001"
PaneetaA,APP System,2,Management,all,"1014005"
PaneetaA,APP System,2,Management,all,"2021001"
PaneetaA,APP System,2,Management,all,"2021005"
PaneetaA,APP System,2,Management,all,"2022001"
PaneetaA,APP System,2,Management,all,"2022005"
PaneetaA,APP System,2,Management,all,"2023001"
PaneetaA,APP System,2,Management,all,"2023005"
PaneetaA,APP System,2,Management,all,"2024001"
PaneetaA,APP System,2,Management,all,"2024005"
PaneetaA,APP System,2,Management,all,"2025001"
PaneetaA,APP System,2,Management,all,"2025005"
PaneetaA,APP System,2,Management,all,"3036001"
PaneetaA,APP System,3,Procurement Officer,specific,"1011001"
PaneetaA,APP System,3,Procurement Officer,specific,"1011003"
PaneetaA,APP System,3,Procurement Officer,specific,"1011005"
PaneetaA,APP System,3,Procurement Officer,specific,"1011011"
PaneetaA,APP System,3,Procurement Officer,specific,"1011012"
PaneetaA,APP System,3,Procurement Officer,specific,"1012002"
PaneetaA,APP System,3,Procurement Officer,specific,"1014001"
PaneetaA,APP System,3,Procurement Officer,specific,"1014002"
PaneetaA,APP System,3,Procurement Officer,specific,"1014003"
PaneetaA,APP System,3,Procurement Officer,specific,"1014005"
PaneetaA,APP System,3,Procurement Officer,specific,"1014008"
PaneetaA,APP System,3,Procurement Officer,specific,"2021001"
PaneetaA,APP System,3,Procurement Officer,specific,"2021005"
PaneetaA,APP System,3,Procurement Officer,specific,"2022001"
PaneetaA,APP System,3,Procurement Officer,specific,"2022005"
PaneetaA,APP System,3,Procurement Officer,specific,"2023001"
PaneetaA,APP System,3,Procurement Officer,specific,"2023005"
PaneetaA,APP System,3,Procurement Officer,specific,"2024001"
PaneetaA,APP System,3,Procurement Officer,specific,"2024005"
PaneetaA,APP System,3,Procurement Officer,specific,"2025001"
PaneetaA,APP System,3,Procurement Officer,specific,"2025005"
PaneetaA,APP System,3,Procurement Officer,specific,"3036001"
PaneetaA,Procurement Assistant System,2,Procurement Admin,All,"11011001"
PaneetaA,Procurement Assistant System,2,Procurement Admin,All,"11011003"
PaneetaA,Procurement Assistant System,2,Procurement Admin,All,"11011005"
PaneetaA,Procurement Assistant System,2,Procurement Admin,All,"11011006"
PaneetaA,Procurement Assistant System,2,Procurement Admin,All,"11011007"
PaneetaA,Procurement Assistant System,2,Procurement Admin,All,"11012001"
PaneetaA,Procurement Assistant System,2,Procurement Admin,All,"11012002"
PaneetaA,Procurement Assistant System,2,Procurement Admin,All,"11013001"
PaneetaA,Procurement Assistant System,2,Procurement Admin,All,"11013003"
PaneetaA,Procurement Assistant System,2,Procurement Admin,All,"11013005"
PaneetaA,Procurement Assistant System,2,Procurement Admin,All,"11013006"
PaneetaA,Procurement Assistant System,2,Procurement Admin,All,"11013007"
PaneetaA,Procurement Assistant System,2,Procurement Admin,All,"11014001"
PaneetaA,Procurement Assistant System,2,Procurement Admin,All,"11014005"
PaneetaA,Procurement Assistant System,2,Procurement Admin,All,"12021001"
PaneetaA,Procurement Assistant System,2,Procurement Admin,All,"12021003"
PaneetaA,Procurement Assistant System,2,Procurement Admin,All,"12022001"
PaneetaA,Procurement Assistant System,2,Procurement Admin,All,"12022002"
PaneetaA,Procurement Assistant System,2,Procurement Admin,All,"12022003"
PaneetaA,Procurement Assistant System,2,Procurement Admin,All,"12023001"
PaneetaA,Procurement Assistant System,2,Procurement Admin,All,"12023002"
PaneetaA,Procurement Assistant System,2,Procurement Admin,All,"12023003"
PaneetaA,Procurement Assistant System,2,Procurement Admin,All,"12023004"
PaneetaA,Procurement Assistant System,2,Procurement Admin,All,"12024001"
PaneetaA,Procurement Assistant System,2,Procurement Admin,All,"12024002"
PaneetaA,Procurement Assistant System,2,Procurement Admin,All,"12024003"
PaneetaA,Procurement Assistant System,2,Procurement Admin,All,"12024004"
PaneetaA,Procurement Assistant System,2,Procurement Admin,All,"12025001"
PaneetaA,Procurement Assistant System,2,Procurement Admin,All,"12025002"
PaneetaA,Procurement Assistant System,2,Procurement Admin,All,"12025003"
PaneetaA,Procurement Assistant System,2,Procurement Admin,All,"12025004"
PaneetaA,Procurement Assistant System,2,Procurement Admin,All,"15051001"
PaneetaA,Procurement Assistant System,2,Procurement Admin,All,"15051003"
PaneetaA,Procurement Assistant System,2,Procurement Admin,All,"21011001"
PaneetaA,Procurement Assistant System,2,Procurement Admin,All,"21011003"
PaneetaA,Procurement Assistant System,2,Procurement Admin,All,"21011005"
PaneetaA,Procurement Assistant System,2,Procurement Admin,All,"21012002"
PaneetaA,Procurement Assistant System,2,Procurement Admin,All,"21012006"
PaneetaA,Procurement Assistant System,2,Procurement Admin,All,"21012008"
PaneetaA,Procurement Assistant System,2,Procurement Admin,All,"21012011"
PaneetaA,Procurement Assistant System,2,Procurement Admin,All,"21012012"
PaneetaA,Procurement Assistant System,2,Procurement Admin,All,"21012013"
PaneetaA,Procurement Assistant System,2,Procurement Admin,All,"21013010"
PaneetaA,Procurement Assistant System,2,Procurement Admin,All,"21014001"
PaneetaA,Procurement Assistant System,2,Procurement Admin,All,"21014002"
PaneetaA,Procurement Assistant System,2,Procurement Admin,All,"21014003"
PaneetaA,Procurement Assistant System,2,Procurement Admin,All,"21014005"
PaneetaA,Procurement Assistant System,2,Procurement Admin,All,"21014007"
PaneetaA,Procurement Assistant System,2,Procurement Admin,All,"21014008"
PaneetaA,Procurement Assistant System,2,Procurement Admin,All,"22021001"
PaneetaA,Procurement Assistant System,2,Procurement Admin,All,"22021005"
PaneetaA,Procurement Assistant System,2,Procurement Admin,All,"22021009"
PaneetaA,Procurement Assistant System,2,Procurement Admin,All,"22022001"
PaneetaA,Procurement Assistant System,2,Procurement Admin,All,"22022005"
PaneetaA,Procurement Assistant System,2,Procurement Admin,All,"22022009"
PaneetaA,Procurement Assistant System,2,Procurement Admin,All,"22023001"
PaneetaA,Procurement Assistant System,2,Procurement Admin,All,"22023005"
PaneetaA,Procurement Assistant System,2,Procurement Admin,All,"22024001"
PaneetaA,Procurement Assistant System,2,Procurement Admin,All,"22024005"
PaneetaA,Procurement Assistant System,2,Procurement Admin,All,"22025001"
PaneetaA,Procurement Assistant System,2,Procurement Admin,All,"22025005"
PaneetaA,Procurement Assistant System,2,Procurement Admin,All,"23031001"
PaneetaA,Procurement Assistant System,2,Procurement Admin,All,"23031003"
PaneetaA,Procurement Assistant System,2,Procurement Admin,All,"23032001"
PaneetaA,Procurement Assistant System,2,Procurement Admin,All,"23032002"
PaneetaA,Procurement Assistant System,2,Procurement Admin,All,"23032003"
PaneetaA,Procurement Assistant System,2,Procurement Admin,All,"23033001"
PaneetaA,Procurement Assistant System,2,Procurement Admin,All,"23033003"
PaneetaA,Procurement Assistant System,2,Procurement Admin,All,"23034001"
PaneetaA,Procurement Assistant System,2,Procurement Admin,All,"23034002"
PaneetaA,Procurement Assistant System,2,Procurement Admin,All,"23034003"
PaneetaA,Procurement Assistant System,2,Procurement Admin,All,"23034004"
PaneetaA,Procurement Assistant System,2,Procurement Admin,All,"23035001"
PaneetaA,Procurement Assistant System,2,Procurement Admin,All,"23035003"
PaneetaA,Procurement Assistant System,2,Procurement Admin,All,"23038001"
PaneetaA,Procurement Assistant System,2,Procurement Admin,All,"23038002"
PaneetaA,Procurement Assistant System,2,Procurement Admin,All,"23038003"
PaneetaA,Procurement Assistant System,2,Procurement Admin,All,"23039001"
PaneetaA,Procurement Assistant System,2,Procurement Admin,All,"23039003"
PaneetaA,Procurement Assistant System,2,Procurement Admin,All,"26061001"
PaneetaA,Procurement Assistant System,2,Procurement Admin,All,"26061002"
PaneetaA,Procurement Assistant System,2,Procurement Admin,All,"26061003"
PaneetaA,Procurement Assistant System,2,Procurement Admin,All,"30100101"
PaneetaA,Procurement Assistant System,2,Procurement Admin,All,"30100202"
PaneetaA,Procurement Assistant System,2,Procurement Admin,All,"30200202"
PaneetaA,Procurement Assistant System,2,Procurement Admin,All,"30300301"
PaneetaA,Procurement Assistant System,2,Procurement Admin,All,"30300303"
PaneetaA,Procurement Assistant System,2,Procurement Admin,All,"30300304"
PaneetaA,Procurement Assistant System,2,Procurement Admin,All,"30300305"
PaneetaA,Procurement Assistant System,2,Procurement Admin,All,"30300508"
PaneetaA,Procurement Assistant System,2,Procurement Admin,All,"30300509"
PaneetaA,Procurement Assistant System,2,Procurement Admin,All,"30300701"
PaneetaA,Procurement Assistant System,2,Procurement Admin,All,"30400403"
PaneetaA,Procurement Assistant System,2,Procurement Admin,All,"30400406"
PaneetaA,Procurement Assistant System,2,Procurement Admin,All,"30400407"
PaneetaA,Procurement Assistant System,2,Procurement Admin,All,"30400508"
PaneetaA,Procurement Assistant System,2,Procurement Admin,All,"30400509"
PaneetaA,Procurement Assistant System,2,Procurement Admin,All,"30400701"
PaneetaA,Procurement Assistant System,2,Procurement Admin,All,"30400702"
PaneetaA,Procurement Assistant System,2,Procurement Admin,All,"30400703"
PaneetaA,Procurement Assistant System,2,Procurement Admin,All,"30400704"
PaneetaA,Procurement Assistant System,2,Procurement Admin,All,"30500601"
PaneetaA,Procurement Assistant System,2,Procurement Admin,All,"30500603"
PaneetaA,Procurement Assistant System,2,Procurement Admin,All,"30600101"
PaneetaA,Procurement Assistant System,2,Procurement Admin,All,"90100101"
PaneetaA,Procurement Assistant System,2,Procurement Admin,All,"90100202"
PaneetaA,Procurement Assistant System,2,Procurement Admin,All,"90200202"
PaneetaA,Procurement Assistant System,2,Procurement Admin,All,"90300301"
PaneetaA,Procurement Assistant System,2,Procurement Admin,All,"90300303"
PaneetaA,Procurement Assistant System,2,Procurement Admin,All,"90300304"
PaneetaA,Procurement Assistant System,2,Procurement Admin,All,"90400403"
PaneetaA,Procurement Assistant System,2,Procurement Admin,All,"90500101"
PaneetaA,Procurement Assistant System,2,Procurement Admin,All,"90500201"
PaneetaA,Procurement Assistant System,2,Procurement Admin,All,"90600202"
PaneetaA,Procurement Assistant System,2,Procurement Admin,All,"90700301"
PaneetaA,Procurement Assistant System,2,Procurement Admin,All,"90700303"
PaneetaA,Procurement Assistant System,2,Procurement Admin,All,"90700304"
PaneetaA,Procurement Assistant System,2,Procurement Admin,All,"90800403"
PaneetaA,Procurement Assistant System,2,Procurement Admin,All,"90900501"
PaneetaA,Procurement Assistant System,2,Procurement Admin,All,"90900502"
PaneetaA,Procurement Assistant System,2,Procurement Admin,All,"90900503"
PaneetaA,Procurement Assistant System,2,Procurement Admin,All,"90900510"
PaneetaA,Procurement Assistant System,2,Procurement Admin,All,"91000601"
PaneetaA,Procurement Assistant System,2,Procurement Admin,All,"91000602"
PaneetaA,Procurement Assistant System,2,Procurement Admin,All,"91000603"
PaneetaA,Procurement Assistant System,2,Procurement Admin,All,"91100701"
PaneetaA,Procurement Assistant System,2,Procurement Admin,All,"91200801"
PaneetaA,Procurement Assistant System,2,Procurement Admin,All,"91200803"
PaneetaA,Procurement Assistant System,2,Procurement Admin,All,"91300903"
PaneetaA,Procurement Assistant System,2,Procurement Admin,All,"91401001"
PaneetaA,Procurement Assistant System,2,Procurement Admin,All,"91501101"
PaneetaA,Procurement Assistant System,2,Procurement Admin,All,"91601205"
PaneetaA,Procurement Assistant System,2,Procurement Admin,All,"91701301"
PaneetaA,Procurement Assistant System,2,Procurement Admin,All,"91701305"
PaneetaA,Procurement Assistant System,2,Procurement Admin,All,"91801401"
PaneetaA,Procurement Assistant System,2,Procurement Admin,All,"91801501"
PaneetaA,Procurement Assistant System,2,Procurement Admin,All,"91801601"
PanlopL,APP System,7,Management relate org,specific,"1011001"
PanlopL,APP System,7,Management relate org,specific,"1011005"
PanlopL,APP System,7,Management relate org,specific,"1014001"
PanlopL,APP System,7,Management relate org,specific,"1014005"
PanlopL,APP System,7,Management relate org,specific,"2021001"
PanlopL,APP System,7,Management relate org,specific,"2021005"
PanlopL,APP System,7,Management relate org,specific,"2022001"
PanlopL,APP System,7,Management relate org,specific,"2022005"
PanlopL,APP System,7,Management relate org,specific,"2023001"
PanlopL,APP System,7,Management relate org,specific,"2023005"
PanlopL,APP System,7,Management relate org,specific,"2024001"
PanlopL,APP System,7,Management relate org,specific,"2024005"
PanlopL,APP System,7,Management relate org,specific,"2025001"
PanlopL,APP System,7,Management relate org,specific,"2025005"
PannipaM,APP System,3,Procurement Officer,specific,"1011001"
PannipaM,APP System,3,Procurement Officer,specific,"1011003"
PannipaM,APP System,3,Procurement Officer,specific,"1011005"
PannipaM,APP System,3,Procurement Officer,specific,"1011011"
PannipaM,APP System,3,Procurement Officer,specific,"1011012"
PannipaM,APP System,3,Procurement Officer,specific,"1012002"
PannipaM,APP System,3,Procurement Officer,specific,"1014001"
PannipaM,APP System,3,Procurement Officer,specific,"1014002"
PannipaM,APP System,3,Procurement Officer,specific,"1014003"
PannipaM,APP System,3,Procurement Officer,specific,"1014005"
PannipaM,APP System,3,Procurement Officer,specific,"1014008"
PannipaM,APP System,3,Procurement Officer,specific,"2021001"
PannipaM,APP System,3,Procurement Officer,specific,"2021005"
PannipaM,APP System,3,Procurement Officer,specific,"2022001"
PannipaM,APP System,3,Procurement Officer,specific,"2022005"
PannipaM,APP System,3,Procurement Officer,specific,"2023001"
PannipaM,APP System,3,Procurement Officer,specific,"2023005"
PannipaM,APP System,3,Procurement Officer,specific,"2024001"
PannipaM,APP System,3,Procurement Officer,specific,"2024005"
PannipaM,APP System,3,Procurement Officer,specific,"2025001"
PannipaM,APP System,3,Procurement Officer,specific,"2025005"
PannipaM,APP System,3,Procurement Officer,specific,"3036001"
PannipaM,Procurement Assistant System,3,Procurement Officer,All,"11011001"
PannipaM,Procurement Assistant System,3,Procurement Officer,All,"11011003"
PannipaM,Procurement Assistant System,3,Procurement Officer,All,"11011005"
PannipaM,Procurement Assistant System,3,Procurement Officer,All,"11011007"
PannipaM,Procurement Assistant System,3,Procurement Officer,All,"11012001"
PannipaM,Procurement Assistant System,3,Procurement Officer,All,"11012002"
PannipaM,Procurement Assistant System,3,Procurement Officer,All,"11013001"
PannipaM,Procurement Assistant System,3,Procurement Officer,All,"11013003"
PannipaM,Procurement Assistant System,3,Procurement Officer,All,"11013005"
PannipaM,Procurement Assistant System,3,Procurement Officer,All,"11013007"
PannipaM,Procurement Assistant System,3,Procurement Officer,All,"11014001"
PannipaM,Procurement Assistant System,3,Procurement Officer,All,"11014005"
PannipaM,Procurement Assistant System,3,Procurement Officer,All,"21011001"
PannipaM,Procurement Assistant System,3,Procurement Officer,All,"21011003"
PannipaM,Procurement Assistant System,3,Procurement Officer,All,"21011005"
PannipaM,Procurement Assistant System,3,Procurement Officer,All,"21012002"
PannipaM,Procurement Assistant System,3,Procurement Officer,All,"21012011"
PannipaM,Procurement Assistant System,3,Procurement Officer,All,"21012012"
PannipaM,Procurement Assistant System,3,Procurement Officer,All,"21014001"
PannipaM,Procurement Assistant System,3,Procurement Officer,All,"21014002"
PannipaM,Procurement Assistant System,3,Procurement Officer,All,"21014003"
PannipaM,Procurement Assistant System,3,Procurement Officer,All,"21014005"
PannipaM,Procurement Assistant System,3,Procurement Officer,All,"21014008"
PannipaM,Procurement Assistant System,3,Procurement Officer,All,"22021001"
PannipaM,Procurement Assistant System,3,Procurement Officer,All,"22021005"
PannipaM,Procurement Assistant System,3,Procurement Officer,All,"22022001"
PannipaM,Procurement Assistant System,3,Procurement Officer,All,"22022005"
PannipaM,Procurement Assistant System,3,Procurement Officer,All,"22023001"
PannipaM,Procurement Assistant System,3,Procurement Officer,All,"22023005"
PannipaM,Procurement Assistant System,3,Procurement Officer,All,"22024001"
PannipaM,Procurement Assistant System,3,Procurement Officer,All,"22024005"
PannipaM,Procurement Assistant System,3,Procurement Officer,All,"22025001"
PannipaM,Procurement Assistant System,3,Procurement Officer,All,"22025005"
PannipaM,Procurement Assistant System,3,Procurement Officer,All,"30100101"
PannipaM,Procurement Assistant System,3,Procurement Officer,All,"30100202"
PannipaM,Procurement Assistant System,3,Procurement Officer,All,"30200202"
PannipaM,Procurement Assistant System,3,Procurement Officer,All,"30300301"
PannipaM,Procurement Assistant System,3,Procurement Officer,All,"30300303"
PannipaM,Procurement Assistant System,3,Procurement Officer,All,"30300304"
PannipaM,Procurement Assistant System,3,Procurement Officer,All,"30300305"
PannipaM,Procurement Assistant System,3,Procurement Officer,All,"30300508"
PannipaM,Procurement Assistant System,3,Procurement Officer,All,"30300509"
PannipaM,Procurement Assistant System,3,Procurement Officer,All,"30300701"
PannipaM,Procurement Assistant System,3,Procurement Officer,All,"30400403"
PannipaM,Procurement Assistant System,3,Procurement Officer,All,"30400406"
PannipaM,Procurement Assistant System,3,Procurement Officer,All,"30400407"
PannipaM,Procurement Assistant System,3,Procurement Officer,All,"30400508"
PannipaM,Procurement Assistant System,3,Procurement Officer,All,"30400509"
PannipaM,Procurement Assistant System,3,Procurement Officer,All,"30400701"
PannipaM,Procurement Assistant System,3,Procurement Officer,All,"30400702"
PannipaM,Procurement Assistant System,3,Procurement Officer,All,"30400703"
PannipaM,Procurement Assistant System,3,Procurement Officer,All,"30400704"
PannipaM,Procurement Assistant System,3,Procurement Officer,All,"30500601"
PannipaM,Procurement Assistant System,3,Procurement Officer,All,"30500603"
PannipaM,Procurement Assistant System,3,Procurement Officer,All,"30600101"
PannipaM,Procurement Assistant System,3,Procurement Officer,All,"90900501"
PannipaM,Reference Price System,2,Role Supply Chain,Admin,"101101"
PannipaM,Reference Price System,2,Role Supply Chain,Admin,"101103"
PannitaS,APP System,3,Procurement Officer,specific,"1011001"
PannitaS,APP System,3,Procurement Officer,specific,"1011003"
PannitaS,APP System,3,Procurement Officer,specific,"1011005"
PannitaS,APP System,3,Procurement Officer,specific,"1011011"
PannitaS,APP System,3,Procurement Officer,specific,"1011012"
PannitaS,APP System,3,Procurement Officer,specific,"1012002"
PannitaS,APP System,3,Procurement Officer,specific,"1014001"
PannitaS,APP System,3,Procurement Officer,specific,"1014002"
PannitaS,APP System,3,Procurement Officer,specific,"1014003"
PannitaS,APP System,3,Procurement Officer,specific,"1014005"
PannitaS,APP System,3,Procurement Officer,specific,"1014008"
PannitaS,APP System,3,Procurement Officer,specific,"2021001"
PannitaS,APP System,3,Procurement Officer,specific,"2021005"
PannitaS,APP System,3,Procurement Officer,specific,"2022001"
PannitaS,APP System,3,Procurement Officer,specific,"2022005"
PannitaS,APP System,3,Procurement Officer,specific,"2023001"
PannitaS,APP System,3,Procurement Officer,specific,"2023005"
PannitaS,APP System,3,Procurement Officer,specific,"2024001"
PannitaS,APP System,3,Procurement Officer,specific,"2024005"
PannitaS,APP System,3,Procurement Officer,specific,"2025001"
PannitaS,APP System,3,Procurement Officer,specific,"2025005"
PannitaS,APP System,3,Procurement Officer,specific,"3036001"
PannitaS,Procurement Assistant System,3,Procurement Officer,All,"11011001"
PannitaS,Procurement Assistant System,3,Procurement Officer,All,"11011003"
PannitaS,Procurement Assistant System,3,Procurement Officer,All,"11011005"
PannitaS,Procurement Assistant System,3,Procurement Officer,All,"11011007"
PannitaS,Procurement Assistant System,3,Procurement Officer,All,"11012001"
PannitaS,Procurement Assistant System,3,Procurement Officer,All,"11012002"
PannitaS,Procurement Assistant System,3,Procurement Officer,All,"11013001"
PannitaS,Procurement Assistant System,3,Procurement Officer,All,"11013003"
PannitaS,Procurement Assistant System,3,Procurement Officer,All,"11013005"
PannitaS,Procurement Assistant System,3,Procurement Officer,All,"11013007"
PannitaS,Procurement Assistant System,3,Procurement Officer,All,"11014001"
PannitaS,Procurement Assistant System,3,Procurement Officer,All,"11014005"
PannitaS,Procurement Assistant System,3,Procurement Officer,All,"21011001"
PannitaS,Procurement Assistant System,3,Procurement Officer,All,"21011003"
PannitaS,Procurement Assistant System,3,Procurement Officer,All,"21011005"
PannitaS,Procurement Assistant System,3,Procurement Officer,All,"21012002"
PannitaS,Procurement Assistant System,3,Procurement Officer,All,"21012011"
PannitaS,Procurement Assistant System,3,Procurement Officer,All,"21012012"
PannitaS,Procurement Assistant System,3,Procurement Officer,All,"21014001"
PannitaS,Procurement Assistant System,3,Procurement Officer,All,"21014002"
PannitaS,Procurement Assistant System,3,Procurement Officer,All,"21014003"
PannitaS,Procurement Assistant System,3,Procurement Officer,All,"21014005"
PannitaS,Procurement Assistant System,3,Procurement Officer,All,"21014008"
PannitaS,Procurement Assistant System,3,Procurement Officer,All,"22021001"
PannitaS,Procurement Assistant System,3,Procurement Officer,All,"22021005"
PannitaS,Procurement Assistant System,3,Procurement Officer,All,"22022001"
PannitaS,Procurement Assistant System,3,Procurement Officer,All,"22022005"
PannitaS,Procurement Assistant System,3,Procurement Officer,All,"22023001"
PannitaS,Procurement Assistant System,3,Procurement Officer,All,"22023005"
PannitaS,Procurement Assistant System,3,Procurement Officer,All,"22024001"
PannitaS,Procurement Assistant System,3,Procurement Officer,All,"22024005"
PannitaS,Procurement Assistant System,3,Procurement Officer,All,"22025001"
PannitaS,Procurement Assistant System,3,Procurement Officer,All,"22025005"
PannitaS,Procurement Assistant System,3,Procurement Officer,All,"30100101"
PannitaS,Procurement Assistant System,3,Procurement Officer,All,"30100202"
PannitaS,Procurement Assistant System,3,Procurement Officer,All,"30200202"
PannitaS,Procurement Assistant System,3,Procurement Officer,All,"30300301"
PannitaS,Procurement Assistant System,3,Procurement Officer,All,"30300303"
PannitaS,Procurement Assistant System,3,Procurement Officer,All,"30300304"
PannitaS,Procurement Assistant System,3,Procurement Officer,All,"30300305"
PannitaS,Procurement Assistant System,3,Procurement Officer,All,"30300508"
PannitaS,Procurement Assistant System,3,Procurement Officer,All,"30300509"
PannitaS,Procurement Assistant System,3,Procurement Officer,All,"30300701"
PannitaS,Procurement Assistant System,3,Procurement Officer,All,"30400403"
PannitaS,Procurement Assistant System,3,Procurement Officer,All,"30400406"
PannitaS,Procurement Assistant System,3,Procurement Officer,All,"30400407"
PannitaS,Procurement Assistant System,3,Procurement Officer,All,"30400508"
PannitaS,Procurement Assistant System,3,Procurement Officer,All,"30400509"
PannitaS,Procurement Assistant System,3,Procurement Officer,All,"30400701"
PannitaS,Procurement Assistant System,3,Procurement Officer,All,"30400702"
PannitaS,Procurement Assistant System,3,Procurement Officer,All,"30400703"
PannitaS,Procurement Assistant System,3,Procurement Officer,All,"30400704"
PannitaS,Procurement Assistant System,3,Procurement Officer,All,"30500601"
PannitaS,Procurement Assistant System,3,Procurement Officer,All,"30500603"
PannitaS,Procurement Assistant System,3,Procurement Officer,All,"30600101"
PannitaS,Procurement Assistant System,3,Procurement Officer,All,"90900501"
ParinPo,APP System,3,Procurement Officer,specific,"1011001"
ParinPo,APP System,3,Procurement Officer,specific,"1011003"
ParinPo,APP System,3,Procurement Officer,specific,"1011005"
ParinPo,APP System,3,Procurement Officer,specific,"1011011"
ParinPo,APP System,3,Procurement Officer,specific,"1011012"
ParinPo,APP System,3,Procurement Officer,specific,"1012002"
ParinPo,APP System,3,Procurement Officer,specific,"1014001"
ParinPo,APP System,3,Procurement Officer,specific,"1014002"
ParinPo,APP System,3,Procurement Officer,specific,"1014003"
ParinPo,APP System,3,Procurement Officer,specific,"1014005"
ParinPo,APP System,3,Procurement Officer,specific,"1014008"
ParinPo,APP System,3,Procurement Officer,specific,"2021001"
ParinPo,APP System,3,Procurement Officer,specific,"2021005"
ParinPo,APP System,3,Procurement Officer,specific,"2022001"
ParinPo,APP System,3,Procurement Officer,specific,"2022005"
ParinPo,APP System,3,Procurement Officer,specific,"2023001"
ParinPo,APP System,3,Procurement Officer,specific,"2023005"
ParinPo,APP System,3,Procurement Officer,specific,"2024001"
ParinPo,APP System,3,Procurement Officer,specific,"2024005"
ParinPo,APP System,3,Procurement Officer,specific,"2025001"
ParinPo,APP System,3,Procurement Officer,specific,"2025005"
ParinPo,APP System,3,Procurement Officer,specific,"3036001"
ParinPo,Procurement Assistant System,3,Procurement Officer,All,"11011001"
ParinPo,Procurement Assistant System,3,Procurement Officer,All,"11011003"
ParinPo,Procurement Assistant System,3,Procurement Officer,All,"11011005"
ParinPo,Procurement Assistant System,3,Procurement Officer,All,"11011007"
ParinPo,Procurement Assistant System,3,Procurement Officer,All,"11012001"
ParinPo,Procurement Assistant System,3,Procurement Officer,All,"11012002"
ParinPo,Procurement Assistant System,3,Procurement Officer,All,"11013001"
ParinPo,Procurement Assistant System,3,Procurement Officer,All,"11013003"
ParinPo,Procurement Assistant System,3,Procurement Officer,All,"11013005"
ParinPo,Procurement Assistant System,3,Procurement Officer,All,"11013007"
ParinPo,Procurement Assistant System,3,Procurement Officer,All,"11014001"
ParinPo,Procurement Assistant System,3,Procurement Officer,All,"11014005"
ParinPo,Procurement Assistant System,3,Procurement Officer,All,"21011001"
ParinPo,Procurement Assistant System,3,Procurement Officer,All,"21011003"
ParinPo,Procurement Assistant System,3,Procurement Officer,All,"21011005"
ParinPo,Procurement Assistant System,3,Procurement Officer,All,"21012002"
ParinPo,Procurement Assistant System,3,Procurement Officer,All,"21012011"
ParinPo,Procurement Assistant System,3,Procurement Officer,All,"21012012"
ParinPo,Procurement Assistant System,3,Procurement Officer,All,"21014001"
ParinPo,Procurement Assistant System,3,Procurement Officer,All,"21014002"
ParinPo,Procurement Assistant System,3,Procurement Officer,All,"21014003"
ParinPo,Procurement Assistant System,3,Procurement Officer,All,"21014005"
ParinPo,Procurement Assistant System,3,Procurement Officer,All,"21014008"
ParinPo,Procurement Assistant System,3,Procurement Officer,All,"22021001"
ParinPo,Procurement Assistant System,3,Procurement Officer,All,"22021005"
ParinPo,Procurement Assistant System,3,Procurement Officer,All,"22022001"
ParinPo,Procurement Assistant System,3,Procurement Officer,All,"22022005"
ParinPo,Procurement Assistant System,3,Procurement Officer,All,"22023001"
ParinPo,Procurement Assistant System,3,Procurement Officer,All,"22023005"
ParinPo,Procurement Assistant System,3,Procurement Officer,All,"22024001"
ParinPo,Procurement Assistant System,3,Procurement Officer,All,"22024005"
ParinPo,Procurement Assistant System,3,Procurement Officer,All,"22025001"
ParinPo,Procurement Assistant System,3,Procurement Officer,All,"22025005"
ParinPo,Procurement Assistant System,3,Procurement Officer,All,"30100101"
ParinPo,Procurement Assistant System,3,Procurement Officer,All,"30100202"
ParinPo,Procurement Assistant System,3,Procurement Officer,All,"30200202"
ParinPo,Procurement Assistant System,3,Procurement Officer,All,"30300301"
ParinPo,Procurement Assistant System,3,Procurement Officer,All,"30300303"
ParinPo,Procurement Assistant System,3,Procurement Officer,All,"30300304"
ParinPo,Procurement Assistant System,3,Procurement Officer,All,"30300305"
ParinPo,Procurement Assistant System,3,Procurement Officer,All,"30300508"
ParinPo,Procurement Assistant System,3,Procurement Officer,All,"30300509"
ParinPo,Procurement Assistant System,3,Procurement Officer,All,"30300701"
ParinPo,Procurement Assistant System,3,Procurement Officer,All,"30400403"
ParinPo,Procurement Assistant System,3,Procurement Officer,All,"30400406"
ParinPo,Procurement Assistant System,3,Procurement Officer,All,"30400407"
ParinPo,Procurement Assistant System,3,Procurement Officer,All,"30400508"
ParinPo,Procurement Assistant System,3,Procurement Officer,All,"30400509"
ParinPo,Procurement Assistant System,3,Procurement Officer,All,"30400701"
ParinPo,Procurement Assistant System,3,Procurement Officer,All,"30400702"
ParinPo,Procurement Assistant System,3,Procurement Officer,All,"30400703"
ParinPo,Procurement Assistant System,3,Procurement Officer,All,"30400704"
ParinPo,Procurement Assistant System,3,Procurement Officer,All,"30500601"
ParinPo,Procurement Assistant System,3,Procurement Officer,All,"30500603"
ParinPo,Procurement Assistant System,3,Procurement Officer,All,"30600101"
ParinPo,Procurement Assistant System,3,Procurement Officer,All,"90900501"
PasitW,APP System,3,Procurement Officer,specific,"1011001"
PasitW,APP System,3,Procurement Officer,specific,"1011003"
PasitW,APP System,3,Procurement Officer,specific,"1011005"
PasitW,APP System,3,Procurement Officer,specific,"1011011"
PasitW,APP System,3,Procurement Officer,specific,"1011012"
PasitW,APP System,3,Procurement Officer,specific,"1012002"
PasitW,APP System,3,Procurement Officer,specific,"1014001"
PasitW,APP System,3,Procurement Officer,specific,"1014002"
PasitW,APP System,3,Procurement Officer,specific,"1014003"
PasitW,APP System,3,Procurement Officer,specific,"1014005"
PasitW,APP System,3,Procurement Officer,specific,"1014008"
PasitW,APP System,3,Procurement Officer,specific,"2021001"
PasitW,APP System,3,Procurement Officer,specific,"2021005"
PasitW,APP System,3,Procurement Officer,specific,"2022001"
PasitW,APP System,3,Procurement Officer,specific,"2022005"
PasitW,APP System,3,Procurement Officer,specific,"2023001"
PasitW,APP System,3,Procurement Officer,specific,"2023005"
PasitW,APP System,3,Procurement Officer,specific,"2024001"
PasitW,APP System,3,Procurement Officer,specific,"2024005"
PasitW,APP System,3,Procurement Officer,specific,"2025001"
PasitW,APP System,3,Procurement Officer,specific,"2025005"
PasitW,APP System,3,Procurement Officer,specific,"3036001"
PasitW,Procurement Assistant System,3,Procurement Officer,All,"11011001"
PasitW,Procurement Assistant System,3,Procurement Officer,All,"11011003"
PasitW,Procurement Assistant System,3,Procurement Officer,All,"11011005"
PasitW,Procurement Assistant System,3,Procurement Officer,All,"11011007"
PasitW,Procurement Assistant System,3,Procurement Officer,All,"11012001"
PasitW,Procurement Assistant System,3,Procurement Officer,All,"11012002"
PasitW,Procurement Assistant System,3,Procurement Officer,All,"11013001"
PasitW,Procurement Assistant System,3,Procurement Officer,All,"11013003"
PasitW,Procurement Assistant System,3,Procurement Officer,All,"11013005"
PasitW,Procurement Assistant System,3,Procurement Officer,All,"11013007"
PasitW,Procurement Assistant System,3,Procurement Officer,All,"11014001"
PasitW,Procurement Assistant System,3,Procurement Officer,All,"11014005"
PasitW,Procurement Assistant System,3,Procurement Officer,All,"21011001"
PasitW,Procurement Assistant System,3,Procurement Officer,All,"21011003"
PasitW,Procurement Assistant System,3,Procurement Officer,All,"21011005"
PasitW,Procurement Assistant System,3,Procurement Officer,All,"21012002"
PasitW,Procurement Assistant System,3,Procurement Officer,All,"21012011"
PasitW,Procurement Assistant System,3,Procurement Officer,All,"21012012"
PasitW,Procurement Assistant System,3,Procurement Officer,All,"21014001"
PasitW,Procurement Assistant System,3,Procurement Officer,All,"21014002"
PasitW,Procurement Assistant System,3,Procurement Officer,All,"21014003"
PasitW,Procurement Assistant System,3,Procurement Officer,All,"21014005"
PasitW,Procurement Assistant System,3,Procurement Officer,All,"21014008"
PasitW,Procurement Assistant System,3,Procurement Officer,All,"22021001"
PasitW,Procurement Assistant System,3,Procurement Officer,All,"22021005"
PasitW,Procurement Assistant System,3,Procurement Officer,All,"22022001"
PasitW,Procurement Assistant System,3,Procurement Officer,All,"22022005"
PasitW,Procurement Assistant System,3,Procurement Officer,All,"22023001"
PasitW,Procurement Assistant System,3,Procurement Officer,All,"22023005"
PasitW,Procurement Assistant System,3,Procurement Officer,All,"22024001"
PasitW,Procurement Assistant System,3,Procurement Officer,All,"22024005"
PasitW,Procurement Assistant System,3,Procurement Officer,All,"22025001"
PasitW,Procurement Assistant System,3,Procurement Officer,All,"22025005"
PasitW,Procurement Assistant System,3,Procurement Officer,All,"30100101"
PasitW,Procurement Assistant System,3,Procurement Officer,All,"30100202"
PasitW,Procurement Assistant System,3,Procurement Officer,All,"30200202"
PasitW,Procurement Assistant System,3,Procurement Officer,All,"30300301"
PasitW,Procurement Assistant System,3,Procurement Officer,All,"30300303"
PasitW,Procurement Assistant System,3,Procurement Officer,All,"30300304"
PasitW,Procurement Assistant System,3,Procurement Officer,All,"30300305"
PasitW,Procurement Assistant System,3,Procurement Officer,All,"30300508"
PasitW,Procurement Assistant System,3,Procurement Officer,All,"30300509"
PasitW,Procurement Assistant System,3,Procurement Officer,All,"30300701"
PasitW,Procurement Assistant System,3,Procurement Officer,All,"30400403"
PasitW,Procurement Assistant System,3,Procurement Officer,All,"30400406"
PasitW,Procurement Assistant System,3,Procurement Officer,All,"30400407"
PasitW,Procurement Assistant System,3,Procurement Officer,All,"30400508"
PasitW,Procurement Assistant System,3,Procurement Officer,All,"30400509"
PasitW,Procurement Assistant System,3,Procurement Officer,All,"30400701"
PasitW,Procurement Assistant System,3,Procurement Officer,All,"30400702"
PasitW,Procurement Assistant System,3,Procurement Officer,All,"30400703"
PasitW,Procurement Assistant System,3,Procurement Officer,All,"30400704"
PasitW,Procurement Assistant System,3,Procurement Officer,All,"30500601"
PasitW,Procurement Assistant System,3,Procurement Officer,All,"30500603"
PasitW,Procurement Assistant System,3,Procurement Officer,All,"30600101"
PasitW,Procurement Assistant System,3,Procurement Officer,All,"90900501"
PatcharaK,APP System,3,Procurement Officer,specific,"1011001"
PatcharaK,APP System,3,Procurement Officer,specific,"1011003"
PatcharaK,APP System,3,Procurement Officer,specific,"1011005"
PatcharaK,APP System,3,Procurement Officer,specific,"1011011"
PatcharaK,APP System,3,Procurement Officer,specific,"1011012"
PatcharaK,APP System,3,Procurement Officer,specific,"1012002"
PatcharaK,APP System,3,Procurement Officer,specific,"1014001"
PatcharaK,APP System,3,Procurement Officer,specific,"1014002"
PatcharaK,APP System,3,Procurement Officer,specific,"1014003"
PatcharaK,APP System,3,Procurement Officer,specific,"1014005"
PatcharaK,APP System,3,Procurement Officer,specific,"1014008"
PatcharaK,APP System,3,Procurement Officer,specific,"2021001"
PatcharaK,APP System,3,Procurement Officer,specific,"2021005"
PatcharaK,APP System,3,Procurement Officer,specific,"2022001"
PatcharaK,APP System,3,Procurement Officer,specific,"2022005"
PatcharaK,APP System,3,Procurement Officer,specific,"2023001"
PatcharaK,APP System,3,Procurement Officer,specific,"2023005"
PatcharaK,APP System,3,Procurement Officer,specific,"2024001"
PatcharaK,APP System,3,Procurement Officer,specific,"2024005"
PatcharaK,APP System,3,Procurement Officer,specific,"2025001"
PatcharaK,APP System,3,Procurement Officer,specific,"2025005"
PatcharaK,APP System,3,Procurement Officer,specific,"3036001"
PatcharaK,Procurement Assistant System,3,Procurement Officer,All,"11011001"
PatcharaK,Procurement Assistant System,3,Procurement Officer,All,"11011003"
PatcharaK,Procurement Assistant System,3,Procurement Officer,All,"11011005"
PatcharaK,Procurement Assistant System,3,Procurement Officer,All,"11011007"
PatcharaK,Procurement Assistant System,3,Procurement Officer,All,"11012001"
PatcharaK,Procurement Assistant System,3,Procurement Officer,All,"11012002"
PatcharaK,Procurement Assistant System,3,Procurement Officer,All,"11013001"
PatcharaK,Procurement Assistant System,3,Procurement Officer,All,"11013003"
PatcharaK,Procurement Assistant System,3,Procurement Officer,All,"11013005"
PatcharaK,Procurement Assistant System,3,Procurement Officer,All,"11013007"
PatcharaK,Procurement Assistant System,3,Procurement Officer,All,"11014001"
PatcharaK,Procurement Assistant System,3,Procurement Officer,All,"11014005"
PatcharaK,Procurement Assistant System,3,Procurement Officer,All,"21011001"
PatcharaK,Procurement Assistant System,3,Procurement Officer,All,"21011003"
PatcharaK,Procurement Assistant System,3,Procurement Officer,All,"21011005"
PatcharaK,Procurement Assistant System,3,Procurement Officer,All,"21012002"
PatcharaK,Procurement Assistant System,3,Procurement Officer,All,"21012011"
PatcharaK,Procurement Assistant System,3,Procurement Officer,All,"21012012"
PatcharaK,Procurement Assistant System,3,Procurement Officer,All,"21014001"
PatcharaK,Procurement Assistant System,3,Procurement Officer,All,"21014002"
PatcharaK,Procurement Assistant System,3,Procurement Officer,All,"21014003"
PatcharaK,Procurement Assistant System,3,Procurement Officer,All,"21014005"
PatcharaK,Procurement Assistant System,3,Procurement Officer,All,"21014008"
PatcharaK,Procurement Assistant System,3,Procurement Officer,All,"22021001"
PatcharaK,Procurement Assistant System,3,Procurement Officer,All,"22021005"
PatcharaK,Procurement Assistant System,3,Procurement Officer,All,"22022001"
PatcharaK,Procurement Assistant System,3,Procurement Officer,All,"22022005"
PatcharaK,Procurement Assistant System,3,Procurement Officer,All,"22023001"
PatcharaK,Procurement Assistant System,3,Procurement Officer,All,"22023005"
PatcharaK,Procurement Assistant System,3,Procurement Officer,All,"22024001"
PatcharaK,Procurement Assistant System,3,Procurement Officer,All,"22024005"
PatcharaK,Procurement Assistant System,3,Procurement Officer,All,"22025001"
PatcharaK,Procurement Assistant System,3,Procurement Officer,All,"22025005"
PatcharaK,Procurement Assistant System,3,Procurement Officer,All,"30100101"
PatcharaK,Procurement Assistant System,3,Procurement Officer,All,"30100202"
PatcharaK,Procurement Assistant System,3,Procurement Officer,All,"30200202"
PatcharaK,Procurement Assistant System,3,Procurement Officer,All,"30300301"
PatcharaK,Procurement Assistant System,3,Procurement Officer,All,"30300303"
PatcharaK,Procurement Assistant System,3,Procurement Officer,All,"30300304"
PatcharaK,Procurement Assistant System,3,Procurement Officer,All,"30300305"
PatcharaK,Procurement Assistant System,3,Procurement Officer,All,"30300508"
PatcharaK,Procurement Assistant System,3,Procurement Officer,All,"30300509"
PatcharaK,Procurement Assistant System,3,Procurement Officer,All,"30300701"
PatcharaK,Procurement Assistant System,3,Procurement Officer,All,"30400403"
PatcharaK,Procurement Assistant System,3,Procurement Officer,All,"30400406"
PatcharaK,Procurement Assistant System,3,Procurement Officer,All,"30400407"
PatcharaK,Procurement Assistant System,3,Procurement Officer,All,"30400508"
PatcharaK,Procurement Assistant System,3,Procurement Officer,All,"30400509"
PatcharaK,Procurement Assistant System,3,Procurement Officer,All,"30400701"
PatcharaK,Procurement Assistant System,3,Procurement Officer,All,"30400702"
PatcharaK,Procurement Assistant System,3,Procurement Officer,All,"30400703"
PatcharaK,Procurement Assistant System,3,Procurement Officer,All,"30400704"
PatcharaK,Procurement Assistant System,3,Procurement Officer,All,"30500601"
PatcharaK,Procurement Assistant System,3,Procurement Officer,All,"30500603"
PatcharaK,Procurement Assistant System,3,Procurement Officer,All,"30600101"
PatcharaK,Procurement Assistant System,3,Procurement Officer,All,"90900501"
PatimaS,APP System,3,Procurement Officer,specific,"1011001"
PatimaS,APP System,3,Procurement Officer,specific,"1011003"
PatimaS,APP System,3,Procurement Officer,specific,"1011005"
PatimaS,APP System,3,Procurement Officer,specific,"1011011"
PatimaS,APP System,3,Procurement Officer,specific,"1011012"
PatimaS,APP System,3,Procurement Officer,specific,"1012002"
PatimaS,APP System,3,Procurement Officer,specific,"1014001"
PatimaS,APP System,3,Procurement Officer,specific,"1014002"
PatimaS,APP System,3,Procurement Officer,specific,"1014003"
PatimaS,APP System,3,Procurement Officer,specific,"1014005"
PatimaS,APP System,3,Procurement Officer,specific,"1014008"
PatimaS,APP System,3,Procurement Officer,specific,"2021001"
PatimaS,APP System,3,Procurement Officer,specific,"2021005"
PatimaS,APP System,3,Procurement Officer,specific,"2022001"
PatimaS,APP System,3,Procurement Officer,specific,"2022005"
PatimaS,APP System,3,Procurement Officer,specific,"2023001"
PatimaS,APP System,3,Procurement Officer,specific,"2023005"
PatimaS,APP System,3,Procurement Officer,specific,"2024001"
PatimaS,APP System,3,Procurement Officer,specific,"2024005"
PatimaS,APP System,3,Procurement Officer,specific,"2025001"
PatimaS,APP System,3,Procurement Officer,specific,"2025005"
PatimaS,APP System,3,Procurement Officer,specific,"3036001"
PatimaS,Procurement Assistant System,3,Procurement Officer,All,"11011001"
PatimaS,Procurement Assistant System,3,Procurement Officer,All,"11011003"
PatimaS,Procurement Assistant System,3,Procurement Officer,All,"11011005"
PatimaS,Procurement Assistant System,3,Procurement Officer,All,"11011007"
PatimaS,Procurement Assistant System,3,Procurement Officer,All,"11012001"
PatimaS,Procurement Assistant System,3,Procurement Officer,All,"11012002"
PatimaS,Procurement Assistant System,3,Procurement Officer,All,"11013001"
PatimaS,Procurement Assistant System,3,Procurement Officer,All,"11013003"
PatimaS,Procurement Assistant System,3,Procurement Officer,All,"11013005"
PatimaS,Procurement Assistant System,3,Procurement Officer,All,"11013007"
PatimaS,Procurement Assistant System,3,Procurement Officer,All,"11014001"
PatimaS,Procurement Assistant System,3,Procurement Officer,All,"11014005"
PatimaS,Procurement Assistant System,3,Procurement Officer,All,"21011001"
PatimaS,Procurement Assistant System,3,Procurement Officer,All,"21011003"
PatimaS,Procurement Assistant System,3,Procurement Officer,All,"21011005"
PatimaS,Procurement Assistant System,3,Procurement Officer,All,"21012002"
PatimaS,Procurement Assistant System,3,Procurement Officer,All,"21012011"
PatimaS,Procurement Assistant System,3,Procurement Officer,All,"21012012"
PatimaS,Procurement Assistant System,3,Procurement Officer,All,"21014001"
PatimaS,Procurement Assistant System,3,Procurement Officer,All,"21014002"
PatimaS,Procurement Assistant System,3,Procurement Officer,All,"21014003"
PatimaS,Procurement Assistant System,3,Procurement Officer,All,"21014005"
PatimaS,Procurement Assistant System,3,Procurement Officer,All,"21014008"
PatimaS,Procurement Assistant System,3,Procurement Officer,All,"22021001"
PatimaS,Procurement Assistant System,3,Procurement Officer,All,"22021005"
PatimaS,Procurement Assistant System,3,Procurement Officer,All,"22022001"
PatimaS,Procurement Assistant System,3,Procurement Officer,All,"22022005"
PatimaS,Procurement Assistant System,3,Procurement Officer,All,"22023001"
PatimaS,Procurement Assistant System,3,Procurement Officer,All,"22023005"
PatimaS,Procurement Assistant System,3,Procurement Officer,All,"22024001"
PatimaS,Procurement Assistant System,3,Procurement Officer,All,"22024005"
PatimaS,Procurement Assistant System,3,Procurement Officer,All,"22025001"
PatimaS,Procurement Assistant System,3,Procurement Officer,All,"22025005"
PatimaS,Procurement Assistant System,3,Procurement Officer,All,"30100101"
PatimaS,Procurement Assistant System,3,Procurement Officer,All,"30100202"
PatimaS,Procurement Assistant System,3,Procurement Officer,All,"30200202"
PatimaS,Procurement Assistant System,3,Procurement Officer,All,"30300301"
PatimaS,Procurement Assistant System,3,Procurement Officer,All,"30300303"
PatimaS,Procurement Assistant System,3,Procurement Officer,All,"30300304"
PatimaS,Procurement Assistant System,3,Procurement Officer,All,"30300305"
PatimaS,Procurement Assistant System,3,Procurement Officer,All,"30300508"
PatimaS,Procurement Assistant System,3,Procurement Officer,All,"30300509"
PatimaS,Procurement Assistant System,3,Procurement Officer,All,"30300701"
PatimaS,Procurement Assistant System,3,Procurement Officer,All,"30400403"
PatimaS,Procurement Assistant System,3,Procurement Officer,All,"30400406"
PatimaS,Procurement Assistant System,3,Procurement Officer,All,"30400407"
PatimaS,Procurement Assistant System,3,Procurement Officer,All,"30400508"
PatimaS,Procurement Assistant System,3,Procurement Officer,All,"30400509"
PatimaS,Procurement Assistant System,3,Procurement Officer,All,"30400701"
PatimaS,Procurement Assistant System,3,Procurement Officer,All,"30400702"
PatimaS,Procurement Assistant System,3,Procurement Officer,All,"30400703"
PatimaS,Procurement Assistant System,3,Procurement Officer,All,"30400704"
PatimaS,Procurement Assistant System,3,Procurement Officer,All,"30500601"
PatimaS,Procurement Assistant System,3,Procurement Officer,All,"30500603"
PatimaS,Procurement Assistant System,3,Procurement Officer,All,"30600101"
PatimaS,Procurement Assistant System,3,Procurement Officer,All,"90900501"
PatinyaW,APP System,3,Procurement Officer,specific,"1011001"
PatinyaW,APP System,3,Procurement Officer,specific,"1011003"
PatinyaW,APP System,3,Procurement Officer,specific,"1011005"
PatinyaW,APP System,3,Procurement Officer,specific,"1011011"
PatinyaW,APP System,3,Procurement Officer,specific,"1011012"
PatinyaW,APP System,3,Procurement Officer,specific,"1012002"
PatinyaW,APP System,3,Procurement Officer,specific,"1014001"
PatinyaW,APP System,3,Procurement Officer,specific,"1014002"
PatinyaW,APP System,3,Procurement Officer,specific,"1014003"
PatinyaW,APP System,3,Procurement Officer,specific,"1014005"
PatinyaW,APP System,3,Procurement Officer,specific,"1014008"
PatinyaW,APP System,3,Procurement Officer,specific,"2021001"
PatinyaW,APP System,3,Procurement Officer,specific,"2021005"
PatinyaW,APP System,3,Procurement Officer,specific,"2022001"
PatinyaW,APP System,3,Procurement Officer,specific,"2022005"
PatinyaW,APP System,3,Procurement Officer,specific,"2023001"
PatinyaW,APP System,3,Procurement Officer,specific,"2023005"
PatinyaW,APP System,3,Procurement Officer,specific,"2024001"
PatinyaW,APP System,3,Procurement Officer,specific,"2024005"
PatinyaW,APP System,3,Procurement Officer,specific,"2025001"
PatinyaW,APP System,3,Procurement Officer,specific,"2025005"
PatinyaW,APP System,3,Procurement Officer,specific,"3036001"
PatinyaW,Procurement Assistant System,3,Procurement Officer,All,"11011001"
PatinyaW,Procurement Assistant System,3,Procurement Officer,All,"11011003"
PatinyaW,Procurement Assistant System,3,Procurement Officer,All,"11011005"
PatinyaW,Procurement Assistant System,3,Procurement Officer,All,"11011007"
PatinyaW,Procurement Assistant System,3,Procurement Officer,All,"11012001"
PatinyaW,Procurement Assistant System,3,Procurement Officer,All,"11012002"
PatinyaW,Procurement Assistant System,3,Procurement Officer,All,"11013001"
PatinyaW,Procurement Assistant System,3,Procurement Officer,All,"11013003"
PatinyaW,Procurement Assistant System,3,Procurement Officer,All,"11013005"
PatinyaW,Procurement Assistant System,3,Procurement Officer,All,"11013007"
PatinyaW,Procurement Assistant System,3,Procurement Officer,All,"11014001"
PatinyaW,Procurement Assistant System,3,Procurement Officer,All,"11014005"
PatinyaW,Procurement Assistant System,3,Procurement Officer,All,"21011001"
PatinyaW,Procurement Assistant System,3,Procurement Officer,All,"21011003"
PatinyaW,Procurement Assistant System,3,Procurement Officer,All,"21011005"
PatinyaW,Procurement Assistant System,3,Procurement Officer,All,"21012002"
PatinyaW,Procurement Assistant System,3,Procurement Officer,All,"21012011"
PatinyaW,Procurement Assistant System,3,Procurement Officer,All,"21012012"
PatinyaW,Procurement Assistant System,3,Procurement Officer,All,"21014001"
PatinyaW,Procurement Assistant System,3,Procurement Officer,All,"21014002"
PatinyaW,Procurement Assistant System,3,Procurement Officer,All,"21014003"
PatinyaW,Procurement Assistant System,3,Procurement Officer,All,"21014005"
PatinyaW,Procurement Assistant System,3,Procurement Officer,All,"21014008"
PatinyaW,Procurement Assistant System,3,Procurement Officer,All,"22021001"
PatinyaW,Procurement Assistant System,3,Procurement Officer,All,"22021005"
PatinyaW,Procurement Assistant System,3,Procurement Officer,All,"22022001"
PatinyaW,Procurement Assistant System,3,Procurement Officer,All,"22022005"
PatinyaW,Procurement Assistant System,3,Procurement Officer,All,"22023001"
PatinyaW,Procurement Assistant System,3,Procurement Officer,All,"22023005"
PatinyaW,Procurement Assistant System,3,Procurement Officer,All,"22024001"
PatinyaW,Procurement Assistant System,3,Procurement Officer,All,"22024005"
PatinyaW,Procurement Assistant System,3,Procurement Officer,All,"22025001"
PatinyaW,Procurement Assistant System,3,Procurement Officer,All,"22025005"
PatinyaW,Procurement Assistant System,3,Procurement Officer,All,"30100101"
PatinyaW,Procurement Assistant System,3,Procurement Officer,All,"30100202"
PatinyaW,Procurement Assistant System,3,Procurement Officer,All,"30200202"
PatinyaW,Procurement Assistant System,3,Procurement Officer,All,"30300301"
PatinyaW,Procurement Assistant System,3,Procurement Officer,All,"30300303"
PatinyaW,Procurement Assistant System,3,Procurement Officer,All,"30300304"
PatinyaW,Procurement Assistant System,3,Procurement Officer,All,"30300305"
PatinyaW,Procurement Assistant System,3,Procurement Officer,All,"30300508"
PatinyaW,Procurement Assistant System,3,Procurement Officer,All,"30300509"
PatinyaW,Procurement Assistant System,3,Procurement Officer,All,"30300701"
PatinyaW,Procurement Assistant System,3,Procurement Officer,All,"30400403"
PatinyaW,Procurement Assistant System,3,Procurement Officer,All,"30400406"
PatinyaW,Procurement Assistant System,3,Procurement Officer,All,"30400407"
PatinyaW,Procurement Assistant System,3,Procurement Officer,All,"30400508"
PatinyaW,Procurement Assistant System,3,Procurement Officer,All,"30400509"
PatinyaW,Procurement Assistant System,3,Procurement Officer,All,"30400701"
PatinyaW,Procurement Assistant System,3,Procurement Officer,All,"30400702"
PatinyaW,Procurement Assistant System,3,Procurement Officer,All,"30400703"
PatinyaW,Procurement Assistant System,3,Procurement Officer,All,"30400704"
PatinyaW,Procurement Assistant System,3,Procurement Officer,All,"30500601"
PatinyaW,Procurement Assistant System,3,Procurement Officer,All,"30500603"
PatinyaW,Procurement Assistant System,3,Procurement Officer,All,"30600101"
PatinyaW,Procurement Assistant System,3,Procurement Officer,All,"90900501"
PavineeT,APP System,3,Procurement Officer,specific,"1011001"
PavineeT,APP System,3,Procurement Officer,specific,"1011003"
PavineeT,APP System,3,Procurement Officer,specific,"1011005"
PavineeT,APP System,3,Procurement Officer,specific,"1011011"
PavineeT,APP System,3,Procurement Officer,specific,"1011012"
PavineeT,APP System,3,Procurement Officer,specific,"1012002"
PavineeT,APP System,3,Procurement Officer,specific,"1014001"
PavineeT,APP System,3,Procurement Officer,specific,"1014002"
PavineeT,APP System,3,Procurement Officer,specific,"1014003"
PavineeT,APP System,3,Procurement Officer,specific,"1014005"
PavineeT,APP System,3,Procurement Officer,specific,"1014008"
PavineeT,APP System,3,Procurement Officer,specific,"2021001"
PavineeT,APP System,3,Procurement Officer,specific,"2021005"
PavineeT,APP System,3,Procurement Officer,specific,"2022001"
PavineeT,APP System,3,Procurement Officer,specific,"2022005"
PavineeT,APP System,3,Procurement Officer,specific,"2023001"
PavineeT,APP System,3,Procurement Officer,specific,"2023005"
PavineeT,APP System,3,Procurement Officer,specific,"2024001"
PavineeT,APP System,3,Procurement Officer,specific,"2024005"
PavineeT,APP System,3,Procurement Officer,specific,"2025001"
PavineeT,APP System,3,Procurement Officer,specific,"2025005"
PavineeT,APP System,3,Procurement Officer,specific,"3036001"
PavineeT,APP System,9,Focal Point_PSC Report,all,"1011001"
PavineeT,APP System,9,Focal Point_PSC Report,all,"1011003"
PavineeT,APP System,9,Focal Point_PSC Report,all,"1011005"
PavineeT,APP System,9,Focal Point_PSC Report,all,"1011011"
PavineeT,APP System,9,Focal Point_PSC Report,all,"1011012"
PavineeT,APP System,9,Focal Point_PSC Report,all,"1014001"
PavineeT,APP System,9,Focal Point_PSC Report,all,"1014005"
PavineeT,APP System,9,Focal Point_PSC Report,all,"2021001"
PavineeT,APP System,9,Focal Point_PSC Report,all,"2021005"
PavineeT,APP System,9,Focal Point_PSC Report,all,"2022001"
PavineeT,APP System,9,Focal Point_PSC Report,all,"2022005"
PavineeT,APP System,9,Focal Point_PSC Report,all,"2023001"
PavineeT,APP System,9,Focal Point_PSC Report,all,"2023005"
PavineeT,APP System,9,Focal Point_PSC Report,all,"2024001"
PavineeT,APP System,9,Focal Point_PSC Report,all,"2024005"
PavineeT,APP System,9,Focal Point_PSC Report,all,"2025001"
PavineeT,APP System,9,Focal Point_PSC Report,all,"2025005"
PavineeT,APP System,9,Focal Point_PSC Report,all,"3035001"
PavineeT,APP System,9,Focal Point_PSC Report,all,"3036001"
PavineeT,Procurement Assistant System,3,Procurement Officer,All,"11011001"
PavineeT,Procurement Assistant System,3,Procurement Officer,All,"11011003"
PavineeT,Procurement Assistant System,3,Procurement Officer,All,"11011005"
PavineeT,Procurement Assistant System,3,Procurement Officer,All,"11011007"
PavineeT,Procurement Assistant System,3,Procurement Officer,All,"11012001"
PavineeT,Procurement Assistant System,3,Procurement Officer,All,"11012002"
PavineeT,Procurement Assistant System,3,Procurement Officer,All,"11013001"
PavineeT,Procurement Assistant System,3,Procurement Officer,All,"11013003"
PavineeT,Procurement Assistant System,3,Procurement Officer,All,"11013005"
PavineeT,Procurement Assistant System,3,Procurement Officer,All,"11013007"
PavineeT,Procurement Assistant System,3,Procurement Officer,All,"11014001"
PavineeT,Procurement Assistant System,3,Procurement Officer,All,"11014005"
PavineeT,Procurement Assistant System,3,Procurement Officer,All,"21011001"
PavineeT,Procurement Assistant System,3,Procurement Officer,All,"21011003"
PavineeT,Procurement Assistant System,3,Procurement Officer,All,"21011005"
PavineeT,Procurement Assistant System,3,Procurement Officer,All,"21012002"
PavineeT,Procurement Assistant System,3,Procurement Officer,All,"21012011"
PavineeT,Procurement Assistant System,3,Procurement Officer,All,"21012012"
PavineeT,Procurement Assistant System,3,Procurement Officer,All,"21014001"
PavineeT,Procurement Assistant System,3,Procurement Officer,All,"21014002"
PavineeT,Procurement Assistant System,3,Procurement Officer,All,"21014003"
PavineeT,Procurement Assistant System,3,Procurement Officer,All,"21014005"
PavineeT,Procurement Assistant System,3,Procurement Officer,All,"21014008"
PavineeT,Procurement Assistant System,3,Procurement Officer,All,"22021001"
PavineeT,Procurement Assistant System,3,Procurement Officer,All,"22021005"
PavineeT,Procurement Assistant System,3,Procurement Officer,All,"22022001"
PavineeT,Procurement Assistant System,3,Procurement Officer,All,"22022005"
PavineeT,Procurement Assistant System,3,Procurement Officer,All,"22023001"
PavineeT,Procurement Assistant System,3,Procurement Officer,All,"22023005"
PavineeT,Procurement Assistant System,3,Procurement Officer,All,"22024001"
PavineeT,Procurement Assistant System,3,Procurement Officer,All,"22024005"
PavineeT,Procurement Assistant System,3,Procurement Officer,All,"22025001"
PavineeT,Procurement Assistant System,3,Procurement Officer,All,"22025005"
PavineeT,Procurement Assistant System,3,Procurement Officer,All,"30100101"
PavineeT,Procurement Assistant System,3,Procurement Officer,All,"30100202"
PavineeT,Procurement Assistant System,3,Procurement Officer,All,"30200202"
PavineeT,Procurement Assistant System,3,Procurement Officer,All,"30300301"
PavineeT,Procurement Assistant System,3,Procurement Officer,All,"30300303"
PavineeT,Procurement Assistant System,3,Procurement Officer,All,"30300304"
PavineeT,Procurement Assistant System,3,Procurement Officer,All,"30300305"
PavineeT,Procurement Assistant System,3,Procurement Officer,All,"30300508"
PavineeT,Procurement Assistant System,3,Procurement Officer,All,"30300509"
PavineeT,Procurement Assistant System,3,Procurement Officer,All,"30300701"
PavineeT,Procurement Assistant System,3,Procurement Officer,All,"30400403"
PavineeT,Procurement Assistant System,3,Procurement Officer,All,"30400406"
PavineeT,Procurement Assistant System,3,Procurement Officer,All,"30400407"
PavineeT,Procurement Assistant System,3,Procurement Officer,All,"30400508"
PavineeT,Procurement Assistant System,3,Procurement Officer,All,"30400509"
PavineeT,Procurement Assistant System,3,Procurement Officer,All,"30400701"
PavineeT,Procurement Assistant System,3,Procurement Officer,All,"30400702"
PavineeT,Procurement Assistant System,3,Procurement Officer,All,"30400703"
PavineeT,Procurement Assistant System,3,Procurement Officer,All,"30400704"
PavineeT,Procurement Assistant System,3,Procurement Officer,All,"30500601"
PavineeT,Procurement Assistant System,3,Procurement Officer,All,"30500603"
PavineeT,Procurement Assistant System,3,Procurement Officer,All,"30600101"
PavineeT,Procurement Assistant System,3,Procurement Officer,All,"90900501"
PeeraCh,APP System,3,Procurement Officer,specific,"1011001"
PeeraCh,APP System,3,Procurement Officer,specific,"1011003"
PeeraCh,APP System,3,Procurement Officer,specific,"1011005"
PeeraCh,APP System,3,Procurement Officer,specific,"1011011"
PeeraCh,APP System,3,Procurement Officer,specific,"1011012"
PeeraCh,APP System,3,Procurement Officer,specific,"1012002"
PeeraCh,APP System,3,Procurement Officer,specific,"1014001"
PeeraCh,APP System,3,Procurement Officer,specific,"1014002"
PeeraCh,APP System,3,Procurement Officer,specific,"1014003"
PeeraCh,APP System,3,Procurement Officer,specific,"1014005"
PeeraCh,APP System,3,Procurement Officer,specific,"1014008"
PeeraCh,APP System,3,Procurement Officer,specific,"2021001"
PeeraCh,APP System,3,Procurement Officer,specific,"2021005"
PeeraCh,APP System,3,Procurement Officer,specific,"2022001"
PeeraCh,APP System,3,Procurement Officer,specific,"2022005"
PeeraCh,APP System,3,Procurement Officer,specific,"2023001"
PeeraCh,APP System,3,Procurement Officer,specific,"2023005"
PeeraCh,APP System,3,Procurement Officer,specific,"2024001"
PeeraCh,APP System,3,Procurement Officer,specific,"2024005"
PeeraCh,APP System,3,Procurement Officer,specific,"2025001"
PeeraCh,APP System,3,Procurement Officer,specific,"2025005"
PeeraCh,APP System,3,Procurement Officer,specific,"3036001"
PeeraCh,Procurement Assistant System,3,Procurement Officer,All,"11011001"
PeeraCh,Procurement Assistant System,3,Procurement Officer,All,"11011003"
PeeraCh,Procurement Assistant System,3,Procurement Officer,All,"11011005"
PeeraCh,Procurement Assistant System,3,Procurement Officer,All,"11011007"
PeeraCh,Procurement Assistant System,3,Procurement Officer,All,"11012001"
PeeraCh,Procurement Assistant System,3,Procurement Officer,All,"11012002"
PeeraCh,Procurement Assistant System,3,Procurement Officer,All,"11013001"
PeeraCh,Procurement Assistant System,3,Procurement Officer,All,"11013003"
PeeraCh,Procurement Assistant System,3,Procurement Officer,All,"11013005"
PeeraCh,Procurement Assistant System,3,Procurement Officer,All,"11013007"
PeeraCh,Procurement Assistant System,3,Procurement Officer,All,"11014001"
PeeraCh,Procurement Assistant System,3,Procurement Officer,All,"11014005"
PeeraCh,Procurement Assistant System,3,Procurement Officer,All,"21011001"
PeeraCh,Procurement Assistant System,3,Procurement Officer,All,"21011003"
PeeraCh,Procurement Assistant System,3,Procurement Officer,All,"21011005"
PeeraCh,Procurement Assistant System,3,Procurement Officer,All,"21012002"
PeeraCh,Procurement Assistant System,3,Procurement Officer,All,"21012011"
PeeraCh,Procurement Assistant System,3,Procurement Officer,All,"21012012"
PeeraCh,Procurement Assistant System,3,Procurement Officer,All,"21014001"
PeeraCh,Procurement Assistant System,3,Procurement Officer,All,"21014002"
PeeraCh,Procurement Assistant System,3,Procurement Officer,All,"21014003"
PeeraCh,Procurement Assistant System,3,Procurement Officer,All,"21014005"
PeeraCh,Procurement Assistant System,3,Procurement Officer,All,"21014008"
PeeraCh,Procurement Assistant System,3,Procurement Officer,All,"22021001"
PeeraCh,Procurement Assistant System,3,Procurement Officer,All,"22021005"
PeeraCh,Procurement Assistant System,3,Procurement Officer,All,"22022001"
PeeraCh,Procurement Assistant System,3,Procurement Officer,All,"22022005"
PeeraCh,Procurement Assistant System,3,Procurement Officer,All,"22023001"
PeeraCh,Procurement Assistant System,3,Procurement Officer,All,"22023005"
PeeraCh,Procurement Assistant System,3,Procurement Officer,All,"22024001"
PeeraCh,Procurement Assistant System,3,Procurement Officer,All,"22024005"
PeeraCh,Procurement Assistant System,3,Procurement Officer,All,"22025001"
PeeraCh,Procurement Assistant System,3,Procurement Officer,All,"22025005"
PeeraCh,Procurement Assistant System,3,Procurement Officer,All,"30100101"
PeeraCh,Procurement Assistant System,3,Procurement Officer,All,"30100202"
PeeraCh,Procurement Assistant System,3,Procurement Officer,All,"30200202"
PeeraCh,Procurement Assistant System,3,Procurement Officer,All,"30300301"
PeeraCh,Procurement Assistant System,3,Procurement Officer,All,"30300303"
PeeraCh,Procurement Assistant System,3,Procurement Officer,All,"30300304"
PeeraCh,Procurement Assistant System,3,Procurement Officer,All,"30300305"
PeeraCh,Procurement Assistant System,3,Procurement Officer,All,"30300508"
PeeraCh,Procurement Assistant System,3,Procurement Officer,All,"30300509"
PeeraCh,Procurement Assistant System,3,Procurement Officer,All,"30300701"
PeeraCh,Procurement Assistant System,3,Procurement Officer,All,"30400403"
PeeraCh,Procurement Assistant System,3,Procurement Officer,All,"30400406"
PeeraCh,Procurement Assistant System,3,Procurement Officer,All,"30400407"
PeeraCh,Procurement Assistant System,3,Procurement Officer,All,"30400508"
PeeraCh,Procurement Assistant System,3,Procurement Officer,All,"30400509"
PeeraCh,Procurement Assistant System,3,Procurement Officer,All,"30400701"
PeeraCh,Procurement Assistant System,3,Procurement Officer,All,"30400702"
PeeraCh,Procurement Assistant System,3,Procurement Officer,All,"30400703"
PeeraCh,Procurement Assistant System,3,Procurement Officer,All,"30400704"
PeeraCh,Procurement Assistant System,3,Procurement Officer,All,"30500601"
PeeraCh,Procurement Assistant System,3,Procurement Officer,All,"30500603"
PeeraCh,Procurement Assistant System,3,Procurement Officer,All,"30600101"
PeeraCh,Procurement Assistant System,3,Procurement Officer,All,"90900501"
PhetphailinS,APP System,3,Procurement Officer,specific,"1011001"
PhetphailinS,APP System,3,Procurement Officer,specific,"1011003"
PhetphailinS,APP System,3,Procurement Officer,specific,"1011005"
PhetphailinS,APP System,3,Procurement Officer,specific,"1011011"
PhetphailinS,APP System,3,Procurement Officer,specific,"1011012"
PhetphailinS,APP System,3,Procurement Officer,specific,"1012002"
PhetphailinS,APP System,3,Procurement Officer,specific,"1014001"
PhetphailinS,APP System,3,Procurement Officer,specific,"1014002"
PhetphailinS,APP System,3,Procurement Officer,specific,"1014003"
PhetphailinS,APP System,3,Procurement Officer,specific,"1014005"
PhetphailinS,APP System,3,Procurement Officer,specific,"1014008"
PhetphailinS,APP System,3,Procurement Officer,specific,"2021001"
PhetphailinS,APP System,3,Procurement Officer,specific,"2021005"
PhetphailinS,APP System,3,Procurement Officer,specific,"2022001"
PhetphailinS,APP System,3,Procurement Officer,specific,"2022005"
PhetphailinS,APP System,3,Procurement Officer,specific,"2023001"
PhetphailinS,APP System,3,Procurement Officer,specific,"2023005"
PhetphailinS,APP System,3,Procurement Officer,specific,"2024001"
PhetphailinS,APP System,3,Procurement Officer,specific,"2024005"
PhetphailinS,APP System,3,Procurement Officer,specific,"2025001"
PhetphailinS,APP System,3,Procurement Officer,specific,"2025005"
PhetphailinS,APP System,3,Procurement Officer,specific,"3036001"
PhetphailinS,Procurement Assistant System,3,Procurement Officer,All,"11011001"
PhetphailinS,Procurement Assistant System,3,Procurement Officer,All,"11011003"
PhetphailinS,Procurement Assistant System,3,Procurement Officer,All,"11011005"
PhetphailinS,Procurement Assistant System,3,Procurement Officer,All,"11011007"
PhetphailinS,Procurement Assistant System,3,Procurement Officer,All,"11012001"
PhetphailinS,Procurement Assistant System,3,Procurement Officer,All,"11012002"
PhetphailinS,Procurement Assistant System,3,Procurement Officer,All,"11013001"
PhetphailinS,Procurement Assistant System,3,Procurement Officer,All,"11013003"
PhetphailinS,Procurement Assistant System,3,Procurement Officer,All,"11013005"
PhetphailinS,Procurement Assistant System,3,Procurement Officer,All,"11013007"
PhetphailinS,Procurement Assistant System,3,Procurement Officer,All,"11014001"
PhetphailinS,Procurement Assistant System,3,Procurement Officer,All,"11014005"
PhetphailinS,Procurement Assistant System,3,Procurement Officer,All,"21011001"
PhetphailinS,Procurement Assistant System,3,Procurement Officer,All,"21011003"
PhetphailinS,Procurement Assistant System,3,Procurement Officer,All,"21011005"
PhetphailinS,Procurement Assistant System,3,Procurement Officer,All,"21012002"
PhetphailinS,Procurement Assistant System,3,Procurement Officer,All,"21012011"
PhetphailinS,Procurement Assistant System,3,Procurement Officer,All,"21012012"
PhetphailinS,Procurement Assistant System,3,Procurement Officer,All,"21014001"
PhetphailinS,Procurement Assistant System,3,Procurement Officer,All,"21014002"
PhetphailinS,Procurement Assistant System,3,Procurement Officer,All,"21014003"
PhetphailinS,Procurement Assistant System,3,Procurement Officer,All,"21014005"
PhetphailinS,Procurement Assistant System,3,Procurement Officer,All,"21014008"
PhetphailinS,Procurement Assistant System,3,Procurement Officer,All,"22021001"
PhetphailinS,Procurement Assistant System,3,Procurement Officer,All,"22021005"
PhetphailinS,Procurement Assistant System,3,Procurement Officer,All,"22022001"
PhetphailinS,Procurement Assistant System,3,Procurement Officer,All,"22022005"
PhetphailinS,Procurement Assistant System,3,Procurement Officer,All,"22023001"
PhetphailinS,Procurement Assistant System,3,Procurement Officer,All,"22023005"
PhetphailinS,Procurement Assistant System,3,Procurement Officer,All,"22024001"
PhetphailinS,Procurement Assistant System,3,Procurement Officer,All,"22024005"
PhetphailinS,Procurement Assistant System,3,Procurement Officer,All,"22025001"
PhetphailinS,Procurement Assistant System,3,Procurement Officer,All,"22025005"
PhetphailinS,Procurement Assistant System,3,Procurement Officer,All,"30100101"
PhetphailinS,Procurement Assistant System,3,Procurement Officer,All,"30100202"
PhetphailinS,Procurement Assistant System,3,Procurement Officer,All,"30200202"
PhetphailinS,Procurement Assistant System,3,Procurement Officer,All,"30300301"
PhetphailinS,Procurement Assistant System,3,Procurement Officer,All,"30300303"
PhetphailinS,Procurement Assistant System,3,Procurement Officer,All,"30300304"
PhetphailinS,Procurement Assistant System,3,Procurement Officer,All,"30300305"
PhetphailinS,Procurement Assistant System,3,Procurement Officer,All,"30300508"
PhetphailinS,Procurement Assistant System,3,Procurement Officer,All,"30300509"
PhetphailinS,Procurement Assistant System,3,Procurement Officer,All,"30300701"
PhetphailinS,Procurement Assistant System,3,Procurement Officer,All,"30400403"
PhetphailinS,Procurement Assistant System,3,Procurement Officer,All,"30400406"
PhetphailinS,Procurement Assistant System,3,Procurement Officer,All,"30400407"
PhetphailinS,Procurement Assistant System,3,Procurement Officer,All,"30400508"
PhetphailinS,Procurement Assistant System,3,Procurement Officer,All,"30400509"
PhetphailinS,Procurement Assistant System,3,Procurement Officer,All,"30400701"
PhetphailinS,Procurement Assistant System,3,Procurement Officer,All,"30400702"
PhetphailinS,Procurement Assistant System,3,Procurement Officer,All,"30400703"
PhetphailinS,Procurement Assistant System,3,Procurement Officer,All,"30400704"
PhetphailinS,Procurement Assistant System,3,Procurement Officer,All,"30500601"
PhetphailinS,Procurement Assistant System,3,Procurement Officer,All,"30500603"
PhetphailinS,Procurement Assistant System,3,Procurement Officer,All,"30600101"
PhetphailinS,Procurement Assistant System,3,Procurement Officer,All,"90900501"
PhikunP,APP System,3,Procurement Officer,specific,"1011001"
PhikunP,APP System,3,Procurement Officer,specific,"1011003"
PhikunP,APP System,3,Procurement Officer,specific,"1011005"
PhikunP,APP System,3,Procurement Officer,specific,"1011011"
PhikunP,APP System,3,Procurement Officer,specific,"1011012"
PhikunP,APP System,3,Procurement Officer,specific,"1012002"
PhikunP,APP System,3,Procurement Officer,specific,"1014001"
PhikunP,APP System,3,Procurement Officer,specific,"1014002"
PhikunP,APP System,3,Procurement Officer,specific,"1014003"
PhikunP,APP System,3,Procurement Officer,specific,"1014005"
PhikunP,APP System,3,Procurement Officer,specific,"1014008"
PhikunP,APP System,3,Procurement Officer,specific,"2021001"
PhikunP,APP System,3,Procurement Officer,specific,"2021005"
PhikunP,APP System,3,Procurement Officer,specific,"2022001"
PhikunP,APP System,3,Procurement Officer,specific,"2022005"
PhikunP,APP System,3,Procurement Officer,specific,"2023001"
PhikunP,APP System,3,Procurement Officer,specific,"2023005"
PhikunP,APP System,3,Procurement Officer,specific,"2024001"
PhikunP,APP System,3,Procurement Officer,specific,"2024005"
PhikunP,APP System,3,Procurement Officer,specific,"2025001"
PhikunP,APP System,3,Procurement Officer,specific,"2025005"
PhikunP,APP System,3,Procurement Officer,specific,"3036001"
PhikunP,Procurement Assistant System,3,Procurement Officer,All,"11011001"
PhikunP,Procurement Assistant System,3,Procurement Officer,All,"11011003"
PhikunP,Procurement Assistant System,3,Procurement Officer,All,"11011005"
PhikunP,Procurement Assistant System,3,Procurement Officer,All,"11011007"
PhikunP,Procurement Assistant System,3,Procurement Officer,All,"11012001"
PhikunP,Procurement Assistant System,3,Procurement Officer,All,"11012002"
PhikunP,Procurement Assistant System,3,Procurement Officer,All,"11013001"
PhikunP,Procurement Assistant System,3,Procurement Officer,All,"11013003"
PhikunP,Procurement Assistant System,3,Procurement Officer,All,"11013005"
PhikunP,Procurement Assistant System,3,Procurement Officer,All,"11013007"
PhikunP,Procurement Assistant System,3,Procurement Officer,All,"11014001"
PhikunP,Procurement Assistant System,3,Procurement Officer,All,"11014005"
PhikunP,Procurement Assistant System,3,Procurement Officer,All,"21011001"
PhikunP,Procurement Assistant System,3,Procurement Officer,All,"21011003"
PhikunP,Procurement Assistant System,3,Procurement Officer,All,"21011005"
PhikunP,Procurement Assistant System,3,Procurement Officer,All,"21012002"
PhikunP,Procurement Assistant System,3,Procurement Officer,All,"21012011"
PhikunP,Procurement Assistant System,3,Procurement Officer,All,"21012012"
PhikunP,Procurement Assistant System,3,Procurement Officer,All,"21014001"
PhikunP,Procurement Assistant System,3,Procurement Officer,All,"21014002"
PhikunP,Procurement Assistant System,3,Procurement Officer,All,"21014003"
PhikunP,Procurement Assistant System,3,Procurement Officer,All,"21014005"
PhikunP,Procurement Assistant System,3,Procurement Officer,All,"21014008"
PhikunP,Procurement Assistant System,3,Procurement Officer,All,"22021001"
PhikunP,Procurement Assistant System,3,Procurement Officer,All,"22021005"
PhikunP,Procurement Assistant System,3,Procurement Officer,All,"22022001"
PhikunP,Procurement Assistant System,3,Procurement Officer,All,"22022005"
PhikunP,Procurement Assistant System,3,Procurement Officer,All,"22023001"
PhikunP,Procurement Assistant System,3,Procurement Officer,All,"22023005"
PhikunP,Procurement Assistant System,3,Procurement Officer,All,"22024001"
PhikunP,Procurement Assistant System,3,Procurement Officer,All,"22024005"
PhikunP,Procurement Assistant System,3,Procurement Officer,All,"22025001"
PhikunP,Procurement Assistant System,3,Procurement Officer,All,"22025005"
PhikunP,Procurement Assistant System,3,Procurement Officer,All,"30100101"
PhikunP,Procurement Assistant System,3,Procurement Officer,All,"30100202"
PhikunP,Procurement Assistant System,3,Procurement Officer,All,"30200202"
PhikunP,Procurement Assistant System,3,Procurement Officer,All,"30300301"
PhikunP,Procurement Assistant System,3,Procurement Officer,All,"30300303"
PhikunP,Procurement Assistant System,3,Procurement Officer,All,"30300304"
PhikunP,Procurement Assistant System,3,Procurement Officer,All,"30300305"
PhikunP,Procurement Assistant System,3,Procurement Officer,All,"30300508"
PhikunP,Procurement Assistant System,3,Procurement Officer,All,"30300509"
PhikunP,Procurement Assistant System,3,Procurement Officer,All,"30300701"
PhikunP,Procurement Assistant System,3,Procurement Officer,All,"30400403"
PhikunP,Procurement Assistant System,3,Procurement Officer,All,"30400406"
PhikunP,Procurement Assistant System,3,Procurement Officer,All,"30400407"
PhikunP,Procurement Assistant System,3,Procurement Officer,All,"30400508"
PhikunP,Procurement Assistant System,3,Procurement Officer,All,"30400509"
PhikunP,Procurement Assistant System,3,Procurement Officer,All,"30400701"
PhikunP,Procurement Assistant System,3,Procurement Officer,All,"30400702"
PhikunP,Procurement Assistant System,3,Procurement Officer,All,"30400703"
PhikunP,Procurement Assistant System,3,Procurement Officer,All,"30400704"
PhikunP,Procurement Assistant System,3,Procurement Officer,All,"30500601"
PhikunP,Procurement Assistant System,3,Procurement Officer,All,"30500603"
PhikunP,Procurement Assistant System,3,Procurement Officer,All,"30600101"
PhikunP,Procurement Assistant System,3,Procurement Officer,All,"90900501"
PichasireeT,APP System,7,Management relate org,specific,"1011001"
PichasireeT,APP System,7,Management relate org,specific,"1011005"
PichasireeT,APP System,7,Management relate org,specific,"1014001"
PichasireeT,APP System,7,Management relate org,specific,"1014005"
PichasireeT,APP System,7,Management relate org,specific,"2021001"
PichasireeT,APP System,7,Management relate org,specific,"2021005"
PichasireeT,APP System,7,Management relate org,specific,"2022001"
PichasireeT,APP System,7,Management relate org,specific,"2022005"
PichasireeT,APP System,7,Management relate org,specific,"2023001"
PichasireeT,APP System,7,Management relate org,specific,"2023005"
PichasireeT,APP System,7,Management relate org,specific,"2024001"
PichasireeT,APP System,7,Management relate org,specific,"2024005"
PichasireeT,APP System,7,Management relate org,specific,"2025001"
PichasireeT,APP System,7,Management relate org,specific,"2025005"
PichasireeT,Procurement Assistant System,4,Procurement Manager,Specific,"30100101"
PichasireeT,Procurement Assistant System,4,Procurement Manager,Specific,"30300301"
PichasireeT,Procurement Assistant System,4,Procurement Manager,Specific,"30300509"
PichasireeT,Procurement Assistant System,4,Procurement Manager,Specific,"30400509"
PichasireeT,Procurement Assistant System,4,Procurement Manager,Specific,"30500601"
PichasireeT,Procurement Assistant System,4,Procurement Manager,Specific,"30600101"
PichasireeT,Reference Price System,2,Role Supply Chain,Admin,"101101"
PichasireeT,Reference Price System,2,Role Supply Chain,Admin,"101103"
PimalaB,APP System,6,PSC Report Management,all,"1011001"
PimalaB,APP System,6,PSC Report Management,all,"1011003"
PimalaB,APP System,6,PSC Report Management,all,"1011005"
PimalaB,APP System,6,PSC Report Management,all,"1011008"
PimalaB,APP System,6,PSC Report Management,all,"1011011"
PimalaB,APP System,6,PSC Report Management,all,"1011012"
PimalaB,APP System,6,PSC Report Management,all,"1014001"
PimalaB,APP System,6,PSC Report Management,all,"1014002"
PimalaB,APP System,6,PSC Report Management,all,"1014003"
PimalaB,APP System,6,PSC Report Management,all,"1014005"
PimalaB,APP System,6,PSC Report Management,all,"1014007"
PimalaB,APP System,6,PSC Report Management,all,"1014008"
PimalaB,APP System,6,PSC Report Management,all,"2021001"
PimalaB,APP System,6,PSC Report Management,all,"2021005"
PimalaB,APP System,6,PSC Report Management,all,"2021009"
PimalaB,APP System,6,PSC Report Management,all,"2022001"
PimalaB,APP System,6,PSC Report Management,all,"2022005"
PimalaB,APP System,6,PSC Report Management,all,"2022009"
PimalaB,APP System,6,PSC Report Management,all,"2023001"
PimalaB,APP System,6,PSC Report Management,all,"2023005"
PimalaB,APP System,6,PSC Report Management,all,"2024001"
PimalaB,APP System,6,PSC Report Management,all,"2024005"
PimalaB,APP System,6,PSC Report Management,all,"2025001"
PimalaB,APP System,6,PSC Report Management,all,"2025005"
PimalaB,APP System,6,PSC Report Management,all,"3035001"
PimalaB,APP System,6,PSC Report Management,all,"3035003"
PimalaB,APP System,6,PSC Report Management,all,"3036001"
PimalaB,Reference Price System,2,Role Supply Chain,Admin,"101101"
PimalaB,Reference Price System,2,Role Supply Chain,Admin,"101103"
PloyphattraL,APP System,3,Procurement Officer,specific,"1011001"
PloyphattraL,APP System,3,Procurement Officer,specific,"1011003"
PloyphattraL,APP System,3,Procurement Officer,specific,"1011005"
PloyphattraL,APP System,3,Procurement Officer,specific,"1011011"
PloyphattraL,APP System,3,Procurement Officer,specific,"1011012"
PloyphattraL,APP System,3,Procurement Officer,specific,"1012002"
PloyphattraL,APP System,3,Procurement Officer,specific,"1014001"
PloyphattraL,APP System,3,Procurement Officer,specific,"1014002"
PloyphattraL,APP System,3,Procurement Officer,specific,"1014003"
PloyphattraL,APP System,3,Procurement Officer,specific,"1014005"
PloyphattraL,APP System,3,Procurement Officer,specific,"1014008"
PloyphattraL,APP System,3,Procurement Officer,specific,"2021001"
PloyphattraL,APP System,3,Procurement Officer,specific,"2021005"
PloyphattraL,APP System,3,Procurement Officer,specific,"2022001"
PloyphattraL,APP System,3,Procurement Officer,specific,"2022005"
PloyphattraL,APP System,3,Procurement Officer,specific,"2023001"
PloyphattraL,APP System,3,Procurement Officer,specific,"2023005"
PloyphattraL,APP System,3,Procurement Officer,specific,"2024001"
PloyphattraL,APP System,3,Procurement Officer,specific,"2024005"
PloyphattraL,APP System,3,Procurement Officer,specific,"2025001"
PloyphattraL,APP System,3,Procurement Officer,specific,"2025005"
PloyphattraL,APP System,3,Procurement Officer,specific,"3036001"
PloyphattraL,Procurement Assistant System,3,Procurement Officer,All,"11011001"
PloyphattraL,Procurement Assistant System,3,Procurement Officer,All,"11011003"
PloyphattraL,Procurement Assistant System,3,Procurement Officer,All,"11011005"
PloyphattraL,Procurement Assistant System,3,Procurement Officer,All,"11011007"
PloyphattraL,Procurement Assistant System,3,Procurement Officer,All,"11012001"
PloyphattraL,Procurement Assistant System,3,Procurement Officer,All,"11012002"
PloyphattraL,Procurement Assistant System,3,Procurement Officer,All,"11013001"
PloyphattraL,Procurement Assistant System,3,Procurement Officer,All,"11013003"
PloyphattraL,Procurement Assistant System,3,Procurement Officer,All,"11013005"
PloyphattraL,Procurement Assistant System,3,Procurement Officer,All,"11013007"
PloyphattraL,Procurement Assistant System,3,Procurement Officer,All,"11014001"
PloyphattraL,Procurement Assistant System,3,Procurement Officer,All,"11014005"
PloyphattraL,Procurement Assistant System,3,Procurement Officer,All,"21011001"
PloyphattraL,Procurement Assistant System,3,Procurement Officer,All,"21011003"
PloyphattraL,Procurement Assistant System,3,Procurement Officer,All,"21011005"
PloyphattraL,Procurement Assistant System,3,Procurement Officer,All,"21012002"
PloyphattraL,Procurement Assistant System,3,Procurement Officer,All,"21012011"
PloyphattraL,Procurement Assistant System,3,Procurement Officer,All,"21012012"
PloyphattraL,Procurement Assistant System,3,Procurement Officer,All,"21014001"
PloyphattraL,Procurement Assistant System,3,Procurement Officer,All,"21014002"
PloyphattraL,Procurement Assistant System,3,Procurement Officer,All,"21014003"
PloyphattraL,Procurement Assistant System,3,Procurement Officer,All,"21014005"
PloyphattraL,Procurement Assistant System,3,Procurement Officer,All,"21014008"
PloyphattraL,Procurement Assistant System,3,Procurement Officer,All,"22021001"
PloyphattraL,Procurement Assistant System,3,Procurement Officer,All,"22021005"
PloyphattraL,Procurement Assistant System,3,Procurement Officer,All,"22022001"
PloyphattraL,Procurement Assistant System,3,Procurement Officer,All,"22022005"
PloyphattraL,Procurement Assistant System,3,Procurement Officer,All,"22023001"
PloyphattraL,Procurement Assistant System,3,Procurement Officer,All,"22023005"
PloyphattraL,Procurement Assistant System,3,Procurement Officer,All,"22024001"
PloyphattraL,Procurement Assistant System,3,Procurement Officer,All,"22024005"
PloyphattraL,Procurement Assistant System,3,Procurement Officer,All,"22025001"
PloyphattraL,Procurement Assistant System,3,Procurement Officer,All,"22025005"
PloyphattraL,Procurement Assistant System,3,Procurement Officer,All,"30100101"
PloyphattraL,Procurement Assistant System,3,Procurement Officer,All,"30100202"
PloyphattraL,Procurement Assistant System,3,Procurement Officer,All,"30200202"
PloyphattraL,Procurement Assistant System,3,Procurement Officer,All,"30300301"
PloyphattraL,Procurement Assistant System,3,Procurement Officer,All,"30300303"
PloyphattraL,Procurement Assistant System,3,Procurement Officer,All,"30300304"
PloyphattraL,Procurement Assistant System,3,Procurement Officer,All,"30300305"
PloyphattraL,Procurement Assistant System,3,Procurement Officer,All,"30300508"
PloyphattraL,Procurement Assistant System,3,Procurement Officer,All,"30300509"
PloyphattraL,Procurement Assistant System,3,Procurement Officer,All,"30300701"
PloyphattraL,Procurement Assistant System,3,Procurement Officer,All,"30400403"
PloyphattraL,Procurement Assistant System,3,Procurement Officer,All,"30400406"
PloyphattraL,Procurement Assistant System,3,Procurement Officer,All,"30400407"
PloyphattraL,Procurement Assistant System,3,Procurement Officer,All,"30400508"
PloyphattraL,Procurement Assistant System,3,Procurement Officer,All,"30400509"
PloyphattraL,Procurement Assistant System,3,Procurement Officer,All,"30400701"
PloyphattraL,Procurement Assistant System,3,Procurement Officer,All,"30400702"
PloyphattraL,Procurement Assistant System,3,Procurement Officer,All,"30400703"
PloyphattraL,Procurement Assistant System,3,Procurement Officer,All,"30400704"
PloyphattraL,Procurement Assistant System,3,Procurement Officer,All,"30500601"
PloyphattraL,Procurement Assistant System,3,Procurement Officer,All,"30500603"
PloyphattraL,Procurement Assistant System,3,Procurement Officer,All,"30600101"
PloyphattraL,Procurement Assistant System,3,Procurement Officer,All,"90900501"
PoorichayaL,APP System,5,Asset,all,"1011001"
PoorichayaL,APP System,5,Asset,all,"1011005"
PoorichayaL,APP System,5,Asset,all,"1014001"
PoorichayaL,APP System,5,Asset,all,"1014002"
PoorichayaL,APP System,5,Asset,all,"1014003"
PoorichayaL,APP System,5,Asset,all,"1014005"
PoorichayaL,APP System,5,Asset,all,"1014007"
PoorichayaL,APP System,5,Asset,all,"1014008"
PoorichayaL,APP System,5,Asset,all,"2021001"
PoorichayaL,APP System,5,Asset,all,"2021005"
PoorichayaL,APP System,5,Asset,all,"2022001"
PoorichayaL,APP System,5,Asset,all,"2022005"
PoorichayaL,APP System,5,Asset,all,"2023001"
PoorichayaL,APP System,5,Asset,all,"2023005"
PoorichayaL,APP System,5,Asset,all,"2025001"
PoorichayaL,APP System,5,Asset,all,"2025005"
PoorichayaL,APP System,5,Asset,all,"3036001"
PornpasuK,APP System,7,Management relate org,specific,"1011001"
PornpasuK,APP System,7,Management relate org,specific,"1011005"
PornpasuK,APP System,7,Management relate org,specific,"1014001"
PornpasuK,APP System,7,Management relate org,specific,"1014005"
PornpasuK,APP System,7,Management relate org,specific,"2021001"
PornpasuK,APP System,7,Management relate org,specific,"2021005"
PornpasuK,APP System,7,Management relate org,specific,"2022001"
PornpasuK,APP System,7,Management relate org,specific,"2022005"
PornpasuK,APP System,7,Management relate org,specific,"2023001"
PornpasuK,APP System,7,Management relate org,specific,"2023005"
PornpasuK,APP System,7,Management relate org,specific,"2024001"
PornpasuK,APP System,7,Management relate org,specific,"2024005"
PornpasuK,APP System,7,Management relate org,specific,"2025001"
PornpasuK,APP System,7,Management relate org,specific,"2025005"
PornpukC,APP System,3,Procurement Officer,specific,"1011001"
PornpukC,APP System,3,Procurement Officer,specific,"1011003"
PornpukC,APP System,3,Procurement Officer,specific,"1011005"
PornpukC,APP System,3,Procurement Officer,specific,"1011011"
PornpukC,APP System,3,Procurement Officer,specific,"1011012"
PornpukC,APP System,3,Procurement Officer,specific,"1012002"
PornpukC,APP System,3,Procurement Officer,specific,"1014001"
PornpukC,APP System,3,Procurement Officer,specific,"1014002"
PornpukC,APP System,3,Procurement Officer,specific,"1014003"
PornpukC,APP System,3,Procurement Officer,specific,"1014005"
PornpukC,APP System,3,Procurement Officer,specific,"1014008"
PornpukC,APP System,3,Procurement Officer,specific,"2021001"
PornpukC,APP System,3,Procurement Officer,specific,"2021005"
PornpukC,APP System,3,Procurement Officer,specific,"2022001"
PornpukC,APP System,3,Procurement Officer,specific,"2022005"
PornpukC,APP System,3,Procurement Officer,specific,"2023001"
PornpukC,APP System,3,Procurement Officer,specific,"2023005"
PornpukC,APP System,3,Procurement Officer,specific,"2024001"
PornpukC,APP System,3,Procurement Officer,specific,"2024005"
PornpukC,APP System,3,Procurement Officer,specific,"2025001"
PornpukC,APP System,3,Procurement Officer,specific,"2025005"
PornpukC,APP System,3,Procurement Officer,specific,"3036001"
PornpukC,APP System,9,Focal Point_PSC Report,all,"1011001"
PornpukC,APP System,9,Focal Point_PSC Report,all,"1011003"
PornpukC,APP System,9,Focal Point_PSC Report,all,"1011005"
PornpukC,APP System,9,Focal Point_PSC Report,all,"1011011"
PornpukC,APP System,9,Focal Point_PSC Report,all,"1011012"
PornpukC,APP System,9,Focal Point_PSC Report,all,"1014001"
PornpukC,APP System,9,Focal Point_PSC Report,all,"1014005"
PornpukC,APP System,9,Focal Point_PSC Report,all,"2021001"
PornpukC,APP System,9,Focal Point_PSC Report,all,"2021005"
PornpukC,APP System,9,Focal Point_PSC Report,all,"2022001"
PornpukC,APP System,9,Focal Point_PSC Report,all,"2022005"
PornpukC,APP System,9,Focal Point_PSC Report,all,"2023001"
PornpukC,APP System,9,Focal Point_PSC Report,all,"2023005"
PornpukC,APP System,9,Focal Point_PSC Report,all,"2024001"
PornpukC,APP System,9,Focal Point_PSC Report,all,"2024005"
PornpukC,APP System,9,Focal Point_PSC Report,all,"2025001"
PornpukC,APP System,9,Focal Point_PSC Report,all,"2025005"
PornpukC,APP System,9,Focal Point_PSC Report,all,"3035001"
PornpukC,APP System,9,Focal Point_PSC Report,all,"3036001"
PornpukC,Procurement Assistant System,3,Procurement Officer,All,"11011001"
PornpukC,Procurement Assistant System,3,Procurement Officer,All,"11011003"
PornpukC,Procurement Assistant System,3,Procurement Officer,All,"11011005"
PornpukC,Procurement Assistant System,3,Procurement Officer,All,"11011007"
PornpukC,Procurement Assistant System,3,Procurement Officer,All,"11012001"
PornpukC,Procurement Assistant System,3,Procurement Officer,All,"11012002"
PornpukC,Procurement Assistant System,3,Procurement Officer,All,"11013001"
PornpukC,Procurement Assistant System,3,Procurement Officer,All,"11013003"
PornpukC,Procurement Assistant System,3,Procurement Officer,All,"11013005"
PornpukC,Procurement Assistant System,3,Procurement Officer,All,"11013007"
PornpukC,Procurement Assistant System,3,Procurement Officer,All,"11014001"
PornpukC,Procurement Assistant System,3,Procurement Officer,All,"11014005"
PornpukC,Procurement Assistant System,3,Procurement Officer,All,"21011001"
PornpukC,Procurement Assistant System,3,Procurement Officer,All,"21011003"
PornpukC,Procurement Assistant System,3,Procurement Officer,All,"21011005"
PornpukC,Procurement Assistant System,3,Procurement Officer,All,"21012002"
PornpukC,Procurement Assistant System,3,Procurement Officer,All,"21012011"
PornpukC,Procurement Assistant System,3,Procurement Officer,All,"21012012"
PornpukC,Procurement Assistant System,3,Procurement Officer,All,"21014001"
PornpukC,Procurement Assistant System,3,Procurement Officer,All,"21014002"
PornpukC,Procurement Assistant System,3,Procurement Officer,All,"21014003"
PornpukC,Procurement Assistant System,3,Procurement Officer,All,"21014005"
PornpukC,Procurement Assistant System,3,Procurement Officer,All,"21014008"
PornpukC,Procurement Assistant System,3,Procurement Officer,All,"22021001"
PornpukC,Procurement Assistant System,3,Procurement Officer,All,"22021005"
PornpukC,Procurement Assistant System,3,Procurement Officer,All,"22022001"
PornpukC,Procurement Assistant System,3,Procurement Officer,All,"22022005"
PornpukC,Procurement Assistant System,3,Procurement Officer,All,"22023001"
PornpukC,Procurement Assistant System,3,Procurement Officer,All,"22023005"
PornpukC,Procurement Assistant System,3,Procurement Officer,All,"22024001"
PornpukC,Procurement Assistant System,3,Procurement Officer,All,"22024005"
PornpukC,Procurement Assistant System,3,Procurement Officer,All,"22025001"
PornpukC,Procurement Assistant System,3,Procurement Officer,All,"22025005"
PornpukC,Procurement Assistant System,3,Procurement Officer,All,"30100101"
PornpukC,Procurement Assistant System,3,Procurement Officer,All,"30100202"
PornpukC,Procurement Assistant System,3,Procurement Officer,All,"30200202"
PornpukC,Procurement Assistant System,3,Procurement Officer,All,"30300301"
PornpukC,Procurement Assistant System,3,Procurement Officer,All,"30300303"
PornpukC,Procurement Assistant System,3,Procurement Officer,All,"30300304"
PornpukC,Procurement Assistant System,3,Procurement Officer,All,"30300305"
PornpukC,Procurement Assistant System,3,Procurement Officer,All,"30300508"
PornpukC,Procurement Assistant System,3,Procurement Officer,All,"30300509"
PornpukC,Procurement Assistant System,3,Procurement Officer,All,"30300701"
PornpukC,Procurement Assistant System,3,Procurement Officer,All,"30400403"
PornpukC,Procurement Assistant System,3,Procurement Officer,All,"30400406"
PornpukC,Procurement Assistant System,3,Procurement Officer,All,"30400407"
PornpukC,Procurement Assistant System,3,Procurement Officer,All,"30400508"
PornpukC,Procurement Assistant System,3,Procurement Officer,All,"30400509"
PornpukC,Procurement Assistant System,3,Procurement Officer,All,"30400701"
PornpukC,Procurement Assistant System,3,Procurement Officer,All,"30400702"
PornpukC,Procurement Assistant System,3,Procurement Officer,All,"30400703"
PornpukC,Procurement Assistant System,3,Procurement Officer,All,"30400704"
PornpukC,Procurement Assistant System,3,Procurement Officer,All,"30500601"
PornpukC,Procurement Assistant System,3,Procurement Officer,All,"30500603"
PornpukC,Procurement Assistant System,3,Procurement Officer,All,"30600101"
PornpukC,Procurement Assistant System,3,Procurement Officer,All,"90900501"
PrathetP,APP System,7,Management relate org,specific,"1011001"
PrathetP,APP System,7,Management relate org,specific,"1011005"
PrathetP,APP System,7,Management relate org,specific,"1014001"
PrathetP,APP System,7,Management relate org,specific,"1014005"
PrathetP,APP System,7,Management relate org,specific,"2021001"
PrathetP,APP System,7,Management relate org,specific,"2021005"
PrathetP,APP System,7,Management relate org,specific,"2022001"
PrathetP,APP System,7,Management relate org,specific,"2022005"
PrathetP,APP System,7,Management relate org,specific,"2023001"
PrathetP,APP System,7,Management relate org,specific,"2023005"
PrathetP,APP System,7,Management relate org,specific,"2024001"
PrathetP,APP System,7,Management relate org,specific,"2024005"
PrathetP,APP System,7,Management relate org,specific,"2025001"
PrathetP,APP System,7,Management relate org,specific,"2025005"
PrathetP,Procurement Assistant System,4,Procurement Manager,Specific,"30100101"
PrathetP,Procurement Assistant System,4,Procurement Manager,Specific,"30300301"
PrathetP,Procurement Assistant System,4,Procurement Manager,Specific,"30300509"
PrathetP,Procurement Assistant System,4,Procurement Manager,Specific,"30400509"
PrathetP,Procurement Assistant System,4,Procurement Manager,Specific,"30500601"
PrathetP,Procurement Assistant System,4,Procurement Manager,Specific,"30600101"
RachadaS,APP System,3,Procurement Officer,specific,"1011001"
RachadaS,APP System,3,Procurement Officer,specific,"1011003"
RachadaS,APP System,3,Procurement Officer,specific,"1011005"
RachadaS,APP System,3,Procurement Officer,specific,"1011011"
RachadaS,APP System,3,Procurement Officer,specific,"1011012"
RachadaS,APP System,3,Procurement Officer,specific,"1012002"
RachadaS,APP System,3,Procurement Officer,specific,"1014001"
RachadaS,APP System,3,Procurement Officer,specific,"1014002"
RachadaS,APP System,3,Procurement Officer,specific,"1014003"
RachadaS,APP System,3,Procurement Officer,specific,"1014005"
RachadaS,APP System,3,Procurement Officer,specific,"1014008"
RachadaS,APP System,3,Procurement Officer,specific,"2021001"
RachadaS,APP System,3,Procurement Officer,specific,"2021005"
RachadaS,APP System,3,Procurement Officer,specific,"2022001"
RachadaS,APP System,3,Procurement Officer,specific,"2022005"
RachadaS,APP System,3,Procurement Officer,specific,"2023001"
RachadaS,APP System,3,Procurement Officer,specific,"2023005"
RachadaS,APP System,3,Procurement Officer,specific,"2024001"
RachadaS,APP System,3,Procurement Officer,specific,"2024005"
RachadaS,APP System,3,Procurement Officer,specific,"2025001"
RachadaS,APP System,3,Procurement Officer,specific,"2025005"
RachadaS,APP System,3,Procurement Officer,specific,"3036001"
RatchaneeL,Procurement Assistant System,3,Procurement Officer,All,"11011001"
RatchaneeL,Procurement Assistant System,3,Procurement Officer,All,"11011003"
RatchaneeL,Procurement Assistant System,3,Procurement Officer,All,"11011005"
RatchaneeL,Procurement Assistant System,3,Procurement Officer,All,"11011007"
RatchaneeL,Procurement Assistant System,3,Procurement Officer,All,"11012001"
RatchaneeL,Procurement Assistant System,3,Procurement Officer,All,"11012002"
RatchaneeL,Procurement Assistant System,3,Procurement Officer,All,"11013001"
RatchaneeL,Procurement Assistant System,3,Procurement Officer,All,"11013003"
RatchaneeL,Procurement Assistant System,3,Procurement Officer,All,"11013005"
RatchaneeL,Procurement Assistant System,3,Procurement Officer,All,"11013007"
RatchaneeL,Procurement Assistant System,3,Procurement Officer,All,"11014001"
RatchaneeL,Procurement Assistant System,3,Procurement Officer,All,"11014005"
RatchaneeL,Procurement Assistant System,3,Procurement Officer,All,"21011001"
RatchaneeL,Procurement Assistant System,3,Procurement Officer,All,"21011003"
RatchaneeL,Procurement Assistant System,3,Procurement Officer,All,"21011005"
RatchaneeL,Procurement Assistant System,3,Procurement Officer,All,"21012002"
RatchaneeL,Procurement Assistant System,3,Procurement Officer,All,"21012011"
RatchaneeL,Procurement Assistant System,3,Procurement Officer,All,"21012012"
RatchaneeL,Procurement Assistant System,3,Procurement Officer,All,"21014001"
RatchaneeL,Procurement Assistant System,3,Procurement Officer,All,"21014002"
RatchaneeL,Procurement Assistant System,3,Procurement Officer,All,"21014003"
RatchaneeL,Procurement Assistant System,3,Procurement Officer,All,"21014005"
RatchaneeL,Procurement Assistant System,3,Procurement Officer,All,"21014008"
RatchaneeL,Procurement Assistant System,3,Procurement Officer,All,"22021001"
RatchaneeL,Procurement Assistant System,3,Procurement Officer,All,"22021005"
RatchaneeL,Procurement Assistant System,3,Procurement Officer,All,"22022001"
RatchaneeL,Procurement Assistant System,3,Procurement Officer,All,"22022005"
RatchaneeL,Procurement Assistant System,3,Procurement Officer,All,"22023001"
RatchaneeL,Procurement Assistant System,3,Procurement Officer,All,"22023005"
RatchaneeL,Procurement Assistant System,3,Procurement Officer,All,"22024001"
RatchaneeL,Procurement Assistant System,3,Procurement Officer,All,"22024005"
RatchaneeL,Procurement Assistant System,3,Procurement Officer,All,"22025001"
RatchaneeL,Procurement Assistant System,3,Procurement Officer,All,"22025005"
RatchaneeL,Procurement Assistant System,3,Procurement Officer,All,"30100101"
RatchaneeL,Procurement Assistant System,3,Procurement Officer,All,"30100202"
RatchaneeL,Procurement Assistant System,3,Procurement Officer,All,"30200202"
RatchaneeL,Procurement Assistant System,3,Procurement Officer,All,"30300301"
RatchaneeL,Procurement Assistant System,3,Procurement Officer,All,"30300303"
RatchaneeL,Procurement Assistant System,3,Procurement Officer,All,"30300304"
RatchaneeL,Procurement Assistant System,3,Procurement Officer,All,"30300305"
RatchaneeL,Procurement Assistant System,3,Procurement Officer,All,"30300508"
RatchaneeL,Procurement Assistant System,3,Procurement Officer,All,"30300509"
RatchaneeL,Procurement Assistant System,3,Procurement Officer,All,"30300701"
RatchaneeL,Procurement Assistant System,3,Procurement Officer,All,"30400403"
RatchaneeL,Procurement Assistant System,3,Procurement Officer,All,"30400406"
RatchaneeL,Procurement Assistant System,3,Procurement Officer,All,"30400407"
RatchaneeL,Procurement Assistant System,3,Procurement Officer,All,"30400508"
RatchaneeL,Procurement Assistant System,3,Procurement Officer,All,"30400509"
RatchaneeL,Procurement Assistant System,3,Procurement Officer,All,"30400701"
RatchaneeL,Procurement Assistant System,3,Procurement Officer,All,"30400702"
RatchaneeL,Procurement Assistant System,3,Procurement Officer,All,"30400703"
RatchaneeL,Procurement Assistant System,3,Procurement Officer,All,"30400704"
RatchaneeL,Procurement Assistant System,3,Procurement Officer,All,"30500601"
RatchaneeL,Procurement Assistant System,3,Procurement Officer,All,"30500603"
RatchaneeL,Procurement Assistant System,3,Procurement Officer,All,"30600101"
RatchaneeL,Procurement Assistant System,3,Procurement Officer,All,"90900501"
RATCHANEEL,APP System,3,Procurement Officer,specific,"1011001"
RATCHANEEL,APP System,3,Procurement Officer,specific,"1011003"
RATCHANEEL,APP System,3,Procurement Officer,specific,"1011005"
RATCHANEEL,APP System,3,Procurement Officer,specific,"1011011"
RATCHANEEL,APP System,3,Procurement Officer,specific,"1011012"
RATCHANEEL,APP System,3,Procurement Officer,specific,"1012002"
RATCHANEEL,APP System,3,Procurement Officer,specific,"1014001"
RATCHANEEL,APP System,3,Procurement Officer,specific,"1014002"
RATCHANEEL,APP System,3,Procurement Officer,specific,"1014003"
RATCHANEEL,APP System,3,Procurement Officer,specific,"1014005"
RATCHANEEL,APP System,3,Procurement Officer,specific,"1014008"
RATCHANEEL,APP System,3,Procurement Officer,specific,"2021001"
RATCHANEEL,APP System,3,Procurement Officer,specific,"2021005"
RATCHANEEL,APP System,3,Procurement Officer,specific,"2022001"
RATCHANEEL,APP System,3,Procurement Officer,specific,"2022005"
RATCHANEEL,APP System,3,Procurement Officer,specific,"2023001"
RATCHANEEL,APP System,3,Procurement Officer,specific,"2023005"
RATCHANEEL,APP System,3,Procurement Officer,specific,"2024001"
RATCHANEEL,APP System,3,Procurement Officer,specific,"2024005"
RATCHANEEL,APP System,3,Procurement Officer,specific,"2025001"
RATCHANEEL,APP System,3,Procurement Officer,specific,"2025005"
RATCHANEEL,APP System,3,Procurement Officer,specific,"3036001"
RatchaneephanR,APP System,7,Management relate org,specific,"1011001"
RatchaneephanR,APP System,7,Management relate org,specific,"1011005"
RatchaneephanR,APP System,7,Management relate org,specific,"1014001"
RatchaneephanR,APP System,7,Management relate org,specific,"1014005"
RatchaneephanR,APP System,7,Management relate org,specific,"2021001"
RatchaneephanR,APP System,7,Management relate org,specific,"2021005"
RatchaneephanR,APP System,7,Management relate org,specific,"2022001"
RatchaneephanR,APP System,7,Management relate org,specific,"2022005"
RatchaneephanR,APP System,7,Management relate org,specific,"2023001"
RatchaneephanR,APP System,7,Management relate org,specific,"2023005"
RatchaneephanR,APP System,7,Management relate org,specific,"2024001"
RatchaneephanR,APP System,7,Management relate org,specific,"2024005"
RatchaneephanR,APP System,7,Management relate org,specific,"2025001"
RatchaneephanR,APP System,7,Management relate org,specific,"2025005"
RatchaneewanT,Reference Price System,3,Foco point,Admin,"101101"
RatchaneewanT,Reference Price System,3,Foco point,Admin,"101201"
RatchaneewanT,Reference Price System,3,Foco point,Admin,"101202"
RatchaneewanT,Reference Price System,3,Foco point,Admin,"101301"
RatchaneewanT,Reference Price System,3,Foco point,Admin,"101303"
RatchaneewanT,Reference Price System,3,Foco point,Admin,"101305"
RatchaneewanT,Reference Price System,3,Foco point,Admin,"101307"
RatchaneewanT,Reference Price System,3,Foco point,Admin,"101401"
RatchaneewanT,Reference Price System,3,Foco point,Admin,"101405"
RaviphimC,APP System,6,PSC Report Management,all,"1011001"
RaviphimC,APP System,6,PSC Report Management,all,"1011003"
RaviphimC,APP System,6,PSC Report Management,all,"1011005"
RaviphimC,APP System,6,PSC Report Management,all,"1011008"
RaviphimC,APP System,6,PSC Report Management,all,"1011011"
RaviphimC,APP System,6,PSC Report Management,all,"1011012"
RaviphimC,APP System,6,PSC Report Management,all,"1014001"
RaviphimC,APP System,6,PSC Report Management,all,"1014002"
RaviphimC,APP System,6,PSC Report Management,all,"1014003"
RaviphimC,APP System,6,PSC Report Management,all,"1014005"
RaviphimC,APP System,6,PSC Report Management,all,"1014007"
RaviphimC,APP System,6,PSC Report Management,all,"1014008"
RaviphimC,APP System,6,PSC Report Management,all,"2021001"
RaviphimC,APP System,6,PSC Report Management,all,"2021005"
RaviphimC,APP System,6,PSC Report Management,all,"2021009"
RaviphimC,APP System,6,PSC Report Management,all,"2022001"
RaviphimC,APP System,6,PSC Report Management,all,"2022005"
RaviphimC,APP System,6,PSC Report Management,all,"2022009"
RaviphimC,APP System,6,PSC Report Management,all,"2023001"
RaviphimC,APP System,6,PSC Report Management,all,"2023005"
RaviphimC,APP System,6,PSC Report Management,all,"2024001"
RaviphimC,APP System,6,PSC Report Management,all,"2024005"
RaviphimC,APP System,6,PSC Report Management,all,"2025001"
RaviphimC,APP System,6,PSC Report Management,all,"2025005"
RaviphimC,APP System,6,PSC Report Management,all,"3035001"
RaviphimC,APP System,6,PSC Report Management,all,"3035003"
RaviphimC,APP System,6,PSC Report Management,all,"3036001"
RawiwanP,APP System,3,Procurement Officer,specific,"1011001"
RawiwanP,APP System,3,Procurement Officer,specific,"1011003"
RawiwanP,APP System,3,Procurement Officer,specific,"1011005"
RawiwanP,APP System,3,Procurement Officer,specific,"1011011"
RawiwanP,APP System,3,Procurement Officer,specific,"1011012"
RawiwanP,APP System,3,Procurement Officer,specific,"1012002"
RawiwanP,APP System,3,Procurement Officer,specific,"1014001"
RawiwanP,APP System,3,Procurement Officer,specific,"1014002"
RawiwanP,APP System,3,Procurement Officer,specific,"1014003"
RawiwanP,APP System,3,Procurement Officer,specific,"1014005"
RawiwanP,APP System,3,Procurement Officer,specific,"1014008"
RawiwanP,APP System,3,Procurement Officer,specific,"2021001"
RawiwanP,APP System,3,Procurement Officer,specific,"2021005"
RawiwanP,APP System,3,Procurement Officer,specific,"2022001"
RawiwanP,APP System,3,Procurement Officer,specific,"2022005"
RawiwanP,APP System,3,Procurement Officer,specific,"2023001"
RawiwanP,APP System,3,Procurement Officer,specific,"2023005"
RawiwanP,APP System,3,Procurement Officer,specific,"2024001"
RawiwanP,APP System,3,Procurement Officer,specific,"2024005"
RawiwanP,APP System,3,Procurement Officer,specific,"2025001"
RawiwanP,APP System,3,Procurement Officer,specific,"2025005"
RawiwanP,APP System,3,Procurement Officer,specific,"3036001"
RawiwanP,Procurement Assistant System,3,Procurement Officer,All,"11011001"
RawiwanP,Procurement Assistant System,3,Procurement Officer,All,"11011003"
RawiwanP,Procurement Assistant System,3,Procurement Officer,All,"11011005"
RawiwanP,Procurement Assistant System,3,Procurement Officer,All,"11011007"
RawiwanP,Procurement Assistant System,3,Procurement Officer,All,"11012001"
RawiwanP,Procurement Assistant System,3,Procurement Officer,All,"11012002"
RawiwanP,Procurement Assistant System,3,Procurement Officer,All,"11013001"
RawiwanP,Procurement Assistant System,3,Procurement Officer,All,"11013003"
RawiwanP,Procurement Assistant System,3,Procurement Officer,All,"11013005"
RawiwanP,Procurement Assistant System,3,Procurement Officer,All,"11013007"
RawiwanP,Procurement Assistant System,3,Procurement Officer,All,"11014001"
RawiwanP,Procurement Assistant System,3,Procurement Officer,All,"11014005"
RawiwanP,Procurement Assistant System,3,Procurement Officer,All,"21011001"
RawiwanP,Procurement Assistant System,3,Procurement Officer,All,"21011003"
RawiwanP,Procurement Assistant System,3,Procurement Officer,All,"21011005"
RawiwanP,Procurement Assistant System,3,Procurement Officer,All,"21012002"
RawiwanP,Procurement Assistant System,3,Procurement Officer,All,"21012011"
RawiwanP,Procurement Assistant System,3,Procurement Officer,All,"21012012"
RawiwanP,Procurement Assistant System,3,Procurement Officer,All,"21014001"
RawiwanP,Procurement Assistant System,3,Procurement Officer,All,"21014002"
RawiwanP,Procurement Assistant System,3,Procurement Officer,All,"21014003"
RawiwanP,Procurement Assistant System,3,Procurement Officer,All,"21014005"
RawiwanP,Procurement Assistant System,3,Procurement Officer,All,"21014008"
RawiwanP,Procurement Assistant System,3,Procurement Officer,All,"22021001"
RawiwanP,Procurement Assistant System,3,Procurement Officer,All,"22021005"
RawiwanP,Procurement Assistant System,3,Procurement Officer,All,"22022001"
RawiwanP,Procurement Assistant System,3,Procurement Officer,All,"22022005"
RawiwanP,Procurement Assistant System,3,Procurement Officer,All,"22023001"
RawiwanP,Procurement Assistant System,3,Procurement Officer,All,"22023005"
RawiwanP,Procurement Assistant System,3,Procurement Officer,All,"22024001"
RawiwanP,Procurement Assistant System,3,Procurement Officer,All,"22024005"
RawiwanP,Procurement Assistant System,3,Procurement Officer,All,"22025001"
RawiwanP,Procurement Assistant System,3,Procurement Officer,All,"22025005"
RawiwanP,Procurement Assistant System,3,Procurement Officer,All,"30100101"
RawiwanP,Procurement Assistant System,3,Procurement Officer,All,"30100202"
RawiwanP,Procurement Assistant System,3,Procurement Officer,All,"30200202"
RawiwanP,Procurement Assistant System,3,Procurement Officer,All,"30300301"
RawiwanP,Procurement Assistant System,3,Procurement Officer,All,"30300303"
RawiwanP,Procurement Assistant System,3,Procurement Officer,All,"30300304"
RawiwanP,Procurement Assistant System,3,Procurement Officer,All,"30300305"
RawiwanP,Procurement Assistant System,3,Procurement Officer,All,"30300508"
RawiwanP,Procurement Assistant System,3,Procurement Officer,All,"30300509"
RawiwanP,Procurement Assistant System,3,Procurement Officer,All,"30300701"
RawiwanP,Procurement Assistant System,3,Procurement Officer,All,"30400403"
RawiwanP,Procurement Assistant System,3,Procurement Officer,All,"30400406"
RawiwanP,Procurement Assistant System,3,Procurement Officer,All,"30400407"
RawiwanP,Procurement Assistant System,3,Procurement Officer,All,"30400508"
RawiwanP,Procurement Assistant System,3,Procurement Officer,All,"30400509"
RawiwanP,Procurement Assistant System,3,Procurement Officer,All,"30400701"
RawiwanP,Procurement Assistant System,3,Procurement Officer,All,"30400702"
RawiwanP,Procurement Assistant System,3,Procurement Officer,All,"30400703"
RawiwanP,Procurement Assistant System,3,Procurement Officer,All,"30400704"
RawiwanP,Procurement Assistant System,3,Procurement Officer,All,"30500601"
RawiwanP,Procurement Assistant System,3,Procurement Officer,All,"30500603"
RawiwanP,Procurement Assistant System,3,Procurement Officer,All,"30600101"
RawiwanP,Procurement Assistant System,3,Procurement Officer,All,"90900501"
RawiwanP,Reference Price System,2,Role Supply Chain,Admin,"101101"
RawiwanP,Reference Price System,2,Role Supply Chain,Admin,"101103"
reunkaews,APP System,2,Management,all,"1011001"
reunkaews,APP System,2,Management,all,"1011005"
reunkaews,APP System,2,Management,all,"1014001"
reunkaews,APP System,2,Management,all,"1014005"
reunkaews,APP System,2,Management,all,"2021001"
reunkaews,APP System,2,Management,all,"2021005"
reunkaews,APP System,2,Management,all,"2022001"
reunkaews,APP System,2,Management,all,"2022005"
reunkaews,APP System,2,Management,all,"2023001"
reunkaews,APP System,2,Management,all,"2023005"
reunkaews,APP System,2,Management,all,"2024001"
reunkaews,APP System,2,Management,all,"2024005"
reunkaews,APP System,2,Management,all,"2025001"
reunkaews,APP System,2,Management,all,"2025005"
reunkaews,APP System,2,Management,all,"3036001"
ReunkaewS,Reference Price System,2,Role Supply Chain,Admin,"101101"
ReunkaewS,Reference Price System,2,Role Supply Chain,Admin,"101103"
RoongnapaT,APP System,3,Procurement Officer,specific,"1011001"
RoongnapaT,APP System,3,Procurement Officer,specific,"1011003"
RoongnapaT,APP System,3,Procurement Officer,specific,"1011005"
RoongnapaT,APP System,3,Procurement Officer,specific,"1011011"
RoongnapaT,APP System,3,Procurement Officer,specific,"1011012"
RoongnapaT,APP System,3,Procurement Officer,specific,"1012002"
RoongnapaT,APP System,3,Procurement Officer,specific,"1014001"
RoongnapaT,APP System,3,Procurement Officer,specific,"1014002"
RoongnapaT,APP System,3,Procurement Officer,specific,"1014003"
RoongnapaT,APP System,3,Procurement Officer,specific,"1014005"
RoongnapaT,APP System,3,Procurement Officer,specific,"1014008"
RoongnapaT,APP System,3,Procurement Officer,specific,"2021001"
RoongnapaT,APP System,3,Procurement Officer,specific,"2021005"
RoongnapaT,APP System,3,Procurement Officer,specific,"2022001"
RoongnapaT,APP System,3,Procurement Officer,specific,"2022005"
RoongnapaT,APP System,3,Procurement Officer,specific,"2023001"
RoongnapaT,APP System,3,Procurement Officer,specific,"2023005"
RoongnapaT,APP System,3,Procurement Officer,specific,"2024001"
RoongnapaT,APP System,3,Procurement Officer,specific,"2024005"
RoongnapaT,APP System,3,Procurement Officer,specific,"2025001"
RoongnapaT,APP System,3,Procurement Officer,specific,"2025005"
RoongnapaT,APP System,3,Procurement Officer,specific,"3036001"
RoongnapaT,Procurement Assistant System,3,Procurement Officer,All,"11011001"
RoongnapaT,Procurement Assistant System,3,Procurement Officer,All,"11011003"
RoongnapaT,Procurement Assistant System,3,Procurement Officer,All,"11011005"
RoongnapaT,Procurement Assistant System,3,Procurement Officer,All,"11011007"
RoongnapaT,Procurement Assistant System,3,Procurement Officer,All,"11012001"
RoongnapaT,Procurement Assistant System,3,Procurement Officer,All,"11012002"
RoongnapaT,Procurement Assistant System,3,Procurement Officer,All,"11013001"
RoongnapaT,Procurement Assistant System,3,Procurement Officer,All,"11013003"
RoongnapaT,Procurement Assistant System,3,Procurement Officer,All,"11013005"
RoongnapaT,Procurement Assistant System,3,Procurement Officer,All,"11013007"
RoongnapaT,Procurement Assistant System,3,Procurement Officer,All,"11014001"
RoongnapaT,Procurement Assistant System,3,Procurement Officer,All,"11014005"
RoongnapaT,Procurement Assistant System,3,Procurement Officer,All,"21011001"
RoongnapaT,Procurement Assistant System,3,Procurement Officer,All,"21011003"
RoongnapaT,Procurement Assistant System,3,Procurement Officer,All,"21011005"
RoongnapaT,Procurement Assistant System,3,Procurement Officer,All,"21012002"
RoongnapaT,Procurement Assistant System,3,Procurement Officer,All,"21012011"
RoongnapaT,Procurement Assistant System,3,Procurement Officer,All,"21012012"
RoongnapaT,Procurement Assistant System,3,Procurement Officer,All,"21014001"
RoongnapaT,Procurement Assistant System,3,Procurement Officer,All,"21014002"
RoongnapaT,Procurement Assistant System,3,Procurement Officer,All,"21014003"
RoongnapaT,Procurement Assistant System,3,Procurement Officer,All,"21014005"
RoongnapaT,Procurement Assistant System,3,Procurement Officer,All,"21014008"
RoongnapaT,Procurement Assistant System,3,Procurement Officer,All,"22021001"
RoongnapaT,Procurement Assistant System,3,Procurement Officer,All,"22021005"
RoongnapaT,Procurement Assistant System,3,Procurement Officer,All,"22022001"
RoongnapaT,Procurement Assistant System,3,Procurement Officer,All,"22022005"
RoongnapaT,Procurement Assistant System,3,Procurement Officer,All,"22023001"
RoongnapaT,Procurement Assistant System,3,Procurement Officer,All,"22023005"
RoongnapaT,Procurement Assistant System,3,Procurement Officer,All,"22024001"
RoongnapaT,Procurement Assistant System,3,Procurement Officer,All,"22024005"
RoongnapaT,Procurement Assistant System,3,Procurement Officer,All,"22025001"
RoongnapaT,Procurement Assistant System,3,Procurement Officer,All,"22025005"
RoongnapaT,Procurement Assistant System,3,Procurement Officer,All,"30100101"
RoongnapaT,Procurement Assistant System,3,Procurement Officer,All,"30100202"
RoongnapaT,Procurement Assistant System,3,Procurement Officer,All,"30200202"
RoongnapaT,Procurement Assistant System,3,Procurement Officer,All,"30300301"
RoongnapaT,Procurement Assistant System,3,Procurement Officer,All,"30300303"
RoongnapaT,Procurement Assistant System,3,Procurement Officer,All,"30300304"
RoongnapaT,Procurement Assistant System,3,Procurement Officer,All,"30300305"
RoongnapaT,Procurement Assistant System,3,Procurement Officer,All,"30300508"
RoongnapaT,Procurement Assistant System,3,Procurement Officer,All,"30300509"
RoongnapaT,Procurement Assistant System,3,Procurement Officer,All,"30300701"
RoongnapaT,Procurement Assistant System,3,Procurement Officer,All,"30400403"
RoongnapaT,Procurement Assistant System,3,Procurement Officer,All,"30400406"
RoongnapaT,Procurement Assistant System,3,Procurement Officer,All,"30400407"
RoongnapaT,Procurement Assistant System,3,Procurement Officer,All,"30400508"
RoongnapaT,Procurement Assistant System,3,Procurement Officer,All,"30400509"
RoongnapaT,Procurement Assistant System,3,Procurement Officer,All,"30400701"
RoongnapaT,Procurement Assistant System,3,Procurement Officer,All,"30400702"
RoongnapaT,Procurement Assistant System,3,Procurement Officer,All,"30400703"
RoongnapaT,Procurement Assistant System,3,Procurement Officer,All,"30400704"
RoongnapaT,Procurement Assistant System,3,Procurement Officer,All,"30500601"
RoongnapaT,Procurement Assistant System,3,Procurement Officer,All,"30500603"
RoongnapaT,Procurement Assistant System,3,Procurement Officer,All,"30600101"
RoongnapaT,Procurement Assistant System,3,Procurement Officer,All,"90900501"
RynnadaJ,APP System,3,Procurement Officer,specific,"1011001"
RynnadaJ,APP System,3,Procurement Officer,specific,"1011003"
RynnadaJ,APP System,3,Procurement Officer,specific,"1011005"
RynnadaJ,APP System,3,Procurement Officer,specific,"1011011"
RynnadaJ,APP System,3,Procurement Officer,specific,"1011012"
RynnadaJ,APP System,3,Procurement Officer,specific,"1012002"
RynnadaJ,APP System,3,Procurement Officer,specific,"1014001"
RynnadaJ,APP System,3,Procurement Officer,specific,"1014002"
RynnadaJ,APP System,3,Procurement Officer,specific,"1014003"
RynnadaJ,APP System,3,Procurement Officer,specific,"1014005"
RynnadaJ,APP System,3,Procurement Officer,specific,"1014008"
RynnadaJ,APP System,3,Procurement Officer,specific,"2021001"
RynnadaJ,APP System,3,Procurement Officer,specific,"2021005"
RynnadaJ,APP System,3,Procurement Officer,specific,"2022001"
RynnadaJ,APP System,3,Procurement Officer,specific,"2022005"
RynnadaJ,APP System,3,Procurement Officer,specific,"2023001"
RynnadaJ,APP System,3,Procurement Officer,specific,"2023005"
RynnadaJ,APP System,3,Procurement Officer,specific,"2024001"
RynnadaJ,APP System,3,Procurement Officer,specific,"2024005"
RynnadaJ,APP System,3,Procurement Officer,specific,"2025001"
RynnadaJ,APP System,3,Procurement Officer,specific,"2025005"
RynnadaJ,APP System,3,Procurement Officer,specific,"3036001"
RynnadaJ,Procurement Assistant System,3,Procurement Officer,All,"11011001"
RynnadaJ,Procurement Assistant System,3,Procurement Officer,All,"11011003"
RynnadaJ,Procurement Assistant System,3,Procurement Officer,All,"11011005"
RynnadaJ,Procurement Assistant System,3,Procurement Officer,All,"11011007"
RynnadaJ,Procurement Assistant System,3,Procurement Officer,All,"11012001"
RynnadaJ,Procurement Assistant System,3,Procurement Officer,All,"11012002"
RynnadaJ,Procurement Assistant System,3,Procurement Officer,All,"11013001"
RynnadaJ,Procurement Assistant System,3,Procurement Officer,All,"11013003"
RynnadaJ,Procurement Assistant System,3,Procurement Officer,All,"11013005"
RynnadaJ,Procurement Assistant System,3,Procurement Officer,All,"11013007"
RynnadaJ,Procurement Assistant System,3,Procurement Officer,All,"11014001"
RynnadaJ,Procurement Assistant System,3,Procurement Officer,All,"11014005"
RynnadaJ,Procurement Assistant System,3,Procurement Officer,All,"21011001"
RynnadaJ,Procurement Assistant System,3,Procurement Officer,All,"21011003"
RynnadaJ,Procurement Assistant System,3,Procurement Officer,All,"21011005"
RynnadaJ,Procurement Assistant System,3,Procurement Officer,All,"21012002"
RynnadaJ,Procurement Assistant System,3,Procurement Officer,All,"21012011"
RynnadaJ,Procurement Assistant System,3,Procurement Officer,All,"21012012"
RynnadaJ,Procurement Assistant System,3,Procurement Officer,All,"21014001"
RynnadaJ,Procurement Assistant System,3,Procurement Officer,All,"21014002"
RynnadaJ,Procurement Assistant System,3,Procurement Officer,All,"21014003"
RynnadaJ,Procurement Assistant System,3,Procurement Officer,All,"21014005"
RynnadaJ,Procurement Assistant System,3,Procurement Officer,All,"21014008"
RynnadaJ,Procurement Assistant System,3,Procurement Officer,All,"22021001"
RynnadaJ,Procurement Assistant System,3,Procurement Officer,All,"22021005"
RynnadaJ,Procurement Assistant System,3,Procurement Officer,All,"22022001"
RynnadaJ,Procurement Assistant System,3,Procurement Officer,All,"22022005"
RynnadaJ,Procurement Assistant System,3,Procurement Officer,All,"22023001"
RynnadaJ,Procurement Assistant System,3,Procurement Officer,All,"22023005"
RynnadaJ,Procurement Assistant System,3,Procurement Officer,All,"22024001"
RynnadaJ,Procurement Assistant System,3,Procurement Officer,All,"22024005"
RynnadaJ,Procurement Assistant System,3,Procurement Officer,All,"22025001"
RynnadaJ,Procurement Assistant System,3,Procurement Officer,All,"22025005"
RynnadaJ,Procurement Assistant System,3,Procurement Officer,All,"30100101"
RynnadaJ,Procurement Assistant System,3,Procurement Officer,All,"30100202"
RynnadaJ,Procurement Assistant System,3,Procurement Officer,All,"30200202"
RynnadaJ,Procurement Assistant System,3,Procurement Officer,All,"30300301"
RynnadaJ,Procurement Assistant System,3,Procurement Officer,All,"30300303"
RynnadaJ,Procurement Assistant System,3,Procurement Officer,All,"30300304"
RynnadaJ,Procurement Assistant System,3,Procurement Officer,All,"30300305"
RynnadaJ,Procurement Assistant System,3,Procurement Officer,All,"30300508"
RynnadaJ,Procurement Assistant System,3,Procurement Officer,All,"30300509"
RynnadaJ,Procurement Assistant System,3,Procurement Officer,All,"30300701"
RynnadaJ,Procurement Assistant System,3,Procurement Officer,All,"30400403"
RynnadaJ,Procurement Assistant System,3,Procurement Officer,All,"30400406"
RynnadaJ,Procurement Assistant System,3,Procurement Officer,All,"30400407"
RynnadaJ,Procurement Assistant System,3,Procurement Officer,All,"30400508"
RynnadaJ,Procurement Assistant System,3,Procurement Officer,All,"30400509"
RynnadaJ,Procurement Assistant System,3,Procurement Officer,All,"30400701"
RynnadaJ,Procurement Assistant System,3,Procurement Officer,All,"30400702"
RynnadaJ,Procurement Assistant System,3,Procurement Officer,All,"30400703"
RynnadaJ,Procurement Assistant System,3,Procurement Officer,All,"30400704"
RynnadaJ,Procurement Assistant System,3,Procurement Officer,All,"30500601"
RynnadaJ,Procurement Assistant System,3,Procurement Officer,All,"30500603"
RynnadaJ,Procurement Assistant System,3,Procurement Officer,All,"30600101"
RynnadaJ,Procurement Assistant System,3,Procurement Officer,All,"90900501"
SaksitL,APP System,3,Procurement Officer,specific,"1011001"
SaksitL,APP System,3,Procurement Officer,specific,"1011003"
SaksitL,APP System,3,Procurement Officer,specific,"1011005"
SaksitL,APP System,3,Procurement Officer,specific,"1011011"
SaksitL,APP System,3,Procurement Officer,specific,"1011012"
SaksitL,APP System,3,Procurement Officer,specific,"1012002"
SaksitL,APP System,3,Procurement Officer,specific,"1014001"
SaksitL,APP System,3,Procurement Officer,specific,"1014002"
SaksitL,APP System,3,Procurement Officer,specific,"1014003"
SaksitL,APP System,3,Procurement Officer,specific,"1014005"
SaksitL,APP System,3,Procurement Officer,specific,"1014008"
SaksitL,APP System,3,Procurement Officer,specific,"2021001"
SaksitL,APP System,3,Procurement Officer,specific,"2021005"
SaksitL,APP System,3,Procurement Officer,specific,"2022001"
SaksitL,APP System,3,Procurement Officer,specific,"2022005"
SaksitL,APP System,3,Procurement Officer,specific,"2023001"
SaksitL,APP System,3,Procurement Officer,specific,"2023005"
SaksitL,APP System,3,Procurement Officer,specific,"2024001"
SaksitL,APP System,3,Procurement Officer,specific,"2024005"
SaksitL,APP System,3,Procurement Officer,specific,"2025001"
SaksitL,APP System,3,Procurement Officer,specific,"2025005"
SaksitL,APP System,3,Procurement Officer,specific,"3036001"
SaksitL,Procurement Assistant System,3,Procurement Officer,All,"11011001"
SaksitL,Procurement Assistant System,3,Procurement Officer,All,"11011003"
SaksitL,Procurement Assistant System,3,Procurement Officer,All,"11011005"
SaksitL,Procurement Assistant System,3,Procurement Officer,All,"11011007"
SaksitL,Procurement Assistant System,3,Procurement Officer,All,"11012001"
SaksitL,Procurement Assistant System,3,Procurement Officer,All,"11012002"
SaksitL,Procurement Assistant System,3,Procurement Officer,All,"11013001"
SaksitL,Procurement Assistant System,3,Procurement Officer,All,"11013003"
SaksitL,Procurement Assistant System,3,Procurement Officer,All,"11013005"
SaksitL,Procurement Assistant System,3,Procurement Officer,All,"11013007"
SaksitL,Procurement Assistant System,3,Procurement Officer,All,"11014001"
SaksitL,Procurement Assistant System,3,Procurement Officer,All,"11014005"
SaksitL,Procurement Assistant System,3,Procurement Officer,All,"21011001"
SaksitL,Procurement Assistant System,3,Procurement Officer,All,"21011003"
SaksitL,Procurement Assistant System,3,Procurement Officer,All,"21011005"
SaksitL,Procurement Assistant System,3,Procurement Officer,All,"21012002"
SaksitL,Procurement Assistant System,3,Procurement Officer,All,"21012011"
SaksitL,Procurement Assistant System,3,Procurement Officer,All,"21012012"
SaksitL,Procurement Assistant System,3,Procurement Officer,All,"21014001"
SaksitL,Procurement Assistant System,3,Procurement Officer,All,"21014002"
SaksitL,Procurement Assistant System,3,Procurement Officer,All,"21014003"
SaksitL,Procurement Assistant System,3,Procurement Officer,All,"21014005"
SaksitL,Procurement Assistant System,3,Procurement Officer,All,"21014008"
SaksitL,Procurement Assistant System,3,Procurement Officer,All,"22021001"
SaksitL,Procurement Assistant System,3,Procurement Officer,All,"22021005"
SaksitL,Procurement Assistant System,3,Procurement Officer,All,"22022001"
SaksitL,Procurement Assistant System,3,Procurement Officer,All,"22022005"
SaksitL,Procurement Assistant System,3,Procurement Officer,All,"22023001"
SaksitL,Procurement Assistant System,3,Procurement Officer,All,"22023005"
SaksitL,Procurement Assistant System,3,Procurement Officer,All,"22024001"
SaksitL,Procurement Assistant System,3,Procurement Officer,All,"22024005"
SaksitL,Procurement Assistant System,3,Procurement Officer,All,"22025001"
SaksitL,Procurement Assistant System,3,Procurement Officer,All,"22025005"
SaksitL,Procurement Assistant System,3,Procurement Officer,All,"30100101"
SaksitL,Procurement Assistant System,3,Procurement Officer,All,"30100202"
SaksitL,Procurement Assistant System,3,Procurement Officer,All,"30200202"
SaksitL,Procurement Assistant System,3,Procurement Officer,All,"30300301"
SaksitL,Procurement Assistant System,3,Procurement Officer,All,"30300303"
SaksitL,Procurement Assistant System,3,Procurement Officer,All,"30300304"
SaksitL,Procurement Assistant System,3,Procurement Officer,All,"30300305"
SaksitL,Procurement Assistant System,3,Procurement Officer,All,"30300508"
SaksitL,Procurement Assistant System,3,Procurement Officer,All,"30300509"
SaksitL,Procurement Assistant System,3,Procurement Officer,All,"30300701"
SaksitL,Procurement Assistant System,3,Procurement Officer,All,"30400403"
SaksitL,Procurement Assistant System,3,Procurement Officer,All,"30400406"
SaksitL,Procurement Assistant System,3,Procurement Officer,All,"30400407"
SaksitL,Procurement Assistant System,3,Procurement Officer,All,"30400508"
SaksitL,Procurement Assistant System,3,Procurement Officer,All,"30400509"
SaksitL,Procurement Assistant System,3,Procurement Officer,All,"30400701"
SaksitL,Procurement Assistant System,3,Procurement Officer,All,"30400702"
SaksitL,Procurement Assistant System,3,Procurement Officer,All,"30400703"
SaksitL,Procurement Assistant System,3,Procurement Officer,All,"30400704"
SaksitL,Procurement Assistant System,3,Procurement Officer,All,"30500601"
SaksitL,Procurement Assistant System,3,Procurement Officer,All,"30500603"
SaksitL,Procurement Assistant System,3,Procurement Officer,All,"30600101"
SaksitL,Procurement Assistant System,3,Procurement Officer,All,"90900501"
SamatchaP,APP System,2,Management,all,"1011001"
SamatchaP,APP System,2,Management,all,"1011005"
SamatchaP,APP System,2,Management,all,"1014001"
SamatchaP,APP System,2,Management,all,"1014005"
SamatchaP,APP System,2,Management,all,"2021001"
SamatchaP,APP System,2,Management,all,"2021005"
SamatchaP,APP System,2,Management,all,"2022001"
SamatchaP,APP System,2,Management,all,"2022005"
SamatchaP,APP System,2,Management,all,"2023001"
SamatchaP,APP System,2,Management,all,"2023005"
SamatchaP,APP System,2,Management,all,"2024001"
SamatchaP,APP System,2,Management,all,"2024005"
SamatchaP,APP System,2,Management,all,"2025001"
SamatchaP,APP System,2,Management,all,"2025005"
SamatchaP,APP System,2,Management,all,"3036001"
SamatchaP,Reference Price System,2,Role Supply Chain,Admin,"101101"
SamatchaP,Reference Price System,2,Role Supply Chain,Admin,"101103"
SansaneeS,Reference Price System,3,Foco point,Admin,"101101"
SansaneeS,Reference Price System,3,Foco point,Admin,"101201"
SansaneeS,Reference Price System,3,Foco point,Admin,"101202"
SansaneeS,Reference Price System,3,Foco point,Admin,"101301"
SansaneeS,Reference Price System,3,Foco point,Admin,"101303"
SansaneeS,Reference Price System,3,Foco point,Admin,"101305"
SansaneeS,Reference Price System,3,Foco point,Admin,"101307"
SansaneeS,Reference Price System,3,Foco point,Admin,"101401"
SansaneeS,Reference Price System,3,Foco point,Admin,"101405"
Santipabw,Procurement Assistant System,2,Procurement Admin,All,"11011001"
Santipabw,Procurement Assistant System,2,Procurement Admin,All,"11011003"
Santipabw,Procurement Assistant System,2,Procurement Admin,All,"11011005"
Santipabw,Procurement Assistant System,2,Procurement Admin,All,"11011006"
Santipabw,Procurement Assistant System,2,Procurement Admin,All,"11011007"
Santipabw,Procurement Assistant System,2,Procurement Admin,All,"11012001"
Santipabw,Procurement Assistant System,2,Procurement Admin,All,"11012002"
Santipabw,Procurement Assistant System,2,Procurement Admin,All,"11013001"
Santipabw,Procurement Assistant System,2,Procurement Admin,All,"11013003"
Santipabw,Procurement Assistant System,2,Procurement Admin,All,"11013005"
Santipabw,Procurement Assistant System,2,Procurement Admin,All,"11013006"
Santipabw,Procurement Assistant System,2,Procurement Admin,All,"11013007"
Santipabw,Procurement Assistant System,2,Procurement Admin,All,"11014001"
Santipabw,Procurement Assistant System,2,Procurement Admin,All,"11014005"
Santipabw,Procurement Assistant System,2,Procurement Admin,All,"12021001"
Santipabw,Procurement Assistant System,2,Procurement Admin,All,"12021003"
Santipabw,Procurement Assistant System,2,Procurement Admin,All,"12022001"
Santipabw,Procurement Assistant System,2,Procurement Admin,All,"12022002"
Santipabw,Procurement Assistant System,2,Procurement Admin,All,"12022003"
Santipabw,Procurement Assistant System,2,Procurement Admin,All,"12023001"
Santipabw,Procurement Assistant System,2,Procurement Admin,All,"12023002"
Santipabw,Procurement Assistant System,2,Procurement Admin,All,"12023003"
Santipabw,Procurement Assistant System,2,Procurement Admin,All,"12023004"
Santipabw,Procurement Assistant System,2,Procurement Admin,All,"12024001"
Santipabw,Procurement Assistant System,2,Procurement Admin,All,"12024002"
Santipabw,Procurement Assistant System,2,Procurement Admin,All,"12024003"
Santipabw,Procurement Assistant System,2,Procurement Admin,All,"12024004"
Santipabw,Procurement Assistant System,2,Procurement Admin,All,"12025001"
Santipabw,Procurement Assistant System,2,Procurement Admin,All,"12025002"
Santipabw,Procurement Assistant System,2,Procurement Admin,All,"12025003"
Santipabw,Procurement Assistant System,2,Procurement Admin,All,"12025004"
Santipabw,Procurement Assistant System,2,Procurement Admin,All,"15051001"
Santipabw,Procurement Assistant System,2,Procurement Admin,All,"15051003"
Santipabw,Procurement Assistant System,2,Procurement Admin,All,"21011001"
Santipabw,Procurement Assistant System,2,Procurement Admin,All,"21011003"
Santipabw,Procurement Assistant System,2,Procurement Admin,All,"21011005"
Santipabw,Procurement Assistant System,2,Procurement Admin,All,"21012002"
Santipabw,Procurement Assistant System,2,Procurement Admin,All,"21012006"
Santipabw,Procurement Assistant System,2,Procurement Admin,All,"21012008"
Santipabw,Procurement Assistant System,2,Procurement Admin,All,"21012011"
Santipabw,Procurement Assistant System,2,Procurement Admin,All,"21012012"
Santipabw,Procurement Assistant System,2,Procurement Admin,All,"21012013"
Santipabw,Procurement Assistant System,2,Procurement Admin,All,"21013010"
Santipabw,Procurement Assistant System,2,Procurement Admin,All,"21014001"
Santipabw,Procurement Assistant System,2,Procurement Admin,All,"21014002"
Santipabw,Procurement Assistant System,2,Procurement Admin,All,"21014003"
Santipabw,Procurement Assistant System,2,Procurement Admin,All,"21014005"
Santipabw,Procurement Assistant System,2,Procurement Admin,All,"21014007"
Santipabw,Procurement Assistant System,2,Procurement Admin,All,"21014008"
Santipabw,Procurement Assistant System,2,Procurement Admin,All,"22021001"
Santipabw,Procurement Assistant System,2,Procurement Admin,All,"22021005"
Santipabw,Procurement Assistant System,2,Procurement Admin,All,"22021009"
Santipabw,Procurement Assistant System,2,Procurement Admin,All,"22022001"
Santipabw,Procurement Assistant System,2,Procurement Admin,All,"22022005"
Santipabw,Procurement Assistant System,2,Procurement Admin,All,"22022009"
Santipabw,Procurement Assistant System,2,Procurement Admin,All,"22023001"
Santipabw,Procurement Assistant System,2,Procurement Admin,All,"22023005"
Santipabw,Procurement Assistant System,2,Procurement Admin,All,"22024001"
Santipabw,Procurement Assistant System,2,Procurement Admin,All,"22024005"
Santipabw,Procurement Assistant System,2,Procurement Admin,All,"22025001"
Santipabw,Procurement Assistant System,2,Procurement Admin,All,"22025005"
Santipabw,Procurement Assistant System,2,Procurement Admin,All,"23031001"
Santipabw,Procurement Assistant System,2,Procurement Admin,All,"23031003"
Santipabw,Procurement Assistant System,2,Procurement Admin,All,"23032001"
Santipabw,Procurement Assistant System,2,Procurement Admin,All,"23032002"
Santipabw,Procurement Assistant System,2,Procurement Admin,All,"23032003"
Santipabw,Procurement Assistant System,2,Procurement Admin,All,"23033001"
Santipabw,Procurement Assistant System,2,Procurement Admin,All,"23033003"
Santipabw,Procurement Assistant System,2,Procurement Admin,All,"23034001"
Santipabw,Procurement Assistant System,2,Procurement Admin,All,"23034002"
Santipabw,Procurement Assistant System,2,Procurement Admin,All,"23034003"
Santipabw,Procurement Assistant System,2,Procurement Admin,All,"23034004"
Santipabw,Procurement Assistant System,2,Procurement Admin,All,"23035001"
Santipabw,Procurement Assistant System,2,Procurement Admin,All,"23035003"
Santipabw,Procurement Assistant System,2,Procurement Admin,All,"23038001"
Santipabw,Procurement Assistant System,2,Procurement Admin,All,"23038002"
Santipabw,Procurement Assistant System,2,Procurement Admin,All,"23038003"
Santipabw,Procurement Assistant System,2,Procurement Admin,All,"23039001"
Santipabw,Procurement Assistant System,2,Procurement Admin,All,"23039003"
Santipabw,Procurement Assistant System,2,Procurement Admin,All,"26061001"
Santipabw,Procurement Assistant System,2,Procurement Admin,All,"26061002"
Santipabw,Procurement Assistant System,2,Procurement Admin,All,"26061003"
Santipabw,Procurement Assistant System,2,Procurement Admin,All,"30100101"
Santipabw,Procurement Assistant System,2,Procurement Admin,All,"30100202"
Santipabw,Procurement Assistant System,2,Procurement Admin,All,"30200202"
Santipabw,Procurement Assistant System,2,Procurement Admin,All,"30300301"
Santipabw,Procurement Assistant System,2,Procurement Admin,All,"30300303"
Santipabw,Procurement Assistant System,2,Procurement Admin,All,"30300304"
Santipabw,Procurement Assistant System,2,Procurement Admin,All,"30300305"
Santipabw,Procurement Assistant System,2,Procurement Admin,All,"30300508"
Santipabw,Procurement Assistant System,2,Procurement Admin,All,"30300509"
Santipabw,Procurement Assistant System,2,Procurement Admin,All,"30300701"
Santipabw,Procurement Assistant System,2,Procurement Admin,All,"30400403"
Santipabw,Procurement Assistant System,2,Procurement Admin,All,"30400406"
Santipabw,Procurement Assistant System,2,Procurement Admin,All,"30400407"
Santipabw,Procurement Assistant System,2,Procurement Admin,All,"30400508"
Santipabw,Procurement Assistant System,2,Procurement Admin,All,"30400509"
Santipabw,Procurement Assistant System,2,Procurement Admin,All,"30400701"
Santipabw,Procurement Assistant System,2,Procurement Admin,All,"30400702"
Santipabw,Procurement Assistant System,2,Procurement Admin,All,"30400703"
Santipabw,Procurement Assistant System,2,Procurement Admin,All,"30400704"
Santipabw,Procurement Assistant System,2,Procurement Admin,All,"30500601"
Santipabw,Procurement Assistant System,2,Procurement Admin,All,"30500603"
Santipabw,Procurement Assistant System,2,Procurement Admin,All,"30600101"
Santipabw,Procurement Assistant System,2,Procurement Admin,All,"90100101"
Santipabw,Procurement Assistant System,2,Procurement Admin,All,"90100202"
Santipabw,Procurement Assistant System,2,Procurement Admin,All,"90200202"
Santipabw,Procurement Assistant System,2,Procurement Admin,All,"90300301"
Santipabw,Procurement Assistant System,2,Procurement Admin,All,"90300303"
Santipabw,Procurement Assistant System,2,Procurement Admin,All,"90300304"
Santipabw,Procurement Assistant System,2,Procurement Admin,All,"90400403"
Santipabw,Procurement Assistant System,2,Procurement Admin,All,"90500101"
Santipabw,Procurement Assistant System,2,Procurement Admin,All,"90500201"
Santipabw,Procurement Assistant System,2,Procurement Admin,All,"90600202"
Santipabw,Procurement Assistant System,2,Procurement Admin,All,"90700301"
Santipabw,Procurement Assistant System,2,Procurement Admin,All,"90700303"
Santipabw,Procurement Assistant System,2,Procurement Admin,All,"90700304"
Santipabw,Procurement Assistant System,2,Procurement Admin,All,"90800403"
Santipabw,Procurement Assistant System,2,Procurement Admin,All,"90900501"
Santipabw,Procurement Assistant System,2,Procurement Admin,All,"90900502"
Santipabw,Procurement Assistant System,2,Procurement Admin,All,"90900503"
Santipabw,Procurement Assistant System,2,Procurement Admin,All,"90900510"
Santipabw,Procurement Assistant System,2,Procurement Admin,All,"91000601"
Santipabw,Procurement Assistant System,2,Procurement Admin,All,"91000602"
Santipabw,Procurement Assistant System,2,Procurement Admin,All,"91000603"
Santipabw,Procurement Assistant System,2,Procurement Admin,All,"91100701"
Santipabw,Procurement Assistant System,2,Procurement Admin,All,"91200801"
Santipabw,Procurement Assistant System,2,Procurement Admin,All,"91200803"
Santipabw,Procurement Assistant System,2,Procurement Admin,All,"91300903"
Santipabw,Procurement Assistant System,2,Procurement Admin,All,"91401001"
Santipabw,Procurement Assistant System,2,Procurement Admin,All,"91501101"
Santipabw,Procurement Assistant System,2,Procurement Admin,All,"91601205"
Santipabw,Procurement Assistant System,2,Procurement Admin,All,"91701301"
Santipabw,Procurement Assistant System,2,Procurement Admin,All,"91701305"
Santipabw,Procurement Assistant System,2,Procurement Admin,All,"91801401"
Santipabw,Procurement Assistant System,2,Procurement Admin,All,"91801501"
Santipabw,Procurement Assistant System,2,Procurement Admin,All,"91801601"
SantipabW,APP System,1,System Admin,all,"1011001"
SantipabW,APP System,1,System Admin,all,"1011003"
SantipabW,APP System,1,System Admin,all,"1011005"
SantipabW,APP System,1,System Admin,all,"1011006"
SantipabW,APP System,1,System Admin,all,"1011008"
SantipabW,APP System,1,System Admin,all,"1011011"
SantipabW,APP System,1,System Admin,all,"1011012"
SantipabW,APP System,1,System Admin,all,"1012002"
SantipabW,APP System,1,System Admin,all,"1012013"
SantipabW,APP System,1,System Admin,all,"1013010"
SantipabW,APP System,1,System Admin,all,"1014001"
SantipabW,APP System,1,System Admin,all,"1014002"
SantipabW,APP System,1,System Admin,all,"1014003"
SantipabW,APP System,1,System Admin,all,"1014005"
SantipabW,APP System,1,System Admin,all,"1014007"
SantipabW,APP System,1,System Admin,all,"1014008"
SantipabW,APP System,1,System Admin,all,"2021001"
SantipabW,APP System,1,System Admin,all,"2021005"
SantipabW,APP System,1,System Admin,all,"2021009"
SantipabW,APP System,1,System Admin,all,"2022001"
SantipabW,APP System,1,System Admin,all,"2022005"
SantipabW,APP System,1,System Admin,all,"2022009"
SantipabW,APP System,1,System Admin,all,"2023001"
SantipabW,APP System,1,System Admin,all,"2023005"
SantipabW,APP System,1,System Admin,all,"2024001"
SantipabW,APP System,1,System Admin,all,"2024005"
SantipabW,APP System,1,System Admin,all,"2025001"
SantipabW,APP System,1,System Admin,all,"2025005"
SantipabW,APP System,1,System Admin,all,"3031001"
SantipabW,APP System,1,System Admin,all,"3031003"
SantipabW,APP System,1,System Admin,all,"3032001"
SantipabW,APP System,1,System Admin,all,"3032002"
SantipabW,APP System,1,System Admin,all,"3032003"
SantipabW,APP System,1,System Admin,all,"3033001"
SantipabW,APP System,1,System Admin,all,"3033003"
SantipabW,APP System,1,System Admin,all,"3034001"
SantipabW,APP System,1,System Admin,all,"3034002"
SantipabW,APP System,1,System Admin,all,"3034003"
SantipabW,APP System,1,System Admin,all,"3034004"
SantipabW,APP System,1,System Admin,all,"3035001"
SantipabW,APP System,1,System Admin,all,"3035003"
SantipabW,APP System,1,System Admin,all,"3036001"
SantipabW,APP System,1,System Admin,all,"3036002"
SantipabW,APP System,1,System Admin,all,"3036003"
SantipabW,APP System,1,System Admin,all,"3036010"
SantipabW,APP System,1,System Admin,all,"3037001"
SantipabW,APP System,1,System Admin,all,"3037002"
SantipabW,APP System,1,System Admin,all,"3037003"
SantipabW,APP System,1,System Admin,all,"4041001"
SantipabW,APP System,1,System Admin,all,"4041002"
SantipabW,APP System,1,System Admin,all,"4041003"
SantipabW,APP System,1,System Admin,all,"4041004"
SantipabW,APP System,1,System Admin,all,"4042001"
SantipabW,APP System,1,System Admin,all,"4042002"
SantipabW,APP System,1,System Admin,all,"4042003"
SantipabW,APP System,1,System Admin,all,"4042004"
SantipabW,APP System,1,System Admin,all,"5051001"
SantipabW,APP System,1,System Admin,all,"5051005"
SantipabW,APP System,1,System Admin,all,"5052001"
SantipabW,APP System,1,System Admin,all,"5052005"
SantipabW,Reference Price System,1,Admin,Admin,"101101"
SantipabW,Reference Price System,1,Admin,Admin,"101103"
SantipabW,Reference Price System,1,Admin,Admin,"101105"
SantipabW,Reference Price System,1,Admin,Admin,"101106"
SantipabW,Reference Price System,1,Admin,Admin,"101107"
SantipabW,Reference Price System,1,Admin,Admin,"101201"
SantipabW,Reference Price System,1,Admin,Admin,"101202"
SantipabW,Reference Price System,1,Admin,Admin,"101301"
SantipabW,Reference Price System,1,Admin,Admin,"101303"
SantipabW,Reference Price System,1,Admin,Admin,"101305"
SantipabW,Reference Price System,1,Admin,Admin,"101306"
SantipabW,Reference Price System,1,Admin,Admin,"101307"
SantipabW,Reference Price System,1,Admin,Admin,"101401"
SantipabW,Reference Price System,1,Admin,Admin,"101405"
SantipabW,Reference Price System,1,Admin,Admin,"202101"
SantipabW,Reference Price System,1,Admin,Admin,"202103"
SantipabW,Reference Price System,1,Admin,Admin,"202201"
SantipabW,Reference Price System,1,Admin,Admin,"202202"
SantipabW,Reference Price System,1,Admin,Admin,"202203"
SantipabW,Reference Price System,1,Admin,Admin,"202301"
SantipabW,Reference Price System,1,Admin,Admin,"202302"
SantipabW,Reference Price System,1,Admin,Admin,"202303"
SantipabW,Reference Price System,1,Admin,Admin,"202304"
SantipabW,Reference Price System,1,Admin,Admin,"202401"
SantipabW,Reference Price System,1,Admin,Admin,"202402"
SantipabW,Reference Price System,1,Admin,Admin,"202403"
SantipabW,Reference Price System,1,Admin,Admin,"202404"
SantipabW,Reference Price System,1,Admin,Admin,"202501"
SantipabW,Reference Price System,1,Admin,Admin,"202502"
SantipabW,Reference Price System,1,Admin,Admin,"202503"
SantipabW,Reference Price System,1,Admin,Admin,"202504"
SantipabW,Reference Price System,1,Admin,Admin,"303101"
SantipabW,Reference Price System,1,Admin,Admin,"303102"
SantipabW,Reference Price System,1,Admin,Admin,"303103"
SantipabW,Reference Price System,1,Admin,Admin,"303104"
SantipabW,Reference Price System,1,Admin,Admin,"303201"
SantipabW,Reference Price System,1,Admin,Admin,"303202"
SantipabW,Reference Price System,1,Admin,Admin,"303203"
SantipabW,Reference Price System,1,Admin,Admin,"303204"
SantipabW,Reference Price System,1,Admin,Admin,"404101"
SantipabW,Reference Price System,1,Admin,Admin,"404201"
SantipabW,Reference Price System,1,Admin,Admin,"404301"
SantipabW,Reference Price System,1,Admin,Admin,"404401"
seubpong,APP System,3,Procurement Officer,specific,"1011001"
seubpong,APP System,3,Procurement Officer,specific,"1011003"
seubpong,APP System,3,Procurement Officer,specific,"1011005"
seubpong,APP System,3,Procurement Officer,specific,"1011011"
seubpong,APP System,3,Procurement Officer,specific,"1011012"
seubpong,APP System,3,Procurement Officer,specific,"1012002"
seubpong,APP System,3,Procurement Officer,specific,"1014001"
seubpong,APP System,3,Procurement Officer,specific,"1014002"
seubpong,APP System,3,Procurement Officer,specific,"1014003"
seubpong,APP System,3,Procurement Officer,specific,"1014005"
seubpong,APP System,3,Procurement Officer,specific,"1014008"
seubpong,APP System,3,Procurement Officer,specific,"2021001"
seubpong,APP System,3,Procurement Officer,specific,"2021005"
seubpong,APP System,3,Procurement Officer,specific,"2022001"
seubpong,APP System,3,Procurement Officer,specific,"2022005"
seubpong,APP System,3,Procurement Officer,specific,"2023001"
seubpong,APP System,3,Procurement Officer,specific,"2023005"
seubpong,APP System,3,Procurement Officer,specific,"2024001"
seubpong,APP System,3,Procurement Officer,specific,"2024005"
seubpong,APP System,3,Procurement Officer,specific,"2025001"
seubpong,APP System,3,Procurement Officer,specific,"2025005"
seubpong,APP System,3,Procurement Officer,specific,"3036001"
seubpong,Procurement Assistant System,3,Procurement Officer,All,"11011001"
seubpong,Procurement Assistant System,3,Procurement Officer,All,"11011003"
seubpong,Procurement Assistant System,3,Procurement Officer,All,"11011005"
seubpong,Procurement Assistant System,3,Procurement Officer,All,"11011007"
seubpong,Procurement Assistant System,3,Procurement Officer,All,"11012001"
seubpong,Procurement Assistant System,3,Procurement Officer,All,"11012002"
seubpong,Procurement Assistant System,3,Procurement Officer,All,"11013001"
seubpong,Procurement Assistant System,3,Procurement Officer,All,"11013003"
seubpong,Procurement Assistant System,3,Procurement Officer,All,"11013005"
seubpong,Procurement Assistant System,3,Procurement Officer,All,"11013007"
seubpong,Procurement Assistant System,3,Procurement Officer,All,"11014001"
seubpong,Procurement Assistant System,3,Procurement Officer,All,"11014005"
seubpong,Procurement Assistant System,3,Procurement Officer,All,"21011001"
seubpong,Procurement Assistant System,3,Procurement Officer,All,"21011003"
seubpong,Procurement Assistant System,3,Procurement Officer,All,"21011005"
seubpong,Procurement Assistant System,3,Procurement Officer,All,"21012002"
seubpong,Procurement Assistant System,3,Procurement Officer,All,"21012011"
seubpong,Procurement Assistant System,3,Procurement Officer,All,"21012012"
seubpong,Procurement Assistant System,3,Procurement Officer,All,"21014001"
seubpong,Procurement Assistant System,3,Procurement Officer,All,"21014002"
seubpong,Procurement Assistant System,3,Procurement Officer,All,"21014003"
seubpong,Procurement Assistant System,3,Procurement Officer,All,"21014005"
seubpong,Procurement Assistant System,3,Procurement Officer,All,"21014008"
seubpong,Procurement Assistant System,3,Procurement Officer,All,"22021001"
seubpong,Procurement Assistant System,3,Procurement Officer,All,"22021005"
seubpong,Procurement Assistant System,3,Procurement Officer,All,"22022001"
seubpong,Procurement Assistant System,3,Procurement Officer,All,"22022005"
seubpong,Procurement Assistant System,3,Procurement Officer,All,"22023001"
seubpong,Procurement Assistant System,3,Procurement Officer,All,"22023005"
seubpong,Procurement Assistant System,3,Procurement Officer,All,"22024001"
seubpong,Procurement Assistant System,3,Procurement Officer,All,"22024005"
seubpong,Procurement Assistant System,3,Procurement Officer,All,"22025001"
seubpong,Procurement Assistant System,3,Procurement Officer,All,"22025005"
seubpong,Procurement Assistant System,3,Procurement Officer,All,"30100101"
seubpong,Procurement Assistant System,3,Procurement Officer,All,"30100202"
seubpong,Procurement Assistant System,3,Procurement Officer,All,"30200202"
seubpong,Procurement Assistant System,3,Procurement Officer,All,"30300301"
seubpong,Procurement Assistant System,3,Procurement Officer,All,"30300303"
seubpong,Procurement Assistant System,3,Procurement Officer,All,"30300304"
seubpong,Procurement Assistant System,3,Procurement Officer,All,"30300305"
seubpong,Procurement Assistant System,3,Procurement Officer,All,"30300508"
seubpong,Procurement Assistant System,3,Procurement Officer,All,"30300509"
seubpong,Procurement Assistant System,3,Procurement Officer,All,"30300701"
seubpong,Procurement Assistant System,3,Procurement Officer,All,"30400403"
seubpong,Procurement Assistant System,3,Procurement Officer,All,"30400406"
seubpong,Procurement Assistant System,3,Procurement Officer,All,"30400407"
seubpong,Procurement Assistant System,3,Procurement Officer,All,"30400508"
seubpong,Procurement Assistant System,3,Procurement Officer,All,"30400509"
seubpong,Procurement Assistant System,3,Procurement Officer,All,"30400701"
seubpong,Procurement Assistant System,3,Procurement Officer,All,"30400702"
seubpong,Procurement Assistant System,3,Procurement Officer,All,"30400703"
seubpong,Procurement Assistant System,3,Procurement Officer,All,"30400704"
seubpong,Procurement Assistant System,3,Procurement Officer,All,"30500601"
seubpong,Procurement Assistant System,3,Procurement Officer,All,"30500603"
seubpong,Procurement Assistant System,3,Procurement Officer,All,"30600101"
seubpong,Procurement Assistant System,3,Procurement Officer,All,"90900501"
SeubpongS,Reference Price System,2,Role Supply Chain,Admin,"101101"
SeubpongS,Reference Price System,2,Role Supply Chain,Admin,"101103"
SittichokT,APP System,3,Procurement Officer,specific,"1011001"
SittichokT,APP System,3,Procurement Officer,specific,"1011003"
SittichokT,APP System,3,Procurement Officer,specific,"1011005"
SittichokT,APP System,3,Procurement Officer,specific,"1011011"
SittichokT,APP System,3,Procurement Officer,specific,"1011012"
SittichokT,APP System,3,Procurement Officer,specific,"1012002"
SittichokT,APP System,3,Procurement Officer,specific,"1014001"
SittichokT,APP System,3,Procurement Officer,specific,"1014002"
SittichokT,APP System,3,Procurement Officer,specific,"1014003"
SittichokT,APP System,3,Procurement Officer,specific,"1014005"
SittichokT,APP System,3,Procurement Officer,specific,"1014008"
SittichokT,APP System,3,Procurement Officer,specific,"2021001"
SittichokT,APP System,3,Procurement Officer,specific,"2021005"
SittichokT,APP System,3,Procurement Officer,specific,"2022001"
SittichokT,APP System,3,Procurement Officer,specific,"2022005"
SittichokT,APP System,3,Procurement Officer,specific,"2023001"
SittichokT,APP System,3,Procurement Officer,specific,"2023005"
SittichokT,APP System,3,Procurement Officer,specific,"2024001"
SittichokT,APP System,3,Procurement Officer,specific,"2024005"
SittichokT,APP System,3,Procurement Officer,specific,"2025001"
SittichokT,APP System,3,Procurement Officer,specific,"2025005"
SittichokT,APP System,3,Procurement Officer,specific,"3036001"
SittichokT,Procurement Assistant System,3,Procurement Officer,All,"11011001"
SittichokT,Procurement Assistant System,3,Procurement Officer,All,"11011003"
SittichokT,Procurement Assistant System,3,Procurement Officer,All,"11011005"
SittichokT,Procurement Assistant System,3,Procurement Officer,All,"11011007"
SittichokT,Procurement Assistant System,3,Procurement Officer,All,"11012001"
SittichokT,Procurement Assistant System,3,Procurement Officer,All,"11012002"
SittichokT,Procurement Assistant System,3,Procurement Officer,All,"11013001"
SittichokT,Procurement Assistant System,3,Procurement Officer,All,"11013003"
SittichokT,Procurement Assistant System,3,Procurement Officer,All,"11013005"
SittichokT,Procurement Assistant System,3,Procurement Officer,All,"11013007"
SittichokT,Procurement Assistant System,3,Procurement Officer,All,"11014001"
SittichokT,Procurement Assistant System,3,Procurement Officer,All,"11014005"
SittichokT,Procurement Assistant System,3,Procurement Officer,All,"21011001"
SittichokT,Procurement Assistant System,3,Procurement Officer,All,"21011003"
SittichokT,Procurement Assistant System,3,Procurement Officer,All,"21011005"
SittichokT,Procurement Assistant System,3,Procurement Officer,All,"21012002"
SittichokT,Procurement Assistant System,3,Procurement Officer,All,"21012011"
SittichokT,Procurement Assistant System,3,Procurement Officer,All,"21012012"
SittichokT,Procurement Assistant System,3,Procurement Officer,All,"21014001"
SittichokT,Procurement Assistant System,3,Procurement Officer,All,"21014002"
SittichokT,Procurement Assistant System,3,Procurement Officer,All,"21014003"
SittichokT,Procurement Assistant System,3,Procurement Officer,All,"21014005"
SittichokT,Procurement Assistant System,3,Procurement Officer,All,"21014008"
SittichokT,Procurement Assistant System,3,Procurement Officer,All,"22021001"
SittichokT,Procurement Assistant System,3,Procurement Officer,All,"22021005"
SittichokT,Procurement Assistant System,3,Procurement Officer,All,"22022001"
SittichokT,Procurement Assistant System,3,Procurement Officer,All,"22022005"
SittichokT,Procurement Assistant System,3,Procurement Officer,All,"22023001"
SittichokT,Procurement Assistant System,3,Procurement Officer,All,"22023005"
SittichokT,Procurement Assistant System,3,Procurement Officer,All,"22024001"
SittichokT,Procurement Assistant System,3,Procurement Officer,All,"22024005"
SittichokT,Procurement Assistant System,3,Procurement Officer,All,"22025001"
SittichokT,Procurement Assistant System,3,Procurement Officer,All,"22025005"
SittichokT,Procurement Assistant System,3,Procurement Officer,All,"30100101"
SittichokT,Procurement Assistant System,3,Procurement Officer,All,"30100202"
SittichokT,Procurement Assistant System,3,Procurement Officer,All,"30200202"
SittichokT,Procurement Assistant System,3,Procurement Officer,All,"30300301"
SittichokT,Procurement Assistant System,3,Procurement Officer,All,"30300303"
SittichokT,Procurement Assistant System,3,Procurement Officer,All,"30300304"
SittichokT,Procurement Assistant System,3,Procurement Officer,All,"30300305"
SittichokT,Procurement Assistant System,3,Procurement Officer,All,"30300508"
SittichokT,Procurement Assistant System,3,Procurement Officer,All,"30300509"
SittichokT,Procurement Assistant System,3,Procurement Officer,All,"30300701"
SittichokT,Procurement Assistant System,3,Procurement Officer,All,"30400403"
SittichokT,Procurement Assistant System,3,Procurement Officer,All,"30400406"
SittichokT,Procurement Assistant System,3,Procurement Officer,All,"30400407"
SittichokT,Procurement Assistant System,3,Procurement Officer,All,"30400508"
SittichokT,Procurement Assistant System,3,Procurement Officer,All,"30400509"
SittichokT,Procurement Assistant System,3,Procurement Officer,All,"30400701"
SittichokT,Procurement Assistant System,3,Procurement Officer,All,"30400702"
SittichokT,Procurement Assistant System,3,Procurement Officer,All,"30400703"
SittichokT,Procurement Assistant System,3,Procurement Officer,All,"30400704"
SittichokT,Procurement Assistant System,3,Procurement Officer,All,"30500601"
SittichokT,Procurement Assistant System,3,Procurement Officer,All,"30500603"
SittichokT,Procurement Assistant System,3,Procurement Officer,All,"30600101"
SittichokT,Procurement Assistant System,3,Procurement Officer,All,"90900501"
SlillaW,Reference Price System,3,Foco point,Admin,"101101"
SlillaW,Reference Price System,3,Foco point,Admin,"101201"
SlillaW,Reference Price System,3,Foco point,Admin,"101202"
SlillaW,Reference Price System,3,Foco point,Admin,"101301"
SlillaW,Reference Price System,3,Foco point,Admin,"101303"
SlillaW,Reference Price System,3,Foco point,Admin,"101305"
SlillaW,Reference Price System,3,Foco point,Admin,"101307"
SlillaW,Reference Price System,3,Foco point,Admin,"101401"
SlillaW,Reference Price System,3,Foco point,Admin,"101405"
SongsakL,APP System,7,Management relate org,specific,"1011001"
SongsakL,APP System,7,Management relate org,specific,"1011005"
SongsakL,APP System,7,Management relate org,specific,"1014001"
SongsakL,APP System,7,Management relate org,specific,"1014005"
SongsakL,APP System,7,Management relate org,specific,"2021001"
SongsakL,APP System,7,Management relate org,specific,"2021005"
SongsakL,APP System,7,Management relate org,specific,"2022001"
SongsakL,APP System,7,Management relate org,specific,"2022005"
SongsakL,APP System,7,Management relate org,specific,"2023001"
SongsakL,APP System,7,Management relate org,specific,"2023005"
SongsakL,APP System,7,Management relate org,specific,"2024001"
SongsakL,APP System,7,Management relate org,specific,"2024005"
SongsakL,APP System,7,Management relate org,specific,"2025001"
SongsakL,APP System,7,Management relate org,specific,"2025005"
SupachaiSc,APP System,3,Procurement Officer,specific,"1011001"
SupachaiSc,APP System,3,Procurement Officer,specific,"1011003"
SupachaiSc,APP System,3,Procurement Officer,specific,"1011005"
SupachaiSc,APP System,3,Procurement Officer,specific,"1011011"
SupachaiSc,APP System,3,Procurement Officer,specific,"1011012"
SupachaiSc,APP System,3,Procurement Officer,specific,"1012002"
SupachaiSc,APP System,3,Procurement Officer,specific,"1014001"
SupachaiSc,APP System,3,Procurement Officer,specific,"1014002"
SupachaiSc,APP System,3,Procurement Officer,specific,"1014003"
SupachaiSc,APP System,3,Procurement Officer,specific,"1014005"
SupachaiSc,APP System,3,Procurement Officer,specific,"1014008"
SupachaiSc,APP System,3,Procurement Officer,specific,"2021001"
SupachaiSc,APP System,3,Procurement Officer,specific,"2021005"
SupachaiSc,APP System,3,Procurement Officer,specific,"2022001"
SupachaiSc,APP System,3,Procurement Officer,specific,"2022005"
SupachaiSc,APP System,3,Procurement Officer,specific,"2023001"
SupachaiSc,APP System,3,Procurement Officer,specific,"2023005"
SupachaiSc,APP System,3,Procurement Officer,specific,"2024001"
SupachaiSc,APP System,3,Procurement Officer,specific,"2024005"
SupachaiSc,APP System,3,Procurement Officer,specific,"2025001"
SupachaiSc,APP System,3,Procurement Officer,specific,"2025005"
SupachaiSc,APP System,3,Procurement Officer,specific,"3036001"
SupachaiSc,Procurement Assistant System,3,Procurement Officer,All,"11011001"
SupachaiSc,Procurement Assistant System,3,Procurement Officer,All,"11011003"
SupachaiSc,Procurement Assistant System,3,Procurement Officer,All,"11011005"
SupachaiSc,Procurement Assistant System,3,Procurement Officer,All,"11011007"
SupachaiSc,Procurement Assistant System,3,Procurement Officer,All,"11012001"
SupachaiSc,Procurement Assistant System,3,Procurement Officer,All,"11012002"
SupachaiSc,Procurement Assistant System,3,Procurement Officer,All,"11013001"
SupachaiSc,Procurement Assistant System,3,Procurement Officer,All,"11013003"
SupachaiSc,Procurement Assistant System,3,Procurement Officer,All,"11013005"
SupachaiSc,Procurement Assistant System,3,Procurement Officer,All,"11013007"
SupachaiSc,Procurement Assistant System,3,Procurement Officer,All,"11014001"
SupachaiSc,Procurement Assistant System,3,Procurement Officer,All,"11014005"
SupachaiSc,Procurement Assistant System,3,Procurement Officer,All,"21011001"
SupachaiSc,Procurement Assistant System,3,Procurement Officer,All,"21011003"
SupachaiSc,Procurement Assistant System,3,Procurement Officer,All,"21011005"
SupachaiSc,Procurement Assistant System,3,Procurement Officer,All,"21012002"
SupachaiSc,Procurement Assistant System,3,Procurement Officer,All,"21012011"
SupachaiSc,Procurement Assistant System,3,Procurement Officer,All,"21012012"
SupachaiSc,Procurement Assistant System,3,Procurement Officer,All,"21014001"
SupachaiSc,Procurement Assistant System,3,Procurement Officer,All,"21014002"
SupachaiSc,Procurement Assistant System,3,Procurement Officer,All,"21014003"
SupachaiSc,Procurement Assistant System,3,Procurement Officer,All,"21014005"
SupachaiSc,Procurement Assistant System,3,Procurement Officer,All,"21014008"
SupachaiSc,Procurement Assistant System,3,Procurement Officer,All,"22021001"
SupachaiSc,Procurement Assistant System,3,Procurement Officer,All,"22021005"
SupachaiSc,Procurement Assistant System,3,Procurement Officer,All,"22022001"
SupachaiSc,Procurement Assistant System,3,Procurement Officer,All,"22022005"
SupachaiSc,Procurement Assistant System,3,Procurement Officer,All,"22023001"
SupachaiSc,Procurement Assistant System,3,Procurement Officer,All,"22023005"
SupachaiSc,Procurement Assistant System,3,Procurement Officer,All,"22024001"
SupachaiSc,Procurement Assistant System,3,Procurement Officer,All,"22024005"
SupachaiSc,Procurement Assistant System,3,Procurement Officer,All,"22025001"
SupachaiSc,Procurement Assistant System,3,Procurement Officer,All,"22025005"
SupachaiSc,Procurement Assistant System,3,Procurement Officer,All,"30100101"
SupachaiSc,Procurement Assistant System,3,Procurement Officer,All,"30100202"
SupachaiSc,Procurement Assistant System,3,Procurement Officer,All,"30200202"
SupachaiSc,Procurement Assistant System,3,Procurement Officer,All,"30300301"
SupachaiSc,Procurement Assistant System,3,Procurement Officer,All,"30300303"
SupachaiSc,Procurement Assistant System,3,Procurement Officer,All,"30300304"
SupachaiSc,Procurement Assistant System,3,Procurement Officer,All,"30300305"
SupachaiSc,Procurement Assistant System,3,Procurement Officer,All,"30300508"
SupachaiSc,Procurement Assistant System,3,Procurement Officer,All,"30300509"
SupachaiSc,Procurement Assistant System,3,Procurement Officer,All,"30300701"
SupachaiSc,Procurement Assistant System,3,Procurement Officer,All,"30400403"
SupachaiSc,Procurement Assistant System,3,Procurement Officer,All,"30400406"
SupachaiSc,Procurement Assistant System,3,Procurement Officer,All,"30400407"
SupachaiSc,Procurement Assistant System,3,Procurement Officer,All,"30400508"
SupachaiSc,Procurement Assistant System,3,Procurement Officer,All,"30400509"
SupachaiSc,Procurement Assistant System,3,Procurement Officer,All,"30400701"
SupachaiSc,Procurement Assistant System,3,Procurement Officer,All,"30400702"
SupachaiSc,Procurement Assistant System,3,Procurement Officer,All,"30400703"
SupachaiSc,Procurement Assistant System,3,Procurement Officer,All,"30400704"
SupachaiSc,Procurement Assistant System,3,Procurement Officer,All,"30500601"
SupachaiSc,Procurement Assistant System,3,Procurement Officer,All,"30500603"
SupachaiSc,Procurement Assistant System,3,Procurement Officer,All,"30600101"
SupachaiSc,Procurement Assistant System,3,Procurement Officer,All,"90900501"
SuthaphoomC,APP System,3,Procurement Officer,specific,"1011001"
SuthaphoomC,APP System,3,Procurement Officer,specific,"1011003"
SuthaphoomC,APP System,3,Procurement Officer,specific,"1011005"
SuthaphoomC,APP System,3,Procurement Officer,specific,"1011011"
SuthaphoomC,APP System,3,Procurement Officer,specific,"1011012"
SuthaphoomC,APP System,3,Procurement Officer,specific,"1012002"
SuthaphoomC,APP System,3,Procurement Officer,specific,"1014001"
SuthaphoomC,APP System,3,Procurement Officer,specific,"1014002"
SuthaphoomC,APP System,3,Procurement Officer,specific,"1014003"
SuthaphoomC,APP System,3,Procurement Officer,specific,"1014005"
SuthaphoomC,APP System,3,Procurement Officer,specific,"1014008"
SuthaphoomC,APP System,3,Procurement Officer,specific,"2021001"
SuthaphoomC,APP System,3,Procurement Officer,specific,"2021005"
SuthaphoomC,APP System,3,Procurement Officer,specific,"2022001"
SuthaphoomC,APP System,3,Procurement Officer,specific,"2022005"
SuthaphoomC,APP System,3,Procurement Officer,specific,"2023001"
SuthaphoomC,APP System,3,Procurement Officer,specific,"2023005"
SuthaphoomC,APP System,3,Procurement Officer,specific,"2024001"
SuthaphoomC,APP System,3,Procurement Officer,specific,"2024005"
SuthaphoomC,APP System,3,Procurement Officer,specific,"2025001"
SuthaphoomC,APP System,3,Procurement Officer,specific,"2025005"
SuthaphoomC,APP System,3,Procurement Officer,specific,"3036001"
SuthaphoomC,Procurement Assistant System,3,Procurement Officer,All,"11011001"
SuthaphoomC,Procurement Assistant System,3,Procurement Officer,All,"11011003"
SuthaphoomC,Procurement Assistant System,3,Procurement Officer,All,"11011005"
SuthaphoomC,Procurement Assistant System,3,Procurement Officer,All,"11011007"
SuthaphoomC,Procurement Assistant System,3,Procurement Officer,All,"11012001"
SuthaphoomC,Procurement Assistant System,3,Procurement Officer,All,"11012002"
SuthaphoomC,Procurement Assistant System,3,Procurement Officer,All,"11013001"
SuthaphoomC,Procurement Assistant System,3,Procurement Officer,All,"11013003"
SuthaphoomC,Procurement Assistant System,3,Procurement Officer,All,"11013005"
SuthaphoomC,Procurement Assistant System,3,Procurement Officer,All,"11013007"
SuthaphoomC,Procurement Assistant System,3,Procurement Officer,All,"11014001"
SuthaphoomC,Procurement Assistant System,3,Procurement Officer,All,"11014005"
SuthaphoomC,Procurement Assistant System,3,Procurement Officer,All,"21011001"
SuthaphoomC,Procurement Assistant System,3,Procurement Officer,All,"21011003"
SuthaphoomC,Procurement Assistant System,3,Procurement Officer,All,"21011005"
SuthaphoomC,Procurement Assistant System,3,Procurement Officer,All,"21012002"
SuthaphoomC,Procurement Assistant System,3,Procurement Officer,All,"21012011"
SuthaphoomC,Procurement Assistant System,3,Procurement Officer,All,"21012012"
SuthaphoomC,Procurement Assistant System,3,Procurement Officer,All,"21014001"
SuthaphoomC,Procurement Assistant System,3,Procurement Officer,All,"21014002"
SuthaphoomC,Procurement Assistant System,3,Procurement Officer,All,"21014003"
SuthaphoomC,Procurement Assistant System,3,Procurement Officer,All,"21014005"
SuthaphoomC,Procurement Assistant System,3,Procurement Officer,All,"21014008"
SuthaphoomC,Procurement Assistant System,3,Procurement Officer,All,"22021001"
SuthaphoomC,Procurement Assistant System,3,Procurement Officer,All,"22021005"
SuthaphoomC,Procurement Assistant System,3,Procurement Officer,All,"22022001"
SuthaphoomC,Procurement Assistant System,3,Procurement Officer,All,"22022005"
SuthaphoomC,Procurement Assistant System,3,Procurement Officer,All,"22023001"
SuthaphoomC,Procurement Assistant System,3,Procurement Officer,All,"22023005"
SuthaphoomC,Procurement Assistant System,3,Procurement Officer,All,"22024001"
SuthaphoomC,Procurement Assistant System,3,Procurement Officer,All,"22024005"
SuthaphoomC,Procurement Assistant System,3,Procurement Officer,All,"22025001"
SuthaphoomC,Procurement Assistant System,3,Procurement Officer,All,"22025005"
SuthaphoomC,Procurement Assistant System,3,Procurement Officer,All,"30100101"
SuthaphoomC,Procurement Assistant System,3,Procurement Officer,All,"30100202"
SuthaphoomC,Procurement Assistant System,3,Procurement Officer,All,"30200202"
SuthaphoomC,Procurement Assistant System,3,Procurement Officer,All,"30300301"
SuthaphoomC,Procurement Assistant System,3,Procurement Officer,All,"30300303"
SuthaphoomC,Procurement Assistant System,3,Procurement Officer,All,"30300304"
SuthaphoomC,Procurement Assistant System,3,Procurement Officer,All,"30300305"
SuthaphoomC,Procurement Assistant System,3,Procurement Officer,All,"30300508"
SuthaphoomC,Procurement Assistant System,3,Procurement Officer,All,"30300509"
SuthaphoomC,Procurement Assistant System,3,Procurement Officer,All,"30300701"
SuthaphoomC,Procurement Assistant System,3,Procurement Officer,All,"30400403"
SuthaphoomC,Procurement Assistant System,3,Procurement Officer,All,"30400406"
SuthaphoomC,Procurement Assistant System,3,Procurement Officer,All,"30400407"
SuthaphoomC,Procurement Assistant System,3,Procurement Officer,All,"30400508"
SuthaphoomC,Procurement Assistant System,3,Procurement Officer,All,"30400509"
SuthaphoomC,Procurement Assistant System,3,Procurement Officer,All,"30400701"
SuthaphoomC,Procurement Assistant System,3,Procurement Officer,All,"30400702"
SuthaphoomC,Procurement Assistant System,3,Procurement Officer,All,"30400703"
SuthaphoomC,Procurement Assistant System,3,Procurement Officer,All,"30400704"
SuthaphoomC,Procurement Assistant System,3,Procurement Officer,All,"30500601"
SuthaphoomC,Procurement Assistant System,3,Procurement Officer,All,"30500603"
SuthaphoomC,Procurement Assistant System,3,Procurement Officer,All,"30600101"
SuthaphoomC,Procurement Assistant System,3,Procurement Officer,All,"90900501"
SuwimolT,APP System,3,Procurement Officer,specific,"1011001"
SuwimolT,APP System,3,Procurement Officer,specific,"1011003"
SuwimolT,APP System,3,Procurement Officer,specific,"1011005"
SuwimolT,APP System,3,Procurement Officer,specific,"1011011"
SuwimolT,APP System,3,Procurement Officer,specific,"1011012"
SuwimolT,APP System,3,Procurement Officer,specific,"1012002"
SuwimolT,APP System,3,Procurement Officer,specific,"1014001"
SuwimolT,APP System,3,Procurement Officer,specific,"1014002"
SuwimolT,APP System,3,Procurement Officer,specific,"1014003"
SuwimolT,APP System,3,Procurement Officer,specific,"1014005"
SuwimolT,APP System,3,Procurement Officer,specific,"1014008"
SuwimolT,APP System,3,Procurement Officer,specific,"2021001"
SuwimolT,APP System,3,Procurement Officer,specific,"2021005"
SuwimolT,APP System,3,Procurement Officer,specific,"2022001"
SuwimolT,APP System,3,Procurement Officer,specific,"2022005"
SuwimolT,APP System,3,Procurement Officer,specific,"2023001"
SuwimolT,APP System,3,Procurement Officer,specific,"2023005"
SuwimolT,APP System,3,Procurement Officer,specific,"2024001"
SuwimolT,APP System,3,Procurement Officer,specific,"2024005"
SuwimolT,APP System,3,Procurement Officer,specific,"2025001"
SuwimolT,APP System,3,Procurement Officer,specific,"2025005"
SuwimolT,APP System,3,Procurement Officer,specific,"3036001"
SuwimolT,Procurement Assistant System,3,Procurement Officer,All,"11011001"
SuwimolT,Procurement Assistant System,3,Procurement Officer,All,"11011003"
SuwimolT,Procurement Assistant System,3,Procurement Officer,All,"11011005"
SuwimolT,Procurement Assistant System,3,Procurement Officer,All,"11011007"
SuwimolT,Procurement Assistant System,3,Procurement Officer,All,"11012001"
SuwimolT,Procurement Assistant System,3,Procurement Officer,All,"11012002"
SuwimolT,Procurement Assistant System,3,Procurement Officer,All,"11013001"
SuwimolT,Procurement Assistant System,3,Procurement Officer,All,"11013003"
SuwimolT,Procurement Assistant System,3,Procurement Officer,All,"11013005"
SuwimolT,Procurement Assistant System,3,Procurement Officer,All,"11013007"
SuwimolT,Procurement Assistant System,3,Procurement Officer,All,"11014001"
SuwimolT,Procurement Assistant System,3,Procurement Officer,All,"11014005"
SuwimolT,Procurement Assistant System,3,Procurement Officer,All,"21011001"
SuwimolT,Procurement Assistant System,3,Procurement Officer,All,"21011003"
SuwimolT,Procurement Assistant System,3,Procurement Officer,All,"21011005"
SuwimolT,Procurement Assistant System,3,Procurement Officer,All,"21012002"
SuwimolT,Procurement Assistant System,3,Procurement Officer,All,"21012011"
SuwimolT,Procurement Assistant System,3,Procurement Officer,All,"21012012"
SuwimolT,Procurement Assistant System,3,Procurement Officer,All,"21014001"
SuwimolT,Procurement Assistant System,3,Procurement Officer,All,"21014002"
SuwimolT,Procurement Assistant System,3,Procurement Officer,All,"21014003"
SuwimolT,Procurement Assistant System,3,Procurement Officer,All,"21014005"
SuwimolT,Procurement Assistant System,3,Procurement Officer,All,"21014008"
SuwimolT,Procurement Assistant System,3,Procurement Officer,All,"22021001"
SuwimolT,Procurement Assistant System,3,Procurement Officer,All,"22021005"
SuwimolT,Procurement Assistant System,3,Procurement Officer,All,"22022001"
SuwimolT,Procurement Assistant System,3,Procurement Officer,All,"22022005"
SuwimolT,Procurement Assistant System,3,Procurement Officer,All,"22023001"
SuwimolT,Procurement Assistant System,3,Procurement Officer,All,"22023005"
SuwimolT,Procurement Assistant System,3,Procurement Officer,All,"22024001"
SuwimolT,Procurement Assistant System,3,Procurement Officer,All,"22024005"
SuwimolT,Procurement Assistant System,3,Procurement Officer,All,"22025001"
SuwimolT,Procurement Assistant System,3,Procurement Officer,All,"22025005"
SuwimolT,Procurement Assistant System,3,Procurement Officer,All,"30100101"
SuwimolT,Procurement Assistant System,3,Procurement Officer,All,"30100202"
SuwimolT,Procurement Assistant System,3,Procurement Officer,All,"30200202"
SuwimolT,Procurement Assistant System,3,Procurement Officer,All,"30300301"
SuwimolT,Procurement Assistant System,3,Procurement Officer,All,"30300303"
SuwimolT,Procurement Assistant System,3,Procurement Officer,All,"30300304"
SuwimolT,Procurement Assistant System,3,Procurement Officer,All,"30300305"
SuwimolT,Procurement Assistant System,3,Procurement Officer,All,"30300508"
SuwimolT,Procurement Assistant System,3,Procurement Officer,All,"30300509"
SuwimolT,Procurement Assistant System,3,Procurement Officer,All,"30300701"
SuwimolT,Procurement Assistant System,3,Procurement Officer,All,"30400403"
SuwimolT,Procurement Assistant System,3,Procurement Officer,All,"30400406"
SuwimolT,Procurement Assistant System,3,Procurement Officer,All,"30400407"
SuwimolT,Procurement Assistant System,3,Procurement Officer,All,"30400508"
SuwimolT,Procurement Assistant System,3,Procurement Officer,All,"30400509"
SuwimolT,Procurement Assistant System,3,Procurement Officer,All,"30400701"
SuwimolT,Procurement Assistant System,3,Procurement Officer,All,"30400702"
SuwimolT,Procurement Assistant System,3,Procurement Officer,All,"30400703"
SuwimolT,Procurement Assistant System,3,Procurement Officer,All,"30400704"
SuwimolT,Procurement Assistant System,3,Procurement Officer,All,"30500601"
SuwimolT,Procurement Assistant System,3,Procurement Officer,All,"30500603"
SuwimolT,Procurement Assistant System,3,Procurement Officer,All,"30600101"
SuwimolT,Procurement Assistant System,3,Procurement Officer,All,"90900501"
ThadtawanU,APP System,3,Procurement Officer,specific,"1011001"
ThadtawanU,APP System,3,Procurement Officer,specific,"1011003"
ThadtawanU,APP System,3,Procurement Officer,specific,"1011005"
ThadtawanU,APP System,3,Procurement Officer,specific,"1011011"
ThadtawanU,APP System,3,Procurement Officer,specific,"1011012"
ThadtawanU,APP System,3,Procurement Officer,specific,"1012002"
ThadtawanU,APP System,3,Procurement Officer,specific,"1014001"
ThadtawanU,APP System,3,Procurement Officer,specific,"1014002"
ThadtawanU,APP System,3,Procurement Officer,specific,"1014003"
ThadtawanU,APP System,3,Procurement Officer,specific,"1014005"
ThadtawanU,APP System,3,Procurement Officer,specific,"1014008"
ThadtawanU,APP System,3,Procurement Officer,specific,"2021001"
ThadtawanU,APP System,3,Procurement Officer,specific,"2021005"
ThadtawanU,APP System,3,Procurement Officer,specific,"2022001"
ThadtawanU,APP System,3,Procurement Officer,specific,"2022005"
ThadtawanU,APP System,3,Procurement Officer,specific,"2023001"
ThadtawanU,APP System,3,Procurement Officer,specific,"2023005"
ThadtawanU,APP System,3,Procurement Officer,specific,"2024001"
ThadtawanU,APP System,3,Procurement Officer,specific,"2024005"
ThadtawanU,APP System,3,Procurement Officer,specific,"2025001"
ThadtawanU,APP System,3,Procurement Officer,specific,"2025005"
ThadtawanU,APP System,3,Procurement Officer,specific,"3036001"
ThadtawanU,Procurement Assistant System,3,Procurement Officer,All,"11011001"
ThadtawanU,Procurement Assistant System,3,Procurement Officer,All,"11011003"
ThadtawanU,Procurement Assistant System,3,Procurement Officer,All,"11011005"
ThadtawanU,Procurement Assistant System,3,Procurement Officer,All,"11011007"
ThadtawanU,Procurement Assistant System,3,Procurement Officer,All,"11012001"
ThadtawanU,Procurement Assistant System,3,Procurement Officer,All,"11012002"
ThadtawanU,Procurement Assistant System,3,Procurement Officer,All,"11013001"
ThadtawanU,Procurement Assistant System,3,Procurement Officer,All,"11013003"
ThadtawanU,Procurement Assistant System,3,Procurement Officer,All,"11013005"
ThadtawanU,Procurement Assistant System,3,Procurement Officer,All,"11013007"
ThadtawanU,Procurement Assistant System,3,Procurement Officer,All,"11014001"
ThadtawanU,Procurement Assistant System,3,Procurement Officer,All,"11014005"
ThadtawanU,Procurement Assistant System,3,Procurement Officer,All,"21011001"
ThadtawanU,Procurement Assistant System,3,Procurement Officer,All,"21011003"
ThadtawanU,Procurement Assistant System,3,Procurement Officer,All,"21011005"
ThadtawanU,Procurement Assistant System,3,Procurement Officer,All,"21012002"
ThadtawanU,Procurement Assistant System,3,Procurement Officer,All,"21012011"
ThadtawanU,Procurement Assistant System,3,Procurement Officer,All,"21012012"
ThadtawanU,Procurement Assistant System,3,Procurement Officer,All,"21014001"
ThadtawanU,Procurement Assistant System,3,Procurement Officer,All,"21014002"
ThadtawanU,Procurement Assistant System,3,Procurement Officer,All,"21014003"
ThadtawanU,Procurement Assistant System,3,Procurement Officer,All,"21014005"
ThadtawanU,Procurement Assistant System,3,Procurement Officer,All,"21014008"
ThadtawanU,Procurement Assistant System,3,Procurement Officer,All,"22021001"
ThadtawanU,Procurement Assistant System,3,Procurement Officer,All,"22021005"
ThadtawanU,Procurement Assistant System,3,Procurement Officer,All,"22022001"
ThadtawanU,Procurement Assistant System,3,Procurement Officer,All,"22022005"
ThadtawanU,Procurement Assistant System,3,Procurement Officer,All,"22023001"
ThadtawanU,Procurement Assistant System,3,Procurement Officer,All,"22023005"
ThadtawanU,Procurement Assistant System,3,Procurement Officer,All,"22024001"
ThadtawanU,Procurement Assistant System,3,Procurement Officer,All,"22024005"
ThadtawanU,Procurement Assistant System,3,Procurement Officer,All,"22025001"
ThadtawanU,Procurement Assistant System,3,Procurement Officer,All,"22025005"
ThadtawanU,Procurement Assistant System,3,Procurement Officer,All,"30100101"
ThadtawanU,Procurement Assistant System,3,Procurement Officer,All,"30100202"
ThadtawanU,Procurement Assistant System,3,Procurement Officer,All,"30200202"
ThadtawanU,Procurement Assistant System,3,Procurement Officer,All,"30300301"
ThadtawanU,Procurement Assistant System,3,Procurement Officer,All,"30300303"
ThadtawanU,Procurement Assistant System,3,Procurement Officer,All,"30300304"
ThadtawanU,Procurement Assistant System,3,Procurement Officer,All,"30300305"
ThadtawanU,Procurement Assistant System,3,Procurement Officer,All,"30300508"
ThadtawanU,Procurement Assistant System,3,Procurement Officer,All,"30300509"
ThadtawanU,Procurement Assistant System,3,Procurement Officer,All,"30300701"
ThadtawanU,Procurement Assistant System,3,Procurement Officer,All,"30400403"
ThadtawanU,Procurement Assistant System,3,Procurement Officer,All,"30400406"
ThadtawanU,Procurement Assistant System,3,Procurement Officer,All,"30400407"
ThadtawanU,Procurement Assistant System,3,Procurement Officer,All,"30400508"
ThadtawanU,Procurement Assistant System,3,Procurement Officer,All,"30400509"
ThadtawanU,Procurement Assistant System,3,Procurement Officer,All,"30400701"
ThadtawanU,Procurement Assistant System,3,Procurement Officer,All,"30400702"
ThadtawanU,Procurement Assistant System,3,Procurement Officer,All,"30400703"
ThadtawanU,Procurement Assistant System,3,Procurement Officer,All,"30400704"
ThadtawanU,Procurement Assistant System,3,Procurement Officer,All,"30500601"
ThadtawanU,Procurement Assistant System,3,Procurement Officer,All,"30500603"
ThadtawanU,Procurement Assistant System,3,Procurement Officer,All,"30600101"
ThadtawanU,Procurement Assistant System,3,Procurement Officer,All,"90900501"
ThanapornA,APP System,3,Procurement Officer,specific,"1011001"
ThanapornA,APP System,3,Procurement Officer,specific,"1011003"
ThanapornA,APP System,3,Procurement Officer,specific,"1011005"
ThanapornA,APP System,3,Procurement Officer,specific,"1011011"
ThanapornA,APP System,3,Procurement Officer,specific,"1011012"
ThanapornA,APP System,3,Procurement Officer,specific,"1012002"
ThanapornA,APP System,3,Procurement Officer,specific,"1014001"
ThanapornA,APP System,3,Procurement Officer,specific,"1014002"
ThanapornA,APP System,3,Procurement Officer,specific,"1014003"
ThanapornA,APP System,3,Procurement Officer,specific,"1014005"
ThanapornA,APP System,3,Procurement Officer,specific,"1014008"
ThanapornA,APP System,3,Procurement Officer,specific,"2021001"
ThanapornA,APP System,3,Procurement Officer,specific,"2021005"
ThanapornA,APP System,3,Procurement Officer,specific,"2022001"
ThanapornA,APP System,3,Procurement Officer,specific,"2022005"
ThanapornA,APP System,3,Procurement Officer,specific,"2023001"
ThanapornA,APP System,3,Procurement Officer,specific,"2023005"
ThanapornA,APP System,3,Procurement Officer,specific,"2024001"
ThanapornA,APP System,3,Procurement Officer,specific,"2024005"
ThanapornA,APP System,3,Procurement Officer,specific,"2025001"
ThanapornA,APP System,3,Procurement Officer,specific,"2025005"
ThanapornA,APP System,3,Procurement Officer,specific,"3036001"
ThanapornA,Procurement Assistant System,3,Procurement Officer,All,"11011001"
ThanapornA,Procurement Assistant System,3,Procurement Officer,All,"11011003"
ThanapornA,Procurement Assistant System,3,Procurement Officer,All,"11011005"
ThanapornA,Procurement Assistant System,3,Procurement Officer,All,"11011007"
ThanapornA,Procurement Assistant System,3,Procurement Officer,All,"11012001"
ThanapornA,Procurement Assistant System,3,Procurement Officer,All,"11012002"
ThanapornA,Procurement Assistant System,3,Procurement Officer,All,"11013001"
ThanapornA,Procurement Assistant System,3,Procurement Officer,All,"11013003"
ThanapornA,Procurement Assistant System,3,Procurement Officer,All,"11013005"
ThanapornA,Procurement Assistant System,3,Procurement Officer,All,"11013007"
ThanapornA,Procurement Assistant System,3,Procurement Officer,All,"11014001"
ThanapornA,Procurement Assistant System,3,Procurement Officer,All,"11014005"
ThanapornA,Procurement Assistant System,3,Procurement Officer,All,"21011001"
ThanapornA,Procurement Assistant System,3,Procurement Officer,All,"21011003"
ThanapornA,Procurement Assistant System,3,Procurement Officer,All,"21011005"
ThanapornA,Procurement Assistant System,3,Procurement Officer,All,"21012002"
ThanapornA,Procurement Assistant System,3,Procurement Officer,All,"21012011"
ThanapornA,Procurement Assistant System,3,Procurement Officer,All,"21012012"
ThanapornA,Procurement Assistant System,3,Procurement Officer,All,"21014001"
ThanapornA,Procurement Assistant System,3,Procurement Officer,All,"21014002"
ThanapornA,Procurement Assistant System,3,Procurement Officer,All,"21014003"
ThanapornA,Procurement Assistant System,3,Procurement Officer,All,"21014005"
ThanapornA,Procurement Assistant System,3,Procurement Officer,All,"21014008"
ThanapornA,Procurement Assistant System,3,Procurement Officer,All,"22021001"
ThanapornA,Procurement Assistant System,3,Procurement Officer,All,"22021005"
ThanapornA,Procurement Assistant System,3,Procurement Officer,All,"22022001"
ThanapornA,Procurement Assistant System,3,Procurement Officer,All,"22022005"
ThanapornA,Procurement Assistant System,3,Procurement Officer,All,"22023001"
ThanapornA,Procurement Assistant System,3,Procurement Officer,All,"22023005"
ThanapornA,Procurement Assistant System,3,Procurement Officer,All,"22024001"
ThanapornA,Procurement Assistant System,3,Procurement Officer,All,"22024005"
ThanapornA,Procurement Assistant System,3,Procurement Officer,All,"22025001"
ThanapornA,Procurement Assistant System,3,Procurement Officer,All,"22025005"
ThanapornA,Procurement Assistant System,3,Procurement Officer,All,"30100101"
ThanapornA,Procurement Assistant System,3,Procurement Officer,All,"30100202"
ThanapornA,Procurement Assistant System,3,Procurement Officer,All,"30200202"
ThanapornA,Procurement Assistant System,3,Procurement Officer,All,"30300301"
ThanapornA,Procurement Assistant System,3,Procurement Officer,All,"30300303"
ThanapornA,Procurement Assistant System,3,Procurement Officer,All,"30300304"
ThanapornA,Procurement Assistant System,3,Procurement Officer,All,"30300305"
ThanapornA,Procurement Assistant System,3,Procurement Officer,All,"30300508"
ThanapornA,Procurement Assistant System,3,Procurement Officer,All,"30300509"
ThanapornA,Procurement Assistant System,3,Procurement Officer,All,"30300701"
ThanapornA,Procurement Assistant System,3,Procurement Officer,All,"30400403"
ThanapornA,Procurement Assistant System,3,Procurement Officer,All,"30400406"
ThanapornA,Procurement Assistant System,3,Procurement Officer,All,"30400407"
ThanapornA,Procurement Assistant System,3,Procurement Officer,All,"30400508"
ThanapornA,Procurement Assistant System,3,Procurement Officer,All,"30400509"
ThanapornA,Procurement Assistant System,3,Procurement Officer,All,"30400701"
ThanapornA,Procurement Assistant System,3,Procurement Officer,All,"30400702"
ThanapornA,Procurement Assistant System,3,Procurement Officer,All,"30400703"
ThanapornA,Procurement Assistant System,3,Procurement Officer,All,"30400704"
ThanapornA,Procurement Assistant System,3,Procurement Officer,All,"30500601"
ThanapornA,Procurement Assistant System,3,Procurement Officer,All,"30500603"
ThanapornA,Procurement Assistant System,3,Procurement Officer,All,"30600101"
ThanapornA,Procurement Assistant System,3,Procurement Officer,All,"90900501"
ThanavisuthW,APP System,3,Procurement Officer,specific,"1011001"
ThanavisuthW,APP System,3,Procurement Officer,specific,"1011003"
ThanavisuthW,APP System,3,Procurement Officer,specific,"1011005"
ThanavisuthW,APP System,3,Procurement Officer,specific,"1011011"
ThanavisuthW,APP System,3,Procurement Officer,specific,"1011012"
ThanavisuthW,APP System,3,Procurement Officer,specific,"1012002"
ThanavisuthW,APP System,3,Procurement Officer,specific,"1014001"
ThanavisuthW,APP System,3,Procurement Officer,specific,"1014002"
ThanavisuthW,APP System,3,Procurement Officer,specific,"1014003"
ThanavisuthW,APP System,3,Procurement Officer,specific,"1014005"
ThanavisuthW,APP System,3,Procurement Officer,specific,"1014008"
ThanavisuthW,APP System,3,Procurement Officer,specific,"2021001"
ThanavisuthW,APP System,3,Procurement Officer,specific,"2021005"
ThanavisuthW,APP System,3,Procurement Officer,specific,"2022001"
ThanavisuthW,APP System,3,Procurement Officer,specific,"2022005"
ThanavisuthW,APP System,3,Procurement Officer,specific,"2023001"
ThanavisuthW,APP System,3,Procurement Officer,specific,"2023005"
ThanavisuthW,APP System,3,Procurement Officer,specific,"2024001"
ThanavisuthW,APP System,3,Procurement Officer,specific,"2024005"
ThanavisuthW,APP System,3,Procurement Officer,specific,"2025001"
ThanavisuthW,APP System,3,Procurement Officer,specific,"2025005"
ThanavisuthW,APP System,3,Procurement Officer,specific,"3036001"
ThanavisuthW,Procurement Assistant System,3,Procurement Officer,All,"11011001"
ThanavisuthW,Procurement Assistant System,3,Procurement Officer,All,"11011003"
ThanavisuthW,Procurement Assistant System,3,Procurement Officer,All,"11011005"
ThanavisuthW,Procurement Assistant System,3,Procurement Officer,All,"11011007"
ThanavisuthW,Procurement Assistant System,3,Procurement Officer,All,"11012001"
ThanavisuthW,Procurement Assistant System,3,Procurement Officer,All,"11012002"
ThanavisuthW,Procurement Assistant System,3,Procurement Officer,All,"11013001"
ThanavisuthW,Procurement Assistant System,3,Procurement Officer,All,"11013003"
ThanavisuthW,Procurement Assistant System,3,Procurement Officer,All,"11013005"
ThanavisuthW,Procurement Assistant System,3,Procurement Officer,All,"11013007"
ThanavisuthW,Procurement Assistant System,3,Procurement Officer,All,"11014001"
ThanavisuthW,Procurement Assistant System,3,Procurement Officer,All,"11014005"
ThanavisuthW,Procurement Assistant System,3,Procurement Officer,All,"21011001"
ThanavisuthW,Procurement Assistant System,3,Procurement Officer,All,"21011003"
ThanavisuthW,Procurement Assistant System,3,Procurement Officer,All,"21011005"
ThanavisuthW,Procurement Assistant System,3,Procurement Officer,All,"21012002"
ThanavisuthW,Procurement Assistant System,3,Procurement Officer,All,"21012011"
ThanavisuthW,Procurement Assistant System,3,Procurement Officer,All,"21012012"
ThanavisuthW,Procurement Assistant System,3,Procurement Officer,All,"21014001"
ThanavisuthW,Procurement Assistant System,3,Procurement Officer,All,"21014002"
ThanavisuthW,Procurement Assistant System,3,Procurement Officer,All,"21014003"
ThanavisuthW,Procurement Assistant System,3,Procurement Officer,All,"21014005"
ThanavisuthW,Procurement Assistant System,3,Procurement Officer,All,"21014008"
ThanavisuthW,Procurement Assistant System,3,Procurement Officer,All,"22021001"
ThanavisuthW,Procurement Assistant System,3,Procurement Officer,All,"22021005"
ThanavisuthW,Procurement Assistant System,3,Procurement Officer,All,"22022001"
ThanavisuthW,Procurement Assistant System,3,Procurement Officer,All,"22022005"
ThanavisuthW,Procurement Assistant System,3,Procurement Officer,All,"22023001"
ThanavisuthW,Procurement Assistant System,3,Procurement Officer,All,"22023005"
ThanavisuthW,Procurement Assistant System,3,Procurement Officer,All,"22024001"
ThanavisuthW,Procurement Assistant System,3,Procurement Officer,All,"22024005"
ThanavisuthW,Procurement Assistant System,3,Procurement Officer,All,"22025001"
ThanavisuthW,Procurement Assistant System,3,Procurement Officer,All,"22025005"
ThanavisuthW,Procurement Assistant System,3,Procurement Officer,All,"30100101"
ThanavisuthW,Procurement Assistant System,3,Procurement Officer,All,"30100202"
ThanavisuthW,Procurement Assistant System,3,Procurement Officer,All,"30200202"
ThanavisuthW,Procurement Assistant System,3,Procurement Officer,All,"30300301"
ThanavisuthW,Procurement Assistant System,3,Procurement Officer,All,"30300303"
ThanavisuthW,Procurement Assistant System,3,Procurement Officer,All,"30300304"
ThanavisuthW,Procurement Assistant System,3,Procurement Officer,All,"30300305"
ThanavisuthW,Procurement Assistant System,3,Procurement Officer,All,"30300508"
ThanavisuthW,Procurement Assistant System,3,Procurement Officer,All,"30300509"
ThanavisuthW,Procurement Assistant System,3,Procurement Officer,All,"30300701"
ThanavisuthW,Procurement Assistant System,3,Procurement Officer,All,"30400403"
ThanavisuthW,Procurement Assistant System,3,Procurement Officer,All,"30400406"
ThanavisuthW,Procurement Assistant System,3,Procurement Officer,All,"30400407"
ThanavisuthW,Procurement Assistant System,3,Procurement Officer,All,"30400508"
ThanavisuthW,Procurement Assistant System,3,Procurement Officer,All,"30400509"
ThanavisuthW,Procurement Assistant System,3,Procurement Officer,All,"30400701"
ThanavisuthW,Procurement Assistant System,3,Procurement Officer,All,"30400702"
ThanavisuthW,Procurement Assistant System,3,Procurement Officer,All,"30400703"
ThanavisuthW,Procurement Assistant System,3,Procurement Officer,All,"30400704"
ThanavisuthW,Procurement Assistant System,3,Procurement Officer,All,"30500601"
ThanavisuthW,Procurement Assistant System,3,Procurement Officer,All,"30500603"
ThanavisuthW,Procurement Assistant System,3,Procurement Officer,All,"30600101"
ThanavisuthW,Procurement Assistant System,3,Procurement Officer,All,"90900501"
ThanchanokN,APP System,6,PSC Report Management,all,"1011001"
ThanchanokN,APP System,6,PSC Report Management,all,"1011003"
ThanchanokN,APP System,6,PSC Report Management,all,"1011005"
ThanchanokN,APP System,6,PSC Report Management,all,"1011008"
ThanchanokN,APP System,6,PSC Report Management,all,"1011011"
ThanchanokN,APP System,6,PSC Report Management,all,"1011012"
ThanchanokN,APP System,6,PSC Report Management,all,"1014001"
ThanchanokN,APP System,6,PSC Report Management,all,"1014002"
ThanchanokN,APP System,6,PSC Report Management,all,"1014003"
ThanchanokN,APP System,6,PSC Report Management,all,"1014005"
ThanchanokN,APP System,6,PSC Report Management,all,"1014007"
ThanchanokN,APP System,6,PSC Report Management,all,"1014008"
ThanchanokN,APP System,6,PSC Report Management,all,"2021001"
ThanchanokN,APP System,6,PSC Report Management,all,"2021005"
ThanchanokN,APP System,6,PSC Report Management,all,"2021009"
ThanchanokN,APP System,6,PSC Report Management,all,"2022001"
ThanchanokN,APP System,6,PSC Report Management,all,"2022005"
ThanchanokN,APP System,6,PSC Report Management,all,"2022009"
ThanchanokN,APP System,6,PSC Report Management,all,"2023001"
ThanchanokN,APP System,6,PSC Report Management,all,"2023005"
ThanchanokN,APP System,6,PSC Report Management,all,"2024001"
ThanchanokN,APP System,6,PSC Report Management,all,"2024005"
ThanchanokN,APP System,6,PSC Report Management,all,"2025001"
ThanchanokN,APP System,6,PSC Report Management,all,"2025005"
ThanchanokN,APP System,6,PSC Report Management,all,"3035001"
ThanchanokN,APP System,6,PSC Report Management,all,"3035003"
ThanchanokN,APP System,6,PSC Report Management,all,"3036001"
ThanchanokN,Reference Price System,2,Role Supply Chain,Admin,"101101"
ThanchanokN,Reference Price System,2,Role Supply Chain,Admin,"101103"
ThanutT,Procurement Assistant System,3,Procurement Officer,All,"11011001"
ThanutT,Procurement Assistant System,3,Procurement Officer,All,"11011003"
ThanutT,Procurement Assistant System,3,Procurement Officer,All,"11011005"
ThanutT,Procurement Assistant System,3,Procurement Officer,All,"11011007"
ThanutT,Procurement Assistant System,3,Procurement Officer,All,"11012001"
ThanutT,Procurement Assistant System,3,Procurement Officer,All,"11012002"
ThanutT,Procurement Assistant System,3,Procurement Officer,All,"11013001"
ThanutT,Procurement Assistant System,3,Procurement Officer,All,"11013003"
ThanutT,Procurement Assistant System,3,Procurement Officer,All,"11013005"
ThanutT,Procurement Assistant System,3,Procurement Officer,All,"11013007"
ThanutT,Procurement Assistant System,3,Procurement Officer,All,"11014001"
ThanutT,Procurement Assistant System,3,Procurement Officer,All,"11014005"
ThanutT,Procurement Assistant System,3,Procurement Officer,All,"21011001"
ThanutT,Procurement Assistant System,3,Procurement Officer,All,"21011003"
ThanutT,Procurement Assistant System,3,Procurement Officer,All,"21011005"
ThanutT,Procurement Assistant System,3,Procurement Officer,All,"21012002"
ThanutT,Procurement Assistant System,3,Procurement Officer,All,"21012011"
ThanutT,Procurement Assistant System,3,Procurement Officer,All,"21012012"
ThanutT,Procurement Assistant System,3,Procurement Officer,All,"21014001"
ThanutT,Procurement Assistant System,3,Procurement Officer,All,"21014002"
ThanutT,Procurement Assistant System,3,Procurement Officer,All,"21014003"
ThanutT,Procurement Assistant System,3,Procurement Officer,All,"21014005"
ThanutT,Procurement Assistant System,3,Procurement Officer,All,"21014008"
ThanutT,Procurement Assistant System,3,Procurement Officer,All,"22021001"
ThanutT,Procurement Assistant System,3,Procurement Officer,All,"22021005"
ThanutT,Procurement Assistant System,3,Procurement Officer,All,"22022001"
ThanutT,Procurement Assistant System,3,Procurement Officer,All,"22022005"
ThanutT,Procurement Assistant System,3,Procurement Officer,All,"22023001"
ThanutT,Procurement Assistant System,3,Procurement Officer,All,"22023005"
ThanutT,Procurement Assistant System,3,Procurement Officer,All,"22024001"
ThanutT,Procurement Assistant System,3,Procurement Officer,All,"22024005"
ThanutT,Procurement Assistant System,3,Procurement Officer,All,"22025001"
ThanutT,Procurement Assistant System,3,Procurement Officer,All,"22025005"
ThanutT,Procurement Assistant System,3,Procurement Officer,All,"30100101"
ThanutT,Procurement Assistant System,3,Procurement Officer,All,"30100202"
ThanutT,Procurement Assistant System,3,Procurement Officer,All,"30200202"
ThanutT,Procurement Assistant System,3,Procurement Officer,All,"30300301"
ThanutT,Procurement Assistant System,3,Procurement Officer,All,"30300303"
ThanutT,Procurement Assistant System,3,Procurement Officer,All,"30300304"
ThanutT,Procurement Assistant System,3,Procurement Officer,All,"30300305"
ThanutT,Procurement Assistant System,3,Procurement Officer,All,"30300508"
ThanutT,Procurement Assistant System,3,Procurement Officer,All,"30300509"
ThanutT,Procurement Assistant System,3,Procurement Officer,All,"30300701"
ThanutT,Procurement Assistant System,3,Procurement Officer,All,"30400403"
ThanutT,Procurement Assistant System,3,Procurement Officer,All,"30400406"
ThanutT,Procurement Assistant System,3,Procurement Officer,All,"30400407"
ThanutT,Procurement Assistant System,3,Procurement Officer,All,"30400508"
ThanutT,Procurement Assistant System,3,Procurement Officer,All,"30400509"
ThanutT,Procurement Assistant System,3,Procurement Officer,All,"30400701"
ThanutT,Procurement Assistant System,3,Procurement Officer,All,"30400702"
ThanutT,Procurement Assistant System,3,Procurement Officer,All,"30400703"
ThanutT,Procurement Assistant System,3,Procurement Officer,All,"30400704"
ThanutT,Procurement Assistant System,3,Procurement Officer,All,"30500601"
ThanutT,Procurement Assistant System,3,Procurement Officer,All,"30500603"
ThanutT,Procurement Assistant System,3,Procurement Officer,All,"30600101"
ThanutT,Procurement Assistant System,3,Procurement Officer,All,"90900501"
ThirayaK,APP System,3,Procurement Officer,specific,"1011001"
ThirayaK,APP System,3,Procurement Officer,specific,"1011003"
ThirayaK,APP System,3,Procurement Officer,specific,"1011005"
ThirayaK,APP System,3,Procurement Officer,specific,"1011011"
ThirayaK,APP System,3,Procurement Officer,specific,"1011012"
ThirayaK,APP System,3,Procurement Officer,specific,"1012002"
ThirayaK,APP System,3,Procurement Officer,specific,"1014001"
ThirayaK,APP System,3,Procurement Officer,specific,"1014002"
ThirayaK,APP System,3,Procurement Officer,specific,"1014003"
ThirayaK,APP System,3,Procurement Officer,specific,"1014005"
ThirayaK,APP System,3,Procurement Officer,specific,"1014008"
ThirayaK,APP System,3,Procurement Officer,specific,"2021001"
ThirayaK,APP System,3,Procurement Officer,specific,"2021005"
ThirayaK,APP System,3,Procurement Officer,specific,"2022001"
ThirayaK,APP System,3,Procurement Officer,specific,"2022005"
ThirayaK,APP System,3,Procurement Officer,specific,"2023001"
ThirayaK,APP System,3,Procurement Officer,specific,"2023005"
ThirayaK,APP System,3,Procurement Officer,specific,"2024001"
ThirayaK,APP System,3,Procurement Officer,specific,"2024005"
ThirayaK,APP System,3,Procurement Officer,specific,"2025001"
ThirayaK,APP System,3,Procurement Officer,specific,"2025005"
ThirayaK,APP System,3,Procurement Officer,specific,"3036001"
ThirayaK,Procurement Assistant System,3,Procurement Officer,All,"11011001"
ThirayaK,Procurement Assistant System,3,Procurement Officer,All,"11011003"
ThirayaK,Procurement Assistant System,3,Procurement Officer,All,"11011005"
ThirayaK,Procurement Assistant System,3,Procurement Officer,All,"11011007"
ThirayaK,Procurement Assistant System,3,Procurement Officer,All,"11012001"
ThirayaK,Procurement Assistant System,3,Procurement Officer,All,"11012002"
ThirayaK,Procurement Assistant System,3,Procurement Officer,All,"11013001"
ThirayaK,Procurement Assistant System,3,Procurement Officer,All,"11013003"
ThirayaK,Procurement Assistant System,3,Procurement Officer,All,"11013005"
ThirayaK,Procurement Assistant System,3,Procurement Officer,All,"11013007"
ThirayaK,Procurement Assistant System,3,Procurement Officer,All,"11014001"
ThirayaK,Procurement Assistant System,3,Procurement Officer,All,"11014005"
ThirayaK,Procurement Assistant System,3,Procurement Officer,All,"21011001"
ThirayaK,Procurement Assistant System,3,Procurement Officer,All,"21011003"
ThirayaK,Procurement Assistant System,3,Procurement Officer,All,"21011005"
ThirayaK,Procurement Assistant System,3,Procurement Officer,All,"21012002"
ThirayaK,Procurement Assistant System,3,Procurement Officer,All,"21012011"
ThirayaK,Procurement Assistant System,3,Procurement Officer,All,"21012012"
ThirayaK,Procurement Assistant System,3,Procurement Officer,All,"21014001"
ThirayaK,Procurement Assistant System,3,Procurement Officer,All,"21014002"
ThirayaK,Procurement Assistant System,3,Procurement Officer,All,"21014003"
ThirayaK,Procurement Assistant System,3,Procurement Officer,All,"21014005"
ThirayaK,Procurement Assistant System,3,Procurement Officer,All,"21014008"
ThirayaK,Procurement Assistant System,3,Procurement Officer,All,"22021001"
ThirayaK,Procurement Assistant System,3,Procurement Officer,All,"22021005"
ThirayaK,Procurement Assistant System,3,Procurement Officer,All,"22022001"
ThirayaK,Procurement Assistant System,3,Procurement Officer,All,"22022005"
ThirayaK,Procurement Assistant System,3,Procurement Officer,All,"22023001"
ThirayaK,Procurement Assistant System,3,Procurement Officer,All,"22023005"
ThirayaK,Procurement Assistant System,3,Procurement Officer,All,"22024001"
ThirayaK,Procurement Assistant System,3,Procurement Officer,All,"22024005"
ThirayaK,Procurement Assistant System,3,Procurement Officer,All,"22025001"
ThirayaK,Procurement Assistant System,3,Procurement Officer,All,"22025005"
ThirayaK,Procurement Assistant System,3,Procurement Officer,All,"30100101"
ThirayaK,Procurement Assistant System,3,Procurement Officer,All,"30100202"
ThirayaK,Procurement Assistant System,3,Procurement Officer,All,"30200202"
ThirayaK,Procurement Assistant System,3,Procurement Officer,All,"30300301"
ThirayaK,Procurement Assistant System,3,Procurement Officer,All,"30300303"
ThirayaK,Procurement Assistant System,3,Procurement Officer,All,"30300304"
ThirayaK,Procurement Assistant System,3,Procurement Officer,All,"30300305"
ThirayaK,Procurement Assistant System,3,Procurement Officer,All,"30300508"
ThirayaK,Procurement Assistant System,3,Procurement Officer,All,"30300509"
ThirayaK,Procurement Assistant System,3,Procurement Officer,All,"30300701"
ThirayaK,Procurement Assistant System,3,Procurement Officer,All,"30400403"
ThirayaK,Procurement Assistant System,3,Procurement Officer,All,"30400406"
ThirayaK,Procurement Assistant System,3,Procurement Officer,All,"30400407"
ThirayaK,Procurement Assistant System,3,Procurement Officer,All,"30400508"
ThirayaK,Procurement Assistant System,3,Procurement Officer,All,"30400509"
ThirayaK,Procurement Assistant System,3,Procurement Officer,All,"30400701"
ThirayaK,Procurement Assistant System,3,Procurement Officer,All,"30400702"
ThirayaK,Procurement Assistant System,3,Procurement Officer,All,"30400703"
ThirayaK,Procurement Assistant System,3,Procurement Officer,All,"30400704"
ThirayaK,Procurement Assistant System,3,Procurement Officer,All,"30500601"
ThirayaK,Procurement Assistant System,3,Procurement Officer,All,"30500603"
ThirayaK,Procurement Assistant System,3,Procurement Officer,All,"30600101"
ThirayaK,Procurement Assistant System,3,Procurement Officer,All,"90900501"
ThitiP,APP System,7,Management relate org,specific,"1011001"
ThitiP,APP System,7,Management relate org,specific,"1011005"
ThitiP,APP System,7,Management relate org,specific,"1014001"
ThitiP,APP System,7,Management relate org,specific,"1014005"
ThitiP,APP System,7,Management relate org,specific,"2021001"
ThitiP,APP System,7,Management relate org,specific,"2021005"
ThitiP,APP System,7,Management relate org,specific,"2022001"
ThitiP,APP System,7,Management relate org,specific,"2022005"
ThitiP,APP System,7,Management relate org,specific,"2023001"
ThitiP,APP System,7,Management relate org,specific,"2023005"
ThitiP,APP System,7,Management relate org,specific,"2024001"
ThitiP,APP System,7,Management relate org,specific,"2024005"
ThitiP,APP System,7,Management relate org,specific,"2025001"
ThitiP,APP System,7,Management relate org,specific,"2025005"
ThunyachanokM,APP System,5,Asset,all,"1011001"
ThunyachanokM,APP System,5,Asset,all,"1011005"
ThunyachanokM,APP System,5,Asset,all,"1014001"
ThunyachanokM,APP System,5,Asset,all,"1014002"
ThunyachanokM,APP System,5,Asset,all,"1014003"
ThunyachanokM,APP System,5,Asset,all,"1014005"
ThunyachanokM,APP System,5,Asset,all,"1014007"
ThunyachanokM,APP System,5,Asset,all,"1014008"
ThunyachanokM,APP System,5,Asset,all,"2021001"
ThunyachanokM,APP System,5,Asset,all,"2021005"
ThunyachanokM,APP System,5,Asset,all,"2022001"
ThunyachanokM,APP System,5,Asset,all,"2022005"
ThunyachanokM,APP System,5,Asset,all,"2023001"
ThunyachanokM,APP System,5,Asset,all,"2023005"
ThunyachanokM,APP System,5,Asset,all,"2025001"
ThunyachanokM,APP System,5,Asset,all,"2025005"
ThunyachanokM,APP System,5,Asset,all,"3036001"
VadeeV,APP System,3,Procurement Officer,specific,"1011001"
VadeeV,APP System,3,Procurement Officer,specific,"1011003"
VadeeV,APP System,3,Procurement Officer,specific,"1011005"
VadeeV,APP System,3,Procurement Officer,specific,"1011011"
VadeeV,APP System,3,Procurement Officer,specific,"1011012"
VadeeV,APP System,3,Procurement Officer,specific,"1012002"
VadeeV,APP System,3,Procurement Officer,specific,"1014001"
VadeeV,APP System,3,Procurement Officer,specific,"1014002"
VadeeV,APP System,3,Procurement Officer,specific,"1014003"
VadeeV,APP System,3,Procurement Officer,specific,"1014005"
VadeeV,APP System,3,Procurement Officer,specific,"1014008"
VadeeV,APP System,3,Procurement Officer,specific,"2021001"
VadeeV,APP System,3,Procurement Officer,specific,"2021005"
VadeeV,APP System,3,Procurement Officer,specific,"2022001"
VadeeV,APP System,3,Procurement Officer,specific,"2022005"
VadeeV,APP System,3,Procurement Officer,specific,"2023001"
VadeeV,APP System,3,Procurement Officer,specific,"2023005"
VadeeV,APP System,3,Procurement Officer,specific,"2024001"
VadeeV,APP System,3,Procurement Officer,specific,"2024005"
VadeeV,APP System,3,Procurement Officer,specific,"2025001"
VadeeV,APP System,3,Procurement Officer,specific,"2025005"
VadeeV,APP System,3,Procurement Officer,specific,"3036001"
VadeeV,Procurement Assistant System,3,Procurement Officer,All,"11011001"
VadeeV,Procurement Assistant System,3,Procurement Officer,All,"11011003"
VadeeV,Procurement Assistant System,3,Procurement Officer,All,"11011005"
VadeeV,Procurement Assistant System,3,Procurement Officer,All,"11011007"
VadeeV,Procurement Assistant System,3,Procurement Officer,All,"11012001"
VadeeV,Procurement Assistant System,3,Procurement Officer,All,"11012002"
VadeeV,Procurement Assistant System,3,Procurement Officer,All,"11013001"
VadeeV,Procurement Assistant System,3,Procurement Officer,All,"11013003"
VadeeV,Procurement Assistant System,3,Procurement Officer,All,"11013005"
VadeeV,Procurement Assistant System,3,Procurement Officer,All,"11013007"
VadeeV,Procurement Assistant System,3,Procurement Officer,All,"11014001"
VadeeV,Procurement Assistant System,3,Procurement Officer,All,"11014005"
VadeeV,Procurement Assistant System,3,Procurement Officer,All,"21011001"
VadeeV,Procurement Assistant System,3,Procurement Officer,All,"21011003"
VadeeV,Procurement Assistant System,3,Procurement Officer,All,"21011005"
VadeeV,Procurement Assistant System,3,Procurement Officer,All,"21012002"
VadeeV,Procurement Assistant System,3,Procurement Officer,All,"21012011"
VadeeV,Procurement Assistant System,3,Procurement Officer,All,"21012012"
VadeeV,Procurement Assistant System,3,Procurement Officer,All,"21014001"
VadeeV,Procurement Assistant System,3,Procurement Officer,All,"21014002"
VadeeV,Procurement Assistant System,3,Procurement Officer,All,"21014003"
VadeeV,Procurement Assistant System,3,Procurement Officer,All,"21014005"
VadeeV,Procurement Assistant System,3,Procurement Officer,All,"21014008"
VadeeV,Procurement Assistant System,3,Procurement Officer,All,"22021001"
VadeeV,Procurement Assistant System,3,Procurement Officer,All,"22021005"
VadeeV,Procurement Assistant System,3,Procurement Officer,All,"22022001"
VadeeV,Procurement Assistant System,3,Procurement Officer,All,"22022005"
VadeeV,Procurement Assistant System,3,Procurement Officer,All,"22023001"
VadeeV,Procurement Assistant System,3,Procurement Officer,All,"22023005"
VadeeV,Procurement Assistant System,3,Procurement Officer,All,"22024001"
VadeeV,Procurement Assistant System,3,Procurement Officer,All,"22024005"
VadeeV,Procurement Assistant System,3,Procurement Officer,All,"22025001"
VadeeV,Procurement Assistant System,3,Procurement Officer,All,"22025005"
VadeeV,Procurement Assistant System,3,Procurement Officer,All,"30100101"
VadeeV,Procurement Assistant System,3,Procurement Officer,All,"30100202"
VadeeV,Procurement Assistant System,3,Procurement Officer,All,"30200202"
VadeeV,Procurement Assistant System,3,Procurement Officer,All,"30300301"
VadeeV,Procurement Assistant System,3,Procurement Officer,All,"30300303"
VadeeV,Procurement Assistant System,3,Procurement Officer,All,"30300304"
VadeeV,Procurement Assistant System,3,Procurement Officer,All,"30300305"
VadeeV,Procurement Assistant System,3,Procurement Officer,All,"30300508"
VadeeV,Procurement Assistant System,3,Procurement Officer,All,"30300509"
VadeeV,Procurement Assistant System,3,Procurement Officer,All,"30300701"
VadeeV,Procurement Assistant System,3,Procurement Officer,All,"30400403"
VadeeV,Procurement Assistant System,3,Procurement Officer,All,"30400406"
VadeeV,Procurement Assistant System,3,Procurement Officer,All,"30400407"
VadeeV,Procurement Assistant System,3,Procurement Officer,All,"30400508"
VadeeV,Procurement Assistant System,3,Procurement Officer,All,"30400509"
VadeeV,Procurement Assistant System,3,Procurement Officer,All,"30400701"
VadeeV,Procurement Assistant System,3,Procurement Officer,All,"30400702"
VadeeV,Procurement Assistant System,3,Procurement Officer,All,"30400703"
VadeeV,Procurement Assistant System,3,Procurement Officer,All,"30400704"
VadeeV,Procurement Assistant System,3,Procurement Officer,All,"30500601"
VadeeV,Procurement Assistant System,3,Procurement Officer,All,"30500603"
VadeeV,Procurement Assistant System,3,Procurement Officer,All,"30600101"
VadeeV,Procurement Assistant System,3,Procurement Officer,All,"90900501"
WimonratL,APP System,3,Procurement Officer,specific,"1011001"
WimonratL,APP System,3,Procurement Officer,specific,"1011003"
WimonratL,APP System,3,Procurement Officer,specific,"1011005"
WimonratL,APP System,3,Procurement Officer,specific,"1011011"
WimonratL,APP System,3,Procurement Officer,specific,"1011012"
WimonratL,APP System,3,Procurement Officer,specific,"1012002"
WimonratL,APP System,3,Procurement Officer,specific,"1014001"
WimonratL,APP System,3,Procurement Officer,specific,"1014002"
WimonratL,APP System,3,Procurement Officer,specific,"1014003"
WimonratL,APP System,3,Procurement Officer,specific,"1014005"
WimonratL,APP System,3,Procurement Officer,specific,"1014008"
WimonratL,APP System,3,Procurement Officer,specific,"2021001"
WimonratL,APP System,3,Procurement Officer,specific,"2021005"
WimonratL,APP System,3,Procurement Officer,specific,"2022001"
WimonratL,APP System,3,Procurement Officer,specific,"2022005"
WimonratL,APP System,3,Procurement Officer,specific,"2023001"
WimonratL,APP System,3,Procurement Officer,specific,"2023005"
WimonratL,APP System,3,Procurement Officer,specific,"2024001"
WimonratL,APP System,3,Procurement Officer,specific,"2024005"
WimonratL,APP System,3,Procurement Officer,specific,"2025001"
WimonratL,APP System,3,Procurement Officer,specific,"2025005"
WimonratL,APP System,3,Procurement Officer,specific,"3036001"
WimonratL,Procurement Assistant System,3,Procurement Officer,All,"11011001"
WimonratL,Procurement Assistant System,3,Procurement Officer,All,"11011003"
WimonratL,Procurement Assistant System,3,Procurement Officer,All,"11011005"
WimonratL,Procurement Assistant System,3,Procurement Officer,All,"11011007"
WimonratL,Procurement Assistant System,3,Procurement Officer,All,"11012001"
WimonratL,Procurement Assistant System,3,Procurement Officer,All,"11012002"
WimonratL,Procurement Assistant System,3,Procurement Officer,All,"11013001"
WimonratL,Procurement Assistant System,3,Procurement Officer,All,"11013003"
WimonratL,Procurement Assistant System,3,Procurement Officer,All,"11013005"
WimonratL,Procurement Assistant System,3,Procurement Officer,All,"11013007"
WimonratL,Procurement Assistant System,3,Procurement Officer,All,"11014001"
WimonratL,Procurement Assistant System,3,Procurement Officer,All,"11014005"
WimonratL,Procurement Assistant System,3,Procurement Officer,All,"21011001"
WimonratL,Procurement Assistant System,3,Procurement Officer,All,"21011003"
WimonratL,Procurement Assistant System,3,Procurement Officer,All,"21011005"
WimonratL,Procurement Assistant System,3,Procurement Officer,All,"21012002"
WimonratL,Procurement Assistant System,3,Procurement Officer,All,"21012011"
WimonratL,Procurement Assistant System,3,Procurement Officer,All,"21012012"
WimonratL,Procurement Assistant System,3,Procurement Officer,All,"21014001"
WimonratL,Procurement Assistant System,3,Procurement Officer,All,"21014002"
WimonratL,Procurement Assistant System,3,Procurement Officer,All,"21014003"
WimonratL,Procurement Assistant System,3,Procurement Officer,All,"21014005"
WimonratL,Procurement Assistant System,3,Procurement Officer,All,"21014008"
WimonratL,Procurement Assistant System,3,Procurement Officer,All,"22021001"
WimonratL,Procurement Assistant System,3,Procurement Officer,All,"22021005"
WimonratL,Procurement Assistant System,3,Procurement Officer,All,"22022001"
WimonratL,Procurement Assistant System,3,Procurement Officer,All,"22022005"
WimonratL,Procurement Assistant System,3,Procurement Officer,All,"22023001"
WimonratL,Procurement Assistant System,3,Procurement Officer,All,"22023005"
WimonratL,Procurement Assistant System,3,Procurement Officer,All,"22024001"
WimonratL,Procurement Assistant System,3,Procurement Officer,All,"22024005"
WimonratL,Procurement Assistant System,3,Procurement Officer,All,"22025001"
WimonratL,Procurement Assistant System,3,Procurement Officer,All,"22025005"
WimonratL,Procurement Assistant System,3,Procurement Officer,All,"30100101"
WimonratL,Procurement Assistant System,3,Procurement Officer,All,"30100202"
WimonratL,Procurement Assistant System,3,Procurement Officer,All,"30200202"
WimonratL,Procurement Assistant System,3,Procurement Officer,All,"30300301"
WimonratL,Procurement Assistant System,3,Procurement Officer,All,"30300303"
WimonratL,Procurement Assistant System,3,Procurement Officer,All,"30300304"
WimonratL,Procurement Assistant System,3,Procurement Officer,All,"30300305"
WimonratL,Procurement Assistant System,3,Procurement Officer,All,"30300508"
WimonratL,Procurement Assistant System,3,Procurement Officer,All,"30300509"
WimonratL,Procurement Assistant System,3,Procurement Officer,All,"30300701"
WimonratL,Procurement Assistant System,3,Procurement Officer,All,"30400403"
WimonratL,Procurement Assistant System,3,Procurement Officer,All,"30400406"
WimonratL,Procurement Assistant System,3,Procurement Officer,All,"30400407"
WimonratL,Procurement Assistant System,3,Procurement Officer,All,"30400508"
WimonratL,Procurement Assistant System,3,Procurement Officer,All,"30400509"
WimonratL,Procurement Assistant System,3,Procurement Officer,All,"30400701"
WimonratL,Procurement Assistant System,3,Procurement Officer,All,"30400702"
WimonratL,Procurement Assistant System,3,Procurement Officer,All,"30400703"
WimonratL,Procurement Assistant System,3,Procurement Officer,All,"30400704"
WimonratL,Procurement Assistant System,3,Procurement Officer,All,"30500601"
WimonratL,Procurement Assistant System,3,Procurement Officer,All,"30500603"
WimonratL,Procurement Assistant System,3,Procurement Officer,All,"30600101"
WimonratL,Procurement Assistant System,3,Procurement Officer,All,"90900501"
WipaweeL,APP System,3,Procurement Officer,specific,"1011001"
WipaweeL,APP System,3,Procurement Officer,specific,"1011003"
WipaweeL,APP System,3,Procurement Officer,specific,"1011005"
WipaweeL,APP System,3,Procurement Officer,specific,"1011011"
WipaweeL,APP System,3,Procurement Officer,specific,"1011012"
WipaweeL,APP System,3,Procurement Officer,specific,"1012002"
WipaweeL,APP System,3,Procurement Officer,specific,"1014001"
WipaweeL,APP System,3,Procurement Officer,specific,"1014002"
WipaweeL,APP System,3,Procurement Officer,specific,"1014003"
WipaweeL,APP System,3,Procurement Officer,specific,"1014005"
WipaweeL,APP System,3,Procurement Officer,specific,"1014008"
WipaweeL,APP System,3,Procurement Officer,specific,"2021001"
WipaweeL,APP System,3,Procurement Officer,specific,"2021005"
WipaweeL,APP System,3,Procurement Officer,specific,"2022001"
WipaweeL,APP System,3,Procurement Officer,specific,"2022005"
WipaweeL,APP System,3,Procurement Officer,specific,"2023001"
WipaweeL,APP System,3,Procurement Officer,specific,"2023005"
WipaweeL,APP System,3,Procurement Officer,specific,"2024001"
WipaweeL,APP System,3,Procurement Officer,specific,"2024005"
WipaweeL,APP System,3,Procurement Officer,specific,"2025001"
WipaweeL,APP System,3,Procurement Officer,specific,"2025005"
WipaweeL,APP System,3,Procurement Officer,specific,"3036001"
WipaweeL,Procurement Assistant System,3,Procurement Officer,All,"11011001"
WipaweeL,Procurement Assistant System,3,Procurement Officer,All,"11011003"
WipaweeL,Procurement Assistant System,3,Procurement Officer,All,"11011005"
WipaweeL,Procurement Assistant System,3,Procurement Officer,All,"11011007"
WipaweeL,Procurement Assistant System,3,Procurement Officer,All,"11012001"
WipaweeL,Procurement Assistant System,3,Procurement Officer,All,"11012002"
WipaweeL,Procurement Assistant System,3,Procurement Officer,All,"11013001"
WipaweeL,Procurement Assistant System,3,Procurement Officer,All,"11013003"
WipaweeL,Procurement Assistant System,3,Procurement Officer,All,"11013005"
WipaweeL,Procurement Assistant System,3,Procurement Officer,All,"11013007"
WipaweeL,Procurement Assistant System,3,Procurement Officer,All,"11014001"
WipaweeL,Procurement Assistant System,3,Procurement Officer,All,"11014005"
WipaweeL,Procurement Assistant System,3,Procurement Officer,All,"21011001"
WipaweeL,Procurement Assistant System,3,Procurement Officer,All,"21011003"
WipaweeL,Procurement Assistant System,3,Procurement Officer,All,"21011005"
WipaweeL,Procurement Assistant System,3,Procurement Officer,All,"21012002"
WipaweeL,Procurement Assistant System,3,Procurement Officer,All,"21012011"
WipaweeL,Procurement Assistant System,3,Procurement Officer,All,"21012012"
WipaweeL,Procurement Assistant System,3,Procurement Officer,All,"21014001"
WipaweeL,Procurement Assistant System,3,Procurement Officer,All,"21014002"
WipaweeL,Procurement Assistant System,3,Procurement Officer,All,"21014003"
WipaweeL,Procurement Assistant System,3,Procurement Officer,All,"21014005"
WipaweeL,Procurement Assistant System,3,Procurement Officer,All,"21014008"
WipaweeL,Procurement Assistant System,3,Procurement Officer,All,"22021001"
WipaweeL,Procurement Assistant System,3,Procurement Officer,All,"22021005"
WipaweeL,Procurement Assistant System,3,Procurement Officer,All,"22022001"
WipaweeL,Procurement Assistant System,3,Procurement Officer,All,"22022005"
WipaweeL,Procurement Assistant System,3,Procurement Officer,All,"22023001"
WipaweeL,Procurement Assistant System,3,Procurement Officer,All,"22023005"
WipaweeL,Procurement Assistant System,3,Procurement Officer,All,"22024001"
WipaweeL,Procurement Assistant System,3,Procurement Officer,All,"22024005"
WipaweeL,Procurement Assistant System,3,Procurement Officer,All,"22025001"
WipaweeL,Procurement Assistant System,3,Procurement Officer,All,"22025005"
WipaweeL,Procurement Assistant System,3,Procurement Officer,All,"30100101"
WipaweeL,Procurement Assistant System,3,Procurement Officer,All,"30100202"
WipaweeL,Procurement Assistant System,3,Procurement Officer,All,"30200202"
WipaweeL,Procurement Assistant System,3,Procurement Officer,All,"30300301"
WipaweeL,Procurement Assistant System,3,Procurement Officer,All,"30300303"
WipaweeL,Procurement Assistant System,3,Procurement Officer,All,"30300304"
WipaweeL,Procurement Assistant System,3,Procurement Officer,All,"30300305"
WipaweeL,Procurement Assistant System,3,Procurement Officer,All,"30300508"
WipaweeL,Procurement Assistant System,3,Procurement Officer,All,"30300509"
WipaweeL,Procurement Assistant System,3,Procurement Officer,All,"30300701"
WipaweeL,Procurement Assistant System,3,Procurement Officer,All,"30400403"
WipaweeL,Procurement Assistant System,3,Procurement Officer,All,"30400406"
WipaweeL,Procurement Assistant System,3,Procurement Officer,All,"30400407"
WipaweeL,Procurement Assistant System,3,Procurement Officer,All,"30400508"
WipaweeL,Procurement Assistant System,3,Procurement Officer,All,"30400509"
WipaweeL,Procurement Assistant System,3,Procurement Officer,All,"30400701"
WipaweeL,Procurement Assistant System,3,Procurement Officer,All,"30400702"
WipaweeL,Procurement Assistant System,3,Procurement Officer,All,"30400703"
WipaweeL,Procurement Assistant System,3,Procurement Officer,All,"30400704"
WipaweeL,Procurement Assistant System,3,Procurement Officer,All,"30500601"
WipaweeL,Procurement Assistant System,3,Procurement Officer,All,"30500603"
WipaweeL,Procurement Assistant System,3,Procurement Officer,All,"30600101"
WipaweeL,Procurement Assistant System,3,Procurement Officer,All,"90900501"
WorawutL,APP System,3,Procurement Officer,specific,"1011001"
WorawutL,APP System,3,Procurement Officer,specific,"1011003"
WorawutL,APP System,3,Procurement Officer,specific,"1011005"
WorawutL,APP System,3,Procurement Officer,specific,"1011011"
WorawutL,APP System,3,Procurement Officer,specific,"1011012"
WorawutL,APP System,3,Procurement Officer,specific,"1012002"
WorawutL,APP System,3,Procurement Officer,specific,"1014001"
WorawutL,APP System,3,Procurement Officer,specific,"1014002"
WorawutL,APP System,3,Procurement Officer,specific,"1014003"
WorawutL,APP System,3,Procurement Officer,specific,"1014005"
WorawutL,APP System,3,Procurement Officer,specific,"1014008"
WorawutL,APP System,3,Procurement Officer,specific,"2021001"
WorawutL,APP System,3,Procurement Officer,specific,"2021005"
WorawutL,APP System,3,Procurement Officer,specific,"2022001"
WorawutL,APP System,3,Procurement Officer,specific,"2022005"
WorawutL,APP System,3,Procurement Officer,specific,"2023001"
WorawutL,APP System,3,Procurement Officer,specific,"2023005"
WorawutL,APP System,3,Procurement Officer,specific,"2024001"
WorawutL,APP System,3,Procurement Officer,specific,"2024005"
WorawutL,APP System,3,Procurement Officer,specific,"2025001"
WorawutL,APP System,3,Procurement Officer,specific,"2025005"
WorawutL,APP System,3,Procurement Officer,specific,"3036001"
WorawutL,Procurement Assistant System,3,Procurement Officer,All,"11011001"
WorawutL,Procurement Assistant System,3,Procurement Officer,All,"11011003"
WorawutL,Procurement Assistant System,3,Procurement Officer,All,"11011005"
WorawutL,Procurement Assistant System,3,Procurement Officer,All,"11011007"
WorawutL,Procurement Assistant System,3,Procurement Officer,All,"11012001"
WorawutL,Procurement Assistant System,3,Procurement Officer,All,"11012002"
WorawutL,Procurement Assistant System,3,Procurement Officer,All,"11013001"
WorawutL,Procurement Assistant System,3,Procurement Officer,All,"11013003"
WorawutL,Procurement Assistant System,3,Procurement Officer,All,"11013005"
WorawutL,Procurement Assistant System,3,Procurement Officer,All,"11013007"
WorawutL,Procurement Assistant System,3,Procurement Officer,All,"11014001"
WorawutL,Procurement Assistant System,3,Procurement Officer,All,"11014005"
WorawutL,Procurement Assistant System,3,Procurement Officer,All,"21011001"
WorawutL,Procurement Assistant System,3,Procurement Officer,All,"21011003"
WorawutL,Procurement Assistant System,3,Procurement Officer,All,"21011005"
WorawutL,Procurement Assistant System,3,Procurement Officer,All,"21012002"
WorawutL,Procurement Assistant System,3,Procurement Officer,All,"21012011"
WorawutL,Procurement Assistant System,3,Procurement Officer,All,"21012012"
WorawutL,Procurement Assistant System,3,Procurement Officer,All,"21014001"
WorawutL,Procurement Assistant System,3,Procurement Officer,All,"21014002"
WorawutL,Procurement Assistant System,3,Procurement Officer,All,"21014003"
WorawutL,Procurement Assistant System,3,Procurement Officer,All,"21014005"
WorawutL,Procurement Assistant System,3,Procurement Officer,All,"21014008"
WorawutL,Procurement Assistant System,3,Procurement Officer,All,"22021001"
WorawutL,Procurement Assistant System,3,Procurement Officer,All,"22021005"
WorawutL,Procurement Assistant System,3,Procurement Officer,All,"22022001"
WorawutL,Procurement Assistant System,3,Procurement Officer,All,"22022005"
WorawutL,Procurement Assistant System,3,Procurement Officer,All,"22023001"
WorawutL,Procurement Assistant System,3,Procurement Officer,All,"22023005"
WorawutL,Procurement Assistant System,3,Procurement Officer,All,"22024001"
WorawutL,Procurement Assistant System,3,Procurement Officer,All,"22024005"
WorawutL,Procurement Assistant System,3,Procurement Officer,All,"22025001"
WorawutL,Procurement Assistant System,3,Procurement Officer,All,"22025005"
WorawutL,Procurement Assistant System,3,Procurement Officer,All,"30100101"
WorawutL,Procurement Assistant System,3,Procurement Officer,All,"30100202"
WorawutL,Procurement Assistant System,3,Procurement Officer,All,"30200202"
WorawutL,Procurement Assistant System,3,Procurement Officer,All,"30300301"
WorawutL,Procurement Assistant System,3,Procurement Officer,All,"30300303"
WorawutL,Procurement Assistant System,3,Procurement Officer,All,"30300304"
WorawutL,Procurement Assistant System,3,Procurement Officer,All,"30300305"
WorawutL,Procurement Assistant System,3,Procurement Officer,All,"30300508"
WorawutL,Procurement Assistant System,3,Procurement Officer,All,"30300509"
WorawutL,Procurement Assistant System,3,Procurement Officer,All,"30300701"
WorawutL,Procurement Assistant System,3,Procurement Officer,All,"30400403"
WorawutL,Procurement Assistant System,3,Procurement Officer,All,"30400406"
WorawutL,Procurement Assistant System,3,Procurement Officer,All,"30400407"
WorawutL,Procurement Assistant System,3,Procurement Officer,All,"30400508"
WorawutL,Procurement Assistant System,3,Procurement Officer,All,"30400509"
WorawutL,Procurement Assistant System,3,Procurement Officer,All,"30400701"
WorawutL,Procurement Assistant System,3,Procurement Officer,All,"30400702"
WorawutL,Procurement Assistant System,3,Procurement Officer,All,"30400703"
WorawutL,Procurement Assistant System,3,Procurement Officer,All,"30400704"
WorawutL,Procurement Assistant System,3,Procurement Officer,All,"30500601"
WorawutL,Procurement Assistant System,3,Procurement Officer,All,"30500603"
WorawutL,Procurement Assistant System,3,Procurement Officer,All,"30600101"
WorawutL,Procurement Assistant System,3,Procurement Officer,All,"90900501"
zArisaPan,APP System,10,AdminBB_Support,all,"1011001"
zArisaPan,APP System,10,AdminBB_Support,all,"1011003"
zArisaPan,APP System,10,AdminBB_Support,all,"1011005"
zArisaPan,APP System,10,AdminBB_Support,all,"1011006"
zArisaPan,APP System,10,AdminBB_Support,all,"1011008"
zArisaPan,APP System,10,AdminBB_Support,all,"1011011"
zArisaPan,APP System,10,AdminBB_Support,all,"1011012"
zArisaPan,APP System,10,AdminBB_Support,all,"1012002"
zArisaPan,APP System,10,AdminBB_Support,all,"1013010"
zArisaPan,APP System,10,AdminBB_Support,all,"1014001"
zArisaPan,APP System,10,AdminBB_Support,all,"1014002"
zArisaPan,APP System,10,AdminBB_Support,all,"1014003"
zArisaPan,APP System,10,AdminBB_Support,all,"1014005"
zArisaPan,APP System,10,AdminBB_Support,all,"1014007"
zArisaPan,APP System,10,AdminBB_Support,all,"1014008"
zArisaPan,APP System,10,AdminBB_Support,all,"2021001"
zArisaPan,APP System,10,AdminBB_Support,all,"2021005"
zArisaPan,APP System,10,AdminBB_Support,all,"2021009"
zArisaPan,APP System,10,AdminBB_Support,all,"2022001"
zArisaPan,APP System,10,AdminBB_Support,all,"2022005"
zArisaPan,APP System,10,AdminBB_Support,all,"2022009"
zArisaPan,APP System,10,AdminBB_Support,all,"2023001"
zArisaPan,APP System,10,AdminBB_Support,all,"2023005"
zArisaPan,APP System,10,AdminBB_Support,all,"2024001"
zArisaPan,APP System,10,AdminBB_Support,all,"2024005"
zArisaPan,APP System,10,AdminBB_Support,all,"2025001"
zArisaPan,APP System,10,AdminBB_Support,all,"2025005"
zArisaPan,APP System,10,AdminBB_Support,all,"3031001"
zArisaPan,APP System,10,AdminBB_Support,all,"3031003"
zArisaPan,APP System,10,AdminBB_Support,all,"3032001"
zArisaPan,APP System,10,AdminBB_Support,all,"3032002"
zArisaPan,APP System,10,AdminBB_Support,all,"3032003"
zArisaPan,APP System,10,AdminBB_Support,all,"3033001"
zArisaPan,APP System,10,AdminBB_Support,all,"3033003"
zArisaPan,APP System,10,AdminBB_Support,all,"3034001"
zArisaPan,APP System,10,AdminBB_Support,all,"3034002"
zArisaPan,APP System,10,AdminBB_Support,all,"3034003"
zArisaPan,APP System,10,AdminBB_Support,all,"3034004"
zArisaPan,APP System,10,AdminBB_Support,all,"3035001"
zArisaPan,APP System,10,AdminBB_Support,all,"3035003"
zArisaPan,APP System,10,AdminBB_Support,all,"3036001"
zArisaPan,APP System,10,AdminBB_Support,all,"3036002"
zArisaPan,APP System,10,AdminBB_Support,all,"3036003"
zArisaPan,APP System,10,AdminBB_Support,all,"3036010"
zArisaPan,APP System,10,AdminBB_Support,all,"3037001"
zArisaPan,APP System,10,AdminBB_Support,all,"3037002"
zArisaPan,APP System,10,AdminBB_Support,all,"3037003"
zArisaPan,APP System,10,AdminBB_Support,all,"4041001"
zArisaPan,APP System,10,AdminBB_Support,all,"4041002"
zArisaPan,APP System,10,AdminBB_Support,all,"4041003"
zArisaPan,APP System,10,AdminBB_Support,all,"4041004"
zArisaPan,APP System,10,AdminBB_Support,all,"4042001"
zArisaPan,APP System,10,AdminBB_Support,all,"4042002"
zArisaPan,APP System,10,AdminBB_Support,all,"4042003"
zArisaPan,APP System,10,AdminBB_Support,all,"4042004"
zArisaPan,APP System,10,AdminBB_Support,all,"5051001"
zArisaPan,APP System,10,AdminBB_Support,all,"5051005"
zArisaPan,APP System,10,AdminBB_Support,all,"5052001"
zArisaPan,APP System,10,AdminBB_Support,all,"5052005"
zKomsanT,Procurement Assistant System,2,Procurement Admin,All,"11011001"
zKomsanT,Procurement Assistant System,2,Procurement Admin,All,"11011003"
zKomsanT,Procurement Assistant System,2,Procurement Admin,All,"11011005"
zKomsanT,Procurement Assistant System,2,Procurement Admin,All,"11011006"
zKomsanT,Procurement Assistant System,2,Procurement Admin,All,"11011007"
zKomsanT,Procurement Assistant System,2,Procurement Admin,All,"11012001"
zKomsanT,Procurement Assistant System,2,Procurement Admin,All,"11012002"
zKomsanT,Procurement Assistant System,2,Procurement Admin,All,"11013001"
zKomsanT,Procurement Assistant System,2,Procurement Admin,All,"11013003"
zKomsanT,Procurement Assistant System,2,Procurement Admin,All,"11013005"
zKomsanT,Procurement Assistant System,2,Procurement Admin,All,"11013006"
zKomsanT,Procurement Assistant System,2,Procurement Admin,All,"11013007"
zKomsanT,Procurement Assistant System,2,Procurement Admin,All,"11014001"
zKomsanT,Procurement Assistant System,2,Procurement Admin,All,"11014005"
zKomsanT,Procurement Assistant System,2,Procurement Admin,All,"12021001"
zKomsanT,Procurement Assistant System,2,Procurement Admin,All,"12021003"
zKomsanT,Procurement Assistant System,2,Procurement Admin,All,"12022001"
zKomsanT,Procurement Assistant System,2,Procurement Admin,All,"12022002"
zKomsanT,Procurement Assistant System,2,Procurement Admin,All,"12022003"
zKomsanT,Procurement Assistant System,2,Procurement Admin,All,"12023001"
zKomsanT,Procurement Assistant System,2,Procurement Admin,All,"12023002"
zKomsanT,Procurement Assistant System,2,Procurement Admin,All,"12023003"
zKomsanT,Procurement Assistant System,2,Procurement Admin,All,"12023004"
zKomsanT,Procurement Assistant System,2,Procurement Admin,All,"12024001"
zKomsanT,Procurement Assistant System,2,Procurement Admin,All,"12024002"
zKomsanT,Procurement Assistant System,2,Procurement Admin,All,"12024003"
zKomsanT,Procurement Assistant System,2,Procurement Admin,All,"12024004"
zKomsanT,Procurement Assistant System,2,Procurement Admin,All,"12025001"
zKomsanT,Procurement Assistant System,2,Procurement Admin,All,"12025002"
zKomsanT,Procurement Assistant System,2,Procurement Admin,All,"12025003"
zKomsanT,Procurement Assistant System,2,Procurement Admin,All,"12025004"
zKomsanT,Procurement Assistant System,2,Procurement Admin,All,"15051001"
zKomsanT,Procurement Assistant System,2,Procurement Admin,All,"15051003"
zKomsanT,Procurement Assistant System,2,Procurement Admin,All,"21011001"
zKomsanT,Procurement Assistant System,2,Procurement Admin,All,"21011003"
zKomsanT,Procurement Assistant System,2,Procurement Admin,All,"21011005"
zKomsanT,Procurement Assistant System,2,Procurement Admin,All,"21012002"
zKomsanT,Procurement Assistant System,2,Procurement Admin,All,"21012006"
zKomsanT,Procurement Assistant System,2,Procurement Admin,All,"21012008"
zKomsanT,Procurement Assistant System,2,Procurement Admin,All,"21012011"
zKomsanT,Procurement Assistant System,2,Procurement Admin,All,"21012012"
zKomsanT,Procurement Assistant System,2,Procurement Admin,All,"21012013"
zKomsanT,Procurement Assistant System,2,Procurement Admin,All,"21013010"
zKomsanT,Procurement Assistant System,2,Procurement Admin,All,"21014001"
zKomsanT,Procurement Assistant System,2,Procurement Admin,All,"21014002"
zKomsanT,Procurement Assistant System,2,Procurement Admin,All,"21014003"
zKomsanT,Procurement Assistant System,2,Procurement Admin,All,"21014005"
zKomsanT,Procurement Assistant System,2,Procurement Admin,All,"21014007"
zKomsanT,Procurement Assistant System,2,Procurement Admin,All,"21014008"
zKomsanT,Procurement Assistant System,2,Procurement Admin,All,"22021001"
zKomsanT,Procurement Assistant System,2,Procurement Admin,All,"22021005"
zKomsanT,Procurement Assistant System,2,Procurement Admin,All,"22021009"
zKomsanT,Procurement Assistant System,2,Procurement Admin,All,"22022001"
zKomsanT,Procurement Assistant System,2,Procurement Admin,All,"22022005"
zKomsanT,Procurement Assistant System,2,Procurement Admin,All,"22022009"
zKomsanT,Procurement Assistant System,2,Procurement Admin,All,"22023001"
zKomsanT,Procurement Assistant System,2,Procurement Admin,All,"22023005"
zKomsanT,Procurement Assistant System,2,Procurement Admin,All,"22024001"
zKomsanT,Procurement Assistant System,2,Procurement Admin,All,"22024005"
zKomsanT,Procurement Assistant System,2,Procurement Admin,All,"22025001"
zKomsanT,Procurement Assistant System,2,Procurement Admin,All,"22025005"
zKomsanT,Procurement Assistant System,2,Procurement Admin,All,"23031001"
zKomsanT,Procurement Assistant System,2,Procurement Admin,All,"23031003"
zKomsanT,Procurement Assistant System,2,Procurement Admin,All,"23032001"
zKomsanT,Procurement Assistant System,2,Procurement Admin,All,"23032002"
zKomsanT,Procurement Assistant System,2,Procurement Admin,All,"23032003"
zKomsanT,Procurement Assistant System,2,Procurement Admin,All,"23033001"
zKomsanT,Procurement Assistant System,2,Procurement Admin,All,"23033003"
zKomsanT,Procurement Assistant System,2,Procurement Admin,All,"23034001"
zKomsanT,Procurement Assistant System,2,Procurement Admin,All,"23034002"
zKomsanT,Procurement Assistant System,2,Procurement Admin,All,"23034003"
zKomsanT,Procurement Assistant System,2,Procurement Admin,All,"23034004"
zKomsanT,Procurement Assistant System,2,Procurement Admin,All,"23035001"
zKomsanT,Procurement Assistant System,2,Procurement Admin,All,"23035003"
zKomsanT,Procurement Assistant System,2,Procurement Admin,All,"23038001"
zKomsanT,Procurement Assistant System,2,Procurement Admin,All,"23038002"
zKomsanT,Procurement Assistant System,2,Procurement Admin,All,"23038003"
zKomsanT,Procurement Assistant System,2,Procurement Admin,All,"23039001"
zKomsanT,Procurement Assistant System,2,Procurement Admin,All,"23039003"
zKomsanT,Procurement Assistant System,2,Procurement Admin,All,"26061001"
zKomsanT,Procurement Assistant System,2,Procurement Admin,All,"26061002"
zKomsanT,Procurement Assistant System,2,Procurement Admin,All,"26061003"
zKomsanT,Procurement Assistant System,2,Procurement Admin,All,"30100101"
zKomsanT,Procurement Assistant System,2,Procurement Admin,All,"30100202"
zKomsanT,Procurement Assistant System,2,Procurement Admin,All,"30200202"
zKomsanT,Procurement Assistant System,2,Procurement Admin,All,"30300301"
zKomsanT,Procurement Assistant System,2,Procurement Admin,All,"30300303"
zKomsanT,Procurement Assistant System,2,Procurement Admin,All,"30300304"
zKomsanT,Procurement Assistant System,2,Procurement Admin,All,"30300305"
zKomsanT,Procurement Assistant System,2,Procurement Admin,All,"30300508"
zKomsanT,Procurement Assistant System,2,Procurement Admin,All,"30300509"
zKomsanT,Procurement Assistant System,2,Procurement Admin,All,"30300701"
zKomsanT,Procurement Assistant System,2,Procurement Admin,All,"30400403"
zKomsanT,Procurement Assistant System,2,Procurement Admin,All,"30400406"
zKomsanT,Procurement Assistant System,2,Procurement Admin,All,"30400407"
zKomsanT,Procurement Assistant System,2,Procurement Admin,All,"30400508"
zKomsanT,Procurement Assistant System,2,Procurement Admin,All,"30400509"
zKomsanT,Procurement Assistant System,2,Procurement Admin,All,"30400701"
zKomsanT,Procurement Assistant System,2,Procurement Admin,All,"30400702"
zKomsanT,Procurement Assistant System,2,Procurement Admin,All,"30400703"
zKomsanT,Procurement Assistant System,2,Procurement Admin,All,"30400704"
zKomsanT,Procurement Assistant System,2,Procurement Admin,All,"30500601"
zKomsanT,Procurement Assistant System,2,Procurement Admin,All,"30500603"
zKomsanT,Procurement Assistant System,2,Procurement Admin,All,"30600101"
zKomsanT,Procurement Assistant System,2,Procurement Admin,All,"90100101"
zKomsanT,Procurement Assistant System,2,Procurement Admin,All,"90100202"
zKomsanT,Procurement Assistant System,2,Procurement Admin,All,"90200202"
zKomsanT,Procurement Assistant System,2,Procurement Admin,All,"90300301"
zKomsanT,Procurement Assistant System,2,Procurement Admin,All,"90300303"
zKomsanT,Procurement Assistant System,2,Procurement Admin,All,"90300304"
zKomsanT,Procurement Assistant System,2,Procurement Admin,All,"90400403"
zKomsanT,Procurement Assistant System,2,Procurement Admin,All,"90500101"
zKomsanT,Procurement Assistant System,2,Procurement Admin,All,"90500201"
zKomsanT,Procurement Assistant System,2,Procurement Admin,All,"90600202"
zKomsanT,Procurement Assistant System,2,Procurement Admin,All,"90700301"
zKomsanT,Procurement Assistant System,2,Procurement Admin,All,"90700303"
zKomsanT,Procurement Assistant System,2,Procurement Admin,All,"90700304"
zKomsanT,Procurement Assistant System,2,Procurement Admin,All,"90800403"
zKomsanT,Procurement Assistant System,2,Procurement Admin,All,"90900501"
zKomsanT,Procurement Assistant System,2,Procurement Admin,All,"90900502"
zKomsanT,Procurement Assistant System,2,Procurement Admin,All,"90900503"
zKomsanT,Procurement Assistant System,2,Procurement Admin,All,"90900510"
zKomsanT,Procurement Assistant System,2,Procurement Admin,All,"91000601"
zKomsanT,Procurement Assistant System,2,Procurement Admin,All,"91000602"
zKomsanT,Procurement Assistant System,2,Procurement Admin,All,"91000603"
zKomsanT,Procurement Assistant System,2,Procurement Admin,All,"91100701"
zKomsanT,Procurement Assistant System,2,Procurement Admin,All,"91200801"
zKomsanT,Procurement Assistant System,2,Procurement Admin,All,"91200803"
zKomsanT,Procurement Assistant System,2,Procurement Admin,All,"91300903"
zKomsanT,Procurement Assistant System,2,Procurement Admin,All,"91401001"
zKomsanT,Procurement Assistant System,2,Procurement Admin,All,"91501101"
zKomsanT,Procurement Assistant System,2,Procurement Admin,All,"91601205"
zKomsanT,Procurement Assistant System,2,Procurement Admin,All,"91701301"
zKomsanT,Procurement Assistant System,2,Procurement Admin,All,"91701305"
zKomsanT,Procurement Assistant System,2,Procurement Admin,All,"91801401"
zKomsanT,Procurement Assistant System,2,Procurement Admin,All,"91801501"
zKomsanT,Procurement Assistant System,2,Procurement Admin,All,"91801601"
zKomsanT,Reference Price System,1,Admin,Admin,"101101"
zKomsanT,Reference Price System,1,Admin,Admin,"101103"
zKomsanT,Reference Price System,1,Admin,Admin,"101105"
zKomsanT,Reference Price System,1,Admin,Admin,"101106"
zKomsanT,Reference Price System,1,Admin,Admin,"101107"
zKomsanT,Reference Price System,1,Admin,Admin,"101201"
zKomsanT,Reference Price System,1,Admin,Admin,"101202"
zKomsanT,Reference Price System,1,Admin,Admin,"101301"
zKomsanT,Reference Price System,1,Admin,Admin,"101303"
zKomsanT,Reference Price System,1,Admin,Admin,"101305"
zKomsanT,Reference Price System,1,Admin,Admin,"101306"
zKomsanT,Reference Price System,1,Admin,Admin,"101307"
zKomsanT,Reference Price System,1,Admin,Admin,"101401"
zKomsanT,Reference Price System,1,Admin,Admin,"101405"
zKomsanT,Reference Price System,1,Admin,Admin,"202101"
zKomsanT,Reference Price System,1,Admin,Admin,"202103"
zKomsanT,Reference Price System,1,Admin,Admin,"202201"
zKomsanT,Reference Price System,1,Admin,Admin,"202202"
zKomsanT,Reference Price System,1,Admin,Admin,"202203"
zKomsanT,Reference Price System,1,Admin,Admin,"202301"
zKomsanT,Reference Price System,1,Admin,Admin,"202302"
zKomsanT,Reference Price System,1,Admin,Admin,"202303"
zKomsanT,Reference Price System,1,Admin,Admin,"202304"
zKomsanT,Reference Price System,1,Admin,Admin,"202401"
zKomsanT,Reference Price System,1,Admin,Admin,"202402"
zKomsanT,Reference Price System,1,Admin,Admin,"202403"
zKomsanT,Reference Price System,1,Admin,Admin,"202404"
zKomsanT,Reference Price System,1,Admin,Admin,"202501"
zKomsanT,Reference Price System,1,Admin,Admin,"202502"
zKomsanT,Reference Price System,1,Admin,Admin,"202503"
zKomsanT,Reference Price System,1,Admin,Admin,"202504"
zKomsanT,Reference Price System,1,Admin,Admin,"303101"
zKomsanT,Reference Price System,1,Admin,Admin,"303102"
zKomsanT,Reference Price System,1,Admin,Admin,"303103"
zKomsanT,Reference Price System,1,Admin,Admin,"303104"
zKomsanT,Reference Price System,1,Admin,Admin,"303201"
zKomsanT,Reference Price System,1,Admin,Admin,"303202"
zKomsanT,Reference Price System,1,Admin,Admin,"303203"
zKomsanT,Reference Price System,1,Admin,Admin,"303204"
zKomsanT,Reference Price System,1,Admin,Admin,"404101"
zKomsanT,Reference Price System,1,Admin,Admin,"404201"
zKomsanT,Reference Price System,1,Admin,Admin,"404301"
zKomsanT,Reference Price System,1,Admin,Admin,"404401"
zKwanruethaiM,APP System,6,PSC Report Management,all,"1011001"
zKwanruethaiM,APP System,6,PSC Report Management,all,"1011003"
zKwanruethaiM,APP System,6,PSC Report Management,all,"1011005"
zKwanruethaiM,APP System,6,PSC Report Management,all,"1011008"
zKwanruethaiM,APP System,6,PSC Report Management,all,"1011011"
zKwanruethaiM,APP System,6,PSC Report Management,all,"1011012"
zKwanruethaiM,APP System,6,PSC Report Management,all,"1014001"
zKwanruethaiM,APP System,6,PSC Report Management,all,"1014002"
zKwanruethaiM,APP System,6,PSC Report Management,all,"1014003"
zKwanruethaiM,APP System,6,PSC Report Management,all,"1014005"
zKwanruethaiM,APP System,6,PSC Report Management,all,"1014007"
zKwanruethaiM,APP System,6,PSC Report Management,all,"1014008"
zKwanruethaiM,APP System,6,PSC Report Management,all,"2021001"
zKwanruethaiM,APP System,6,PSC Report Management,all,"2021005"
zKwanruethaiM,APP System,6,PSC Report Management,all,"2021009"
zKwanruethaiM,APP System,6,PSC Report Management,all,"2022001"
zKwanruethaiM,APP System,6,PSC Report Management,all,"2022005"
zKwanruethaiM,APP System,6,PSC Report Management,all,"2022009"
zKwanruethaiM,APP System,6,PSC Report Management,all,"2023001"
zKwanruethaiM,APP System,6,PSC Report Management,all,"2023005"
zKwanruethaiM,APP System,6,PSC Report Management,all,"2024001"
zKwanruethaiM,APP System,6,PSC Report Management,all,"2024005"
zKwanruethaiM,APP System,6,PSC Report Management,all,"2025001"
zKwanruethaiM,APP System,6,PSC Report Management,all,"2025005"
zKwanruethaiM,APP System,6,PSC Report Management,all,"3035001"
zKwanruethaiM,APP System,6,PSC Report Management,all,"3035003"
zKwanruethaiM,APP System,6,PSC Report Management,all,"3036001"
zMontiyapaK,Reference Price System,1,Admin,Admin,"101101"
zMontiyapaK,Reference Price System,1,Admin,Admin,"101103"
zMontiyapaK,Reference Price System,1,Admin,Admin,"101105"
zMontiyapaK,Reference Price System,1,Admin,Admin,"101106"
zMontiyapaK,Reference Price System,1,Admin,Admin,"101107"
zMontiyapaK,Reference Price System,1,Admin,Admin,"101201"
zMontiyapaK,Reference Price System,1,Admin,Admin,"101202"
zMontiyapaK,Reference Price System,1,Admin,Admin,"101301"
zMontiyapaK,Reference Price System,1,Admin,Admin,"101303"
zMontiyapaK,Reference Price System,1,Admin,Admin,"101305"
zMontiyapaK,Reference Price System,1,Admin,Admin,"101306"
zMontiyapaK,Reference Price System,1,Admin,Admin,"101307"
zMontiyapaK,Reference Price System,1,Admin,Admin,"101401"
zMontiyapaK,Reference Price System,1,Admin,Admin,"101405"
zMontiyapaK,Reference Price System,1,Admin,Admin,"202101"
zMontiyapaK,Reference Price System,1,Admin,Admin,"202103"
zMontiyapaK,Reference Price System,1,Admin,Admin,"202201"
zMontiyapaK,Reference Price System,1,Admin,Admin,"202202"
zMontiyapaK,Reference Price System,1,Admin,Admin,"202203"
zMontiyapaK,Reference Price System,1,Admin,Admin,"202301"
zMontiyapaK,Reference Price System,1,Admin,Admin,"202302"
zMontiyapaK,Reference Price System,1,Admin,Admin,"202303"
zMontiyapaK,Reference Price System,1,Admin,Admin,"202304"
zMontiyapaK,Reference Price System,1,Admin,Admin,"202401"
zMontiyapaK,Reference Price System,1,Admin,Admin,"202402"
zMontiyapaK,Reference Price System,1,Admin,Admin,"202403"
zMontiyapaK,Reference Price System,1,Admin,Admin,"202404"
zMontiyapaK,Reference Price System,1,Admin,Admin,"202501"
zMontiyapaK,Reference Price System,1,Admin,Admin,"202502"
zMontiyapaK,Reference Price System,1,Admin,Admin,"202503"
zMontiyapaK,Reference Price System,1,Admin,Admin,"202504"
zMontiyapaK,Reference Price System,1,Admin,Admin,"303101"
zMontiyapaK,Reference Price System,1,Admin,Admin,"303102"
zMontiyapaK,Reference Price System,1,Admin,Admin,"303103"
zMontiyapaK,Reference Price System,1,Admin,Admin,"303104"
zMontiyapaK,Reference Price System,1,Admin,Admin,"303201"
zMontiyapaK,Reference Price System,1,Admin,Admin,"303202"
zMontiyapaK,Reference Price System,1,Admin,Admin,"303203"
zMontiyapaK,Reference Price System,1,Admin,Admin,"303204"
zMontiyapaK,Reference Price System,1,Admin,Admin,"404101"
zMontiyapaK,Reference Price System,1,Admin,Admin,"404201"
zMontiyapaK,Reference Price System,1,Admin,Admin,"404301"
zMontiyapaK,Reference Price System,1,Admin,Admin,"404401"
zNattachaW,Reference Price System,1,Admin,Admin,"101101"
zNattachaW,Reference Price System,1,Admin,Admin,"101103"
zNattachaW,Reference Price System,1,Admin,Admin,"101105"
zNattachaW,Reference Price System,1,Admin,Admin,"101106"
zNattachaW,Reference Price System,1,Admin,Admin,"101107"
zNattachaW,Reference Price System,1,Admin,Admin,"101201"
zNattachaW,Reference Price System,1,Admin,Admin,"101202"
zNattachaW,Reference Price System,1,Admin,Admin,"101301"
zNattachaW,Reference Price System,1,Admin,Admin,"101303"
zNattachaW,Reference Price System,1,Admin,Admin,"101305"
zNattachaW,Reference Price System,1,Admin,Admin,"101306"
zNattachaW,Reference Price System,1,Admin,Admin,"101307"
zNattachaW,Reference Price System,1,Admin,Admin,"101401"
zNattachaW,Reference Price System,1,Admin,Admin,"101405"
zNattachaW,Reference Price System,1,Admin,Admin,"202101"
zNattachaW,Reference Price System,1,Admin,Admin,"202103"
zNattachaW,Reference Price System,1,Admin,Admin,"202201"
zNattachaW,Reference Price System,1,Admin,Admin,"202202"
zNattachaW,Reference Price System,1,Admin,Admin,"202203"
zNattachaW,Reference Price System,1,Admin,Admin,"202301"
zNattachaW,Reference Price System,1,Admin,Admin,"202302"
zNattachaW,Reference Price System,1,Admin,Admin,"202303"
zNattachaW,Reference Price System,1,Admin,Admin,"202304"
zNattachaW,Reference Price System,1,Admin,Admin,"202401"
zNattachaW,Reference Price System,1,Admin,Admin,"202402"
zNattachaW,Reference Price System,1,Admin,Admin,"202403"
zNattachaW,Reference Price System,1,Admin,Admin,"202404"
zNattachaW,Reference Price System,1,Admin,Admin,"202501"
zNattachaW,Reference Price System,1,Admin,Admin,"202502"
zNattachaW,Reference Price System,1,Admin,Admin,"202503"
zNattachaW,Reference Price System,1,Admin,Admin,"202504"
zNattachaW,Reference Price System,1,Admin,Admin,"303101"
zNattachaW,Reference Price System,1,Admin,Admin,"303102"
zNattachaW,Reference Price System,1,Admin,Admin,"303103"
zNattachaW,Reference Price System,1,Admin,Admin,"303104"
zNattachaW,Reference Price System,1,Admin,Admin,"303201"
zNattachaW,Reference Price System,1,Admin,Admin,"303202"
zNattachaW,Reference Price System,1,Admin,Admin,"303203"
zNattachaW,Reference Price System,1,Admin,Admin,"303204"
zNattachaW,Reference Price System,1,Admin,Admin,"404101"
zNattachaW,Reference Price System,1,Admin,Admin,"404201"
zNattachaW,Reference Price System,1,Admin,Admin,"404301"
zNattachaW,Reference Price System,1,Admin,Admin,"404401"
zPanisaW,Reference Price System,1,Admin,Admin,"101101"
zPanisaW,Reference Price System,1,Admin,Admin,"101103"
zPanisaW,Reference Price System,1,Admin,Admin,"101105"
zPanisaW,Reference Price System,1,Admin,Admin,"101106"
zPanisaW,Reference Price System,1,Admin,Admin,"101107"
zPanisaW,Reference Price System,1,Admin,Admin,"101201"
zPanisaW,Reference Price System,1,Admin,Admin,"101202"
zPanisaW,Reference Price System,1,Admin,Admin,"101301"
zPanisaW,Reference Price System,1,Admin,Admin,"101303"
zPanisaW,Reference Price System,1,Admin,Admin,"101305"
zPanisaW,Reference Price System,1,Admin,Admin,"101306"
zPanisaW,Reference Price System,1,Admin,Admin,"101307"
zPanisaW,Reference Price System,1,Admin,Admin,"101401"
zPanisaW,Reference Price System,1,Admin,Admin,"101405"
zPanisaW,Reference Price System,1,Admin,Admin,"202101"
zPanisaW,Reference Price System,1,Admin,Admin,"202103"
zPanisaW,Reference Price System,1,Admin,Admin,"202201"
zPanisaW,Reference Price System,1,Admin,Admin,"202202"
zPanisaW,Reference Price System,1,Admin,Admin,"202203"
zPanisaW,Reference Price System,1,Admin,Admin,"202301"
zPanisaW,Reference Price System,1,Admin,Admin,"202302"
zPanisaW,Reference Price System,1,Admin,Admin,"202303"
zPanisaW,Reference Price System,1,Admin,Admin,"202304"
zPanisaW,Reference Price System,1,Admin,Admin,"202401"
zPanisaW,Reference Price System,1,Admin,Admin,"202402"
zPanisaW,Reference Price System,1,Admin,Admin,"202403"
zPanisaW,Reference Price System,1,Admin,Admin,"202404"
zPanisaW,Reference Price System,1,Admin,Admin,"202501"
zPanisaW,Reference Price System,1,Admin,Admin,"202502"
zPanisaW,Reference Price System,1,Admin,Admin,"202503"
zPanisaW,Reference Price System,1,Admin,Admin,"202504"
zPanisaW,Reference Price System,1,Admin,Admin,"303101"
zPanisaW,Reference Price System,1,Admin,Admin,"303102"
zPanisaW,Reference Price System,1,Admin,Admin,"303103"
zPanisaW,Reference Price System,1,Admin,Admin,"303104"
zPanisaW,Reference Price System,1,Admin,Admin,"303201"
zPanisaW,Reference Price System,1,Admin,Admin,"303202"
zPanisaW,Reference Price System,1,Admin,Admin,"303203"
zPanisaW,Reference Price System,1,Admin,Admin,"303204"
zPanisaW,Reference Price System,1,Admin,Admin,"404101"
zPanisaW,Reference Price System,1,Admin,Admin,"404201"
zPanisaW,Reference Price System,1,Admin,Admin,"404301"
zPanisaW,Reference Price System,1,Admin,Admin,"404401"
zPanuwatK,Procurement Assistant System,2,Procurement Admin,All,"11011001"
zPanuwatK,Procurement Assistant System,2,Procurement Admin,All,"11011003"
zPanuwatK,Procurement Assistant System,2,Procurement Admin,All,"11011005"
zPanuwatK,Procurement Assistant System,2,Procurement Admin,All,"11011006"
zPanuwatK,Procurement Assistant System,2,Procurement Admin,All,"11011007"
zPanuwatK,Procurement Assistant System,2,Procurement Admin,All,"11012001"
zPanuwatK,Procurement Assistant System,2,Procurement Admin,All,"11012002"
zPanuwatK,Procurement Assistant System,2,Procurement Admin,All,"11013001"
zPanuwatK,Procurement Assistant System,2,Procurement Admin,All,"11013003"
zPanuwatK,Procurement Assistant System,2,Procurement Admin,All,"11013005"
zPanuwatK,Procurement Assistant System,2,Procurement Admin,All,"11013006"
zPanuwatK,Procurement Assistant System,2,Procurement Admin,All,"11013007"
zPanuwatK,Procurement Assistant System,2,Procurement Admin,All,"11014001"
zPanuwatK,Procurement Assistant System,2,Procurement Admin,All,"11014005"
zPanuwatK,Procurement Assistant System,2,Procurement Admin,All,"12021001"
zPanuwatK,Procurement Assistant System,2,Procurement Admin,All,"12021003"
zPanuwatK,Procurement Assistant System,2,Procurement Admin,All,"12022001"
zPanuwatK,Procurement Assistant System,2,Procurement Admin,All,"12022002"
zPanuwatK,Procurement Assistant System,2,Procurement Admin,All,"12022003"
zPanuwatK,Procurement Assistant System,2,Procurement Admin,All,"12023001"
zPanuwatK,Procurement Assistant System,2,Procurement Admin,All,"12023002"
zPanuwatK,Procurement Assistant System,2,Procurement Admin,All,"12023003"
zPanuwatK,Procurement Assistant System,2,Procurement Admin,All,"12023004"
zPanuwatK,Procurement Assistant System,2,Procurement Admin,All,"12024001"
zPanuwatK,Procurement Assistant System,2,Procurement Admin,All,"12024002"
zPanuwatK,Procurement Assistant System,2,Procurement Admin,All,"12024003"
zPanuwatK,Procurement Assistant System,2,Procurement Admin,All,"12024004"
zPanuwatK,Procurement Assistant System,2,Procurement Admin,All,"12025001"
zPanuwatK,Procurement Assistant System,2,Procurement Admin,All,"12025002"
zPanuwatK,Procurement Assistant System,2,Procurement Admin,All,"12025003"
zPanuwatK,Procurement Assistant System,2,Procurement Admin,All,"12025004"
zPanuwatK,Procurement Assistant System,2,Procurement Admin,All,"15051001"
zPanuwatK,Procurement Assistant System,2,Procurement Admin,All,"15051003"
zPanuwatK,Procurement Assistant System,2,Procurement Admin,All,"21011001"
zPanuwatK,Procurement Assistant System,2,Procurement Admin,All,"21011003"
zPanuwatK,Procurement Assistant System,2,Procurement Admin,All,"21011005"
zPanuwatK,Procurement Assistant System,2,Procurement Admin,All,"21012002"
zPanuwatK,Procurement Assistant System,2,Procurement Admin,All,"21012006"
zPanuwatK,Procurement Assistant System,2,Procurement Admin,All,"21012008"
zPanuwatK,Procurement Assistant System,2,Procurement Admin,All,"21012011"
zPanuwatK,Procurement Assistant System,2,Procurement Admin,All,"21012012"
zPanuwatK,Procurement Assistant System,2,Procurement Admin,All,"21012013"
zPanuwatK,Procurement Assistant System,2,Procurement Admin,All,"21013010"
zPanuwatK,Procurement Assistant System,2,Procurement Admin,All,"21014001"
zPanuwatK,Procurement Assistant System,2,Procurement Admin,All,"21014002"
zPanuwatK,Procurement Assistant System,2,Procurement Admin,All,"21014003"
zPanuwatK,Procurement Assistant System,2,Procurement Admin,All,"21014005"
zPanuwatK,Procurement Assistant System,2,Procurement Admin,All,"21014007"
zPanuwatK,Procurement Assistant System,2,Procurement Admin,All,"21014008"
zPanuwatK,Procurement Assistant System,2,Procurement Admin,All,"22021001"
zPanuwatK,Procurement Assistant System,2,Procurement Admin,All,"22021005"
zPanuwatK,Procurement Assistant System,2,Procurement Admin,All,"22021009"
zPanuwatK,Procurement Assistant System,2,Procurement Admin,All,"22022001"
zPanuwatK,Procurement Assistant System,2,Procurement Admin,All,"22022005"
zPanuwatK,Procurement Assistant System,2,Procurement Admin,All,"22022009"
zPanuwatK,Procurement Assistant System,2,Procurement Admin,All,"22023001"
zPanuwatK,Procurement Assistant System,2,Procurement Admin,All,"22023005"
zPanuwatK,Procurement Assistant System,2,Procurement Admin,All,"22024001"
zPanuwatK,Procurement Assistant System,2,Procurement Admin,All,"22024005"
zPanuwatK,Procurement Assistant System,2,Procurement Admin,All,"22025001"
zPanuwatK,Procurement Assistant System,2,Procurement Admin,All,"22025005"
zPanuwatK,Procurement Assistant System,2,Procurement Admin,All,"23031001"
zPanuwatK,Procurement Assistant System,2,Procurement Admin,All,"23031003"
zPanuwatK,Procurement Assistant System,2,Procurement Admin,All,"23032001"
zPanuwatK,Procurement Assistant System,2,Procurement Admin,All,"23032002"
zPanuwatK,Procurement Assistant System,2,Procurement Admin,All,"23032003"
zPanuwatK,Procurement Assistant System,2,Procurement Admin,All,"23033001"
zPanuwatK,Procurement Assistant System,2,Procurement Admin,All,"23033003"
zPanuwatK,Procurement Assistant System,2,Procurement Admin,All,"23034001"
zPanuwatK,Procurement Assistant System,2,Procurement Admin,All,"23034002"
zPanuwatK,Procurement Assistant System,2,Procurement Admin,All,"23034003"
zPanuwatK,Procurement Assistant System,2,Procurement Admin,All,"23034004"
zPanuwatK,Procurement Assistant System,2,Procurement Admin,All,"23035001"
zPanuwatK,Procurement Assistant System,2,Procurement Admin,All,"23035003"
zPanuwatK,Procurement Assistant System,2,Procurement Admin,All,"23038001"
zPanuwatK,Procurement Assistant System,2,Procurement Admin,All,"23038002"
zPanuwatK,Procurement Assistant System,2,Procurement Admin,All,"23038003"
zPanuwatK,Procurement Assistant System,2,Procurement Admin,All,"23039001"
zPanuwatK,Procurement Assistant System,2,Procurement Admin,All,"23039003"
zPanuwatK,Procurement Assistant System,2,Procurement Admin,All,"26061001"
zPanuwatK,Procurement Assistant System,2,Procurement Admin,All,"26061002"
zPanuwatK,Procurement Assistant System,2,Procurement Admin,All,"26061003"
zPanuwatK,Procurement Assistant System,2,Procurement Admin,All,"30100101"
zPanuwatK,Procurement Assistant System,2,Procurement Admin,All,"30100202"
zPanuwatK,Procurement Assistant System,2,Procurement Admin,All,"30200202"
zPanuwatK,Procurement Assistant System,2,Procurement Admin,All,"30300301"
zPanuwatK,Procurement Assistant System,2,Procurement Admin,All,"30300303"
zPanuwatK,Procurement Assistant System,2,Procurement Admin,All,"30300304"
zPanuwatK,Procurement Assistant System,2,Procurement Admin,All,"30300305"
zPanuwatK,Procurement Assistant System,2,Procurement Admin,All,"30300508"
zPanuwatK,Procurement Assistant System,2,Procurement Admin,All,"30300509"
zPanuwatK,Procurement Assistant System,2,Procurement Admin,All,"30300701"
zPanuwatK,Procurement Assistant System,2,Procurement Admin,All,"30400403"
zPanuwatK,Procurement Assistant System,2,Procurement Admin,All,"30400406"
zPanuwatK,Procurement Assistant System,2,Procurement Admin,All,"30400407"
zPanuwatK,Procurement Assistant System,2,Procurement Admin,All,"30400508"
zPanuwatK,Procurement Assistant System,2,Procurement Admin,All,"30400509"
zPanuwatK,Procurement Assistant System,2,Procurement Admin,All,"30400701"
zPanuwatK,Procurement Assistant System,2,Procurement Admin,All,"30400702"
zPanuwatK,Procurement Assistant System,2,Procurement Admin,All,"30400703"
zPanuwatK,Procurement Assistant System,2,Procurement Admin,All,"30400704"
zPanuwatK,Procurement Assistant System,2,Procurement Admin,All,"30500601"
zPanuwatK,Procurement Assistant System,2,Procurement Admin,All,"30500603"
zPanuwatK,Procurement Assistant System,2,Procurement Admin,All,"30600101"
zPanuwatK,Procurement Assistant System,2,Procurement Admin,All,"90100101"
zPanuwatK,Procurement Assistant System,2,Procurement Admin,All,"90100202"
zPanuwatK,Procurement Assistant System,2,Procurement Admin,All,"90200202"
zPanuwatK,Procurement Assistant System,2,Procurement Admin,All,"90300301"
zPanuwatK,Procurement Assistant System,2,Procurement Admin,All,"90300303"
zPanuwatK,Procurement Assistant System,2,Procurement Admin,All,"90300304"
zPanuwatK,Procurement Assistant System,2,Procurement Admin,All,"90400403"
zPanuwatK,Procurement Assistant System,2,Procurement Admin,All,"90500101"
zPanuwatK,Procurement Assistant System,2,Procurement Admin,All,"90500201"
zPanuwatK,Procurement Assistant System,2,Procurement Admin,All,"90600202"
zPanuwatK,Procurement Assistant System,2,Procurement Admin,All,"90700301"
zPanuwatK,Procurement Assistant System,2,Procurement Admin,All,"90700303"
zPanuwatK,Procurement Assistant System,2,Procurement Admin,All,"90700304"
zPanuwatK,Procurement Assistant System,2,Procurement Admin,All,"90800403"
zPanuwatK,Procurement Assistant System,2,Procurement Admin,All,"90900501"
zPanuwatK,Procurement Assistant System,2,Procurement Admin,All,"90900502"
zPanuwatK,Procurement Assistant System,2,Procurement Admin,All,"90900503"
zPanuwatK,Procurement Assistant System,2,Procurement Admin,All,"90900510"
zPanuwatK,Procurement Assistant System,2,Procurement Admin,All,"91000601"
zPanuwatK,Procurement Assistant System,2,Procurement Admin,All,"91000602"
zPanuwatK,Procurement Assistant System,2,Procurement Admin,All,"91000603"
zPanuwatK,Procurement Assistant System,2,Procurement Admin,All,"91100701"
zPanuwatK,Procurement Assistant System,2,Procurement Admin,All,"91200801"
zPanuwatK,Procurement Assistant System,2,Procurement Admin,All,"91200803"
zPanuwatK,Procurement Assistant System,2,Procurement Admin,All,"91300903"
zPanuwatK,Procurement Assistant System,2,Procurement Admin,All,"91401001"
zPanuwatK,Procurement Assistant System,2,Procurement Admin,All,"91501101"
zPanuwatK,Procurement Assistant System,2,Procurement Admin,All,"91601205"
zPanuwatK,Procurement Assistant System,2,Procurement Admin,All,"91701301"
zPanuwatK,Procurement Assistant System,2,Procurement Admin,All,"91701305"
zPanuwatK,Procurement Assistant System,2,Procurement Admin,All,"91801401"
zPanuwatK,Procurement Assistant System,2,Procurement Admin,All,"91801501"
zPanuwatK,Procurement Assistant System,2,Procurement Admin,All,"91801601"
zPanuwatK,Procurement Assistant System,5,Procurement VP,Specific,"30100101"
zPanuwatK,Procurement Assistant System,5,Procurement VP,Specific,"30300301"
zPanuwatK,Procurement Assistant System,5,Procurement VP,Specific,"30500601"
zPanuwatK,Procurement Assistant System,5,Procurement VP,Specific,"30600101"
zParitaR,APP System,10,AdminBB_Support,all,"1011001"
zParitaR,APP System,10,AdminBB_Support,all,"1011003"
zParitaR,APP System,10,AdminBB_Support,all,"1011005"
zParitaR,APP System,10,AdminBB_Support,all,"1011006"
zParitaR,APP System,10,AdminBB_Support,all,"1011008"
zParitaR,APP System,10,AdminBB_Support,all,"1011011"
zParitaR,APP System,10,AdminBB_Support,all,"1011012"
zParitaR,APP System,10,AdminBB_Support,all,"1012002"
zParitaR,APP System,10,AdminBB_Support,all,"1013010"
zParitaR,APP System,10,AdminBB_Support,all,"1014001"
zParitaR,APP System,10,AdminBB_Support,all,"1014002"
zParitaR,APP System,10,AdminBB_Support,all,"1014003"
zParitaR,APP System,10,AdminBB_Support,all,"1014005"
zParitaR,APP System,10,AdminBB_Support,all,"1014007"
zParitaR,APP System,10,AdminBB_Support,all,"1014008"
zParitaR,APP System,10,AdminBB_Support,all,"2021001"
zParitaR,APP System,10,AdminBB_Support,all,"2021005"
zParitaR,APP System,10,AdminBB_Support,all,"2021009"
zParitaR,APP System,10,AdminBB_Support,all,"2022001"
zParitaR,APP System,10,AdminBB_Support,all,"2022005"
zParitaR,APP System,10,AdminBB_Support,all,"2022009"
zParitaR,APP System,10,AdminBB_Support,all,"2023001"
zParitaR,APP System,10,AdminBB_Support,all,"2023005"
zParitaR,APP System,10,AdminBB_Support,all,"2024001"
zParitaR,APP System,10,AdminBB_Support,all,"2024005"
zParitaR,APP System,10,AdminBB_Support,all,"2025001"
zParitaR,APP System,10,AdminBB_Support,all,"2025005"
zParitaR,APP System,10,AdminBB_Support,all,"3031001"
zParitaR,APP System,10,AdminBB_Support,all,"3031003"
zParitaR,APP System,10,AdminBB_Support,all,"3032001"
zParitaR,APP System,10,AdminBB_Support,all,"3032002"
zParitaR,APP System,10,AdminBB_Support,all,"3032003"
zParitaR,APP System,10,AdminBB_Support,all,"3033001"
zParitaR,APP System,10,AdminBB_Support,all,"3033003"
zParitaR,APP System,10,AdminBB_Support,all,"3034001"
zParitaR,APP System,10,AdminBB_Support,all,"3034002"
zParitaR,APP System,10,AdminBB_Support,all,"3034003"
zParitaR,APP System,10,AdminBB_Support,all,"3034004"
zParitaR,APP System,10,AdminBB_Support,all,"3035001"
zParitaR,APP System,10,AdminBB_Support,all,"3035003"
zParitaR,APP System,10,AdminBB_Support,all,"3036001"
zParitaR,APP System,10,AdminBB_Support,all,"3036002"
zParitaR,APP System,10,AdminBB_Support,all,"3036003"
zParitaR,APP System,10,AdminBB_Support,all,"3036010"
zParitaR,APP System,10,AdminBB_Support,all,"3037001"
zParitaR,APP System,10,AdminBB_Support,all,"3037002"
zParitaR,APP System,10,AdminBB_Support,all,"3037003"
zParitaR,APP System,10,AdminBB_Support,all,"4041001"
zParitaR,APP System,10,AdminBB_Support,all,"4041002"
zParitaR,APP System,10,AdminBB_Support,all,"4041003"
zParitaR,APP System,10,AdminBB_Support,all,"4041004"
zParitaR,APP System,10,AdminBB_Support,all,"4042001"
zParitaR,APP System,10,AdminBB_Support,all,"4042002"
zParitaR,APP System,10,AdminBB_Support,all,"4042003"
zParitaR,APP System,10,AdminBB_Support,all,"4042004"
zParitaR,APP System,10,AdminBB_Support,all,"5051001"
zParitaR,APP System,10,AdminBB_Support,all,"5051005"
zParitaR,APP System,10,AdminBB_Support,all,"5052001"
zParitaR,APP System,10,AdminBB_Support,all,"5052005"
zParitaR,Procurement Assistant System,2,Procurement Admin,All,"11011001"
zParitaR,Procurement Assistant System,2,Procurement Admin,All,"11011003"
zParitaR,Procurement Assistant System,2,Procurement Admin,All,"11011005"
zParitaR,Procurement Assistant System,2,Procurement Admin,All,"11011006"
zParitaR,Procurement Assistant System,2,Procurement Admin,All,"11011007"
zParitaR,Procurement Assistant System,2,Procurement Admin,All,"11012001"
zParitaR,Procurement Assistant System,2,Procurement Admin,All,"11012002"
zParitaR,Procurement Assistant System,2,Procurement Admin,All,"11013001"
zParitaR,Procurement Assistant System,2,Procurement Admin,All,"11013003"
zParitaR,Procurement Assistant System,2,Procurement Admin,All,"11013005"
zParitaR,Procurement Assistant System,2,Procurement Admin,All,"11013006"
zParitaR,Procurement Assistant System,2,Procurement Admin,All,"11013007"
zParitaR,Procurement Assistant System,2,Procurement Admin,All,"11014001"
zParitaR,Procurement Assistant System,2,Procurement Admin,All,"11014005"
zParitaR,Procurement Assistant System,2,Procurement Admin,All,"12021001"
zParitaR,Procurement Assistant System,2,Procurement Admin,All,"12021003"
zParitaR,Procurement Assistant System,2,Procurement Admin,All,"12022001"
zParitaR,Procurement Assistant System,2,Procurement Admin,All,"12022002"
zParitaR,Procurement Assistant System,2,Procurement Admin,All,"12022003"
zParitaR,Procurement Assistant System,2,Procurement Admin,All,"12023001"
zParitaR,Procurement Assistant System,2,Procurement Admin,All,"12023002"
zParitaR,Procurement Assistant System,2,Procurement Admin,All,"12023003"
zParitaR,Procurement Assistant System,2,Procurement Admin,All,"12023004"
zParitaR,Procurement Assistant System,2,Procurement Admin,All,"12024001"
zParitaR,Procurement Assistant System,2,Procurement Admin,All,"12024002"
zParitaR,Procurement Assistant System,2,Procurement Admin,All,"12024003"
zParitaR,Procurement Assistant System,2,Procurement Admin,All,"12024004"
zParitaR,Procurement Assistant System,2,Procurement Admin,All,"12025001"
zParitaR,Procurement Assistant System,2,Procurement Admin,All,"12025002"
zParitaR,Procurement Assistant System,2,Procurement Admin,All,"12025003"
zParitaR,Procurement Assistant System,2,Procurement Admin,All,"12025004"
zParitaR,Procurement Assistant System,2,Procurement Admin,All,"15051001"
zParitaR,Procurement Assistant System,2,Procurement Admin,All,"15051003"
zParitaR,Procurement Assistant System,2,Procurement Admin,All,"21011001"
zParitaR,Procurement Assistant System,2,Procurement Admin,All,"21011003"
zParitaR,Procurement Assistant System,2,Procurement Admin,All,"21011005"
zParitaR,Procurement Assistant System,2,Procurement Admin,All,"21012002"
zParitaR,Procurement Assistant System,2,Procurement Admin,All,"21012006"
zParitaR,Procurement Assistant System,2,Procurement Admin,All,"21012008"
zParitaR,Procurement Assistant System,2,Procurement Admin,All,"21012011"
zParitaR,Procurement Assistant System,2,Procurement Admin,All,"21012012"
zParitaR,Procurement Assistant System,2,Procurement Admin,All,"21012013"
zParitaR,Procurement Assistant System,2,Procurement Admin,All,"21013010"
zParitaR,Procurement Assistant System,2,Procurement Admin,All,"21014001"
zParitaR,Procurement Assistant System,2,Procurement Admin,All,"21014002"
zParitaR,Procurement Assistant System,2,Procurement Admin,All,"21014003"
zParitaR,Procurement Assistant System,2,Procurement Admin,All,"21014005"
zParitaR,Procurement Assistant System,2,Procurement Admin,All,"21014007"
zParitaR,Procurement Assistant System,2,Procurement Admin,All,"21014008"
zParitaR,Procurement Assistant System,2,Procurement Admin,All,"22021001"
zParitaR,Procurement Assistant System,2,Procurement Admin,All,"22021005"
zParitaR,Procurement Assistant System,2,Procurement Admin,All,"22021009"
zParitaR,Procurement Assistant System,2,Procurement Admin,All,"22022001"
zParitaR,Procurement Assistant System,2,Procurement Admin,All,"22022005"
zParitaR,Procurement Assistant System,2,Procurement Admin,All,"22022009"
zParitaR,Procurement Assistant System,2,Procurement Admin,All,"22023001"
zParitaR,Procurement Assistant System,2,Procurement Admin,All,"22023005"
zParitaR,Procurement Assistant System,2,Procurement Admin,All,"22024001"
zParitaR,Procurement Assistant System,2,Procurement Admin,All,"22024005"
zParitaR,Procurement Assistant System,2,Procurement Admin,All,"22025001"
zParitaR,Procurement Assistant System,2,Procurement Admin,All,"22025005"
zParitaR,Procurement Assistant System,2,Procurement Admin,All,"23031001"
zParitaR,Procurement Assistant System,2,Procurement Admin,All,"23031003"
zParitaR,Procurement Assistant System,2,Procurement Admin,All,"23032001"
zParitaR,Procurement Assistant System,2,Procurement Admin,All,"23032002"
zParitaR,Procurement Assistant System,2,Procurement Admin,All,"23032003"
zParitaR,Procurement Assistant System,2,Procurement Admin,All,"23033001"
zParitaR,Procurement Assistant System,2,Procurement Admin,All,"23033003"
zParitaR,Procurement Assistant System,2,Procurement Admin,All,"23034001"
zParitaR,Procurement Assistant System,2,Procurement Admin,All,"23034002"
zParitaR,Procurement Assistant System,2,Procurement Admin,All,"23034003"
zParitaR,Procurement Assistant System,2,Procurement Admin,All,"23034004"
zParitaR,Procurement Assistant System,2,Procurement Admin,All,"23035001"
zParitaR,Procurement Assistant System,2,Procurement Admin,All,"23035003"
zParitaR,Procurement Assistant System,2,Procurement Admin,All,"23038001"
zParitaR,Procurement Assistant System,2,Procurement Admin,All,"23038002"
zParitaR,Procurement Assistant System,2,Procurement Admin,All,"23038003"
zParitaR,Procurement Assistant System,2,Procurement Admin,All,"23039001"
zParitaR,Procurement Assistant System,2,Procurement Admin,All,"23039003"
zParitaR,Procurement Assistant System,2,Procurement Admin,All,"26061001"
zParitaR,Procurement Assistant System,2,Procurement Admin,All,"26061002"
zParitaR,Procurement Assistant System,2,Procurement Admin,All,"26061003"
zParitaR,Procurement Assistant System,2,Procurement Admin,All,"30100101"
zParitaR,Procurement Assistant System,2,Procurement Admin,All,"30100202"
zParitaR,Procurement Assistant System,2,Procurement Admin,All,"30200202"
zParitaR,Procurement Assistant System,2,Procurement Admin,All,"30300301"
zParitaR,Procurement Assistant System,2,Procurement Admin,All,"30300303"
zParitaR,Procurement Assistant System,2,Procurement Admin,All,"30300304"
zParitaR,Procurement Assistant System,2,Procurement Admin,All,"30300305"
zParitaR,Procurement Assistant System,2,Procurement Admin,All,"30300508"
zParitaR,Procurement Assistant System,2,Procurement Admin,All,"30300509"
zParitaR,Procurement Assistant System,2,Procurement Admin,All,"30300701"
zParitaR,Procurement Assistant System,2,Procurement Admin,All,"30400403"
zParitaR,Procurement Assistant System,2,Procurement Admin,All,"30400406"
zParitaR,Procurement Assistant System,2,Procurement Admin,All,"30400407"
zParitaR,Procurement Assistant System,2,Procurement Admin,All,"30400508"
zParitaR,Procurement Assistant System,2,Procurement Admin,All,"30400509"
zParitaR,Procurement Assistant System,2,Procurement Admin,All,"30400701"
zParitaR,Procurement Assistant System,2,Procurement Admin,All,"30400702"
zParitaR,Procurement Assistant System,2,Procurement Admin,All,"30400703"
zParitaR,Procurement Assistant System,2,Procurement Admin,All,"30400704"
zParitaR,Procurement Assistant System,2,Procurement Admin,All,"30500601"
zParitaR,Procurement Assistant System,2,Procurement Admin,All,"30500603"
zParitaR,Procurement Assistant System,2,Procurement Admin,All,"30600101"
zParitaR,Procurement Assistant System,2,Procurement Admin,All,"90100101"
zParitaR,Procurement Assistant System,2,Procurement Admin,All,"90100202"
zParitaR,Procurement Assistant System,2,Procurement Admin,All,"90200202"
zParitaR,Procurement Assistant System,2,Procurement Admin,All,"90300301"
zParitaR,Procurement Assistant System,2,Procurement Admin,All,"90300303"
zParitaR,Procurement Assistant System,2,Procurement Admin,All,"90300304"
zParitaR,Procurement Assistant System,2,Procurement Admin,All,"90400403"
zParitaR,Procurement Assistant System,2,Procurement Admin,All,"90500101"
zParitaR,Procurement Assistant System,2,Procurement Admin,All,"90500201"
zParitaR,Procurement Assistant System,2,Procurement Admin,All,"90600202"
zParitaR,Procurement Assistant System,2,Procurement Admin,All,"90700301"
zParitaR,Procurement Assistant System,2,Procurement Admin,All,"90700303"
zParitaR,Procurement Assistant System,2,Procurement Admin,All,"90700304"
zParitaR,Procurement Assistant System,2,Procurement Admin,All,"90800403"
zParitaR,Procurement Assistant System,2,Procurement Admin,All,"90900501"
zParitaR,Procurement Assistant System,2,Procurement Admin,All,"90900502"
zParitaR,Procurement Assistant System,2,Procurement Admin,All,"90900503"
zParitaR,Procurement Assistant System,2,Procurement Admin,All,"90900510"
zParitaR,Procurement Assistant System,2,Procurement Admin,All,"91000601"
zParitaR,Procurement Assistant System,2,Procurement Admin,All,"91000602"
zParitaR,Procurement Assistant System,2,Procurement Admin,All,"91000603"
zParitaR,Procurement Assistant System,2,Procurement Admin,All,"91100701"
zParitaR,Procurement Assistant System,2,Procurement Admin,All,"91200801"
zParitaR,Procurement Assistant System,2,Procurement Admin,All,"91200803"
zParitaR,Procurement Assistant System,2,Procurement Admin,All,"91300903"
zParitaR,Procurement Assistant System,2,Procurement Admin,All,"91401001"
zParitaR,Procurement Assistant System,2,Procurement Admin,All,"91501101"
zParitaR,Procurement Assistant System,2,Procurement Admin,All,"91601205"
zParitaR,Procurement Assistant System,2,Procurement Admin,All,"91701301"
zParitaR,Procurement Assistant System,2,Procurement Admin,All,"91701305"
zParitaR,Procurement Assistant System,2,Procurement Admin,All,"91801401"
zParitaR,Procurement Assistant System,2,Procurement Admin,All,"91801501"
zParitaR,Procurement Assistant System,2,Procurement Admin,All,"91801601"
zParitaR,Reference Price System,1,Admin,Admin,"101101"
zParitaR,Reference Price System,1,Admin,Admin,"101103"
zParitaR,Reference Price System,1,Admin,Admin,"101105"
zParitaR,Reference Price System,1,Admin,Admin,"101106"
zParitaR,Reference Price System,1,Admin,Admin,"101107"
zParitaR,Reference Price System,1,Admin,Admin,"101201"
zParitaR,Reference Price System,1,Admin,Admin,"101202"
zParitaR,Reference Price System,1,Admin,Admin,"101301"
zParitaR,Reference Price System,1,Admin,Admin,"101303"
zParitaR,Reference Price System,1,Admin,Admin,"101305"
zParitaR,Reference Price System,1,Admin,Admin,"101306"
zParitaR,Reference Price System,1,Admin,Admin,"101307"
zParitaR,Reference Price System,1,Admin,Admin,"101401"
zParitaR,Reference Price System,1,Admin,Admin,"101405"
zParitaR,Reference Price System,1,Admin,Admin,"202101"
zParitaR,Reference Price System,1,Admin,Admin,"202103"
zParitaR,Reference Price System,1,Admin,Admin,"202201"
zParitaR,Reference Price System,1,Admin,Admin,"202202"
zParitaR,Reference Price System,1,Admin,Admin,"202203"
zParitaR,Reference Price System,1,Admin,Admin,"202301"
zParitaR,Reference Price System,1,Admin,Admin,"202302"
zParitaR,Reference Price System,1,Admin,Admin,"202303"
zParitaR,Reference Price System,1,Admin,Admin,"202304"
zParitaR,Reference Price System,1,Admin,Admin,"202401"
zParitaR,Reference Price System,1,Admin,Admin,"202402"
zParitaR,Reference Price System,1,Admin,Admin,"202403"
zParitaR,Reference Price System,1,Admin,Admin,"202404"
zParitaR,Reference Price System,1,Admin,Admin,"202501"
zParitaR,Reference Price System,1,Admin,Admin,"202502"
zParitaR,Reference Price System,1,Admin,Admin,"202503"
zParitaR,Reference Price System,1,Admin,Admin,"202504"
zParitaR,Reference Price System,1,Admin,Admin,"303101"
zParitaR,Reference Price System,1,Admin,Admin,"303102"
zParitaR,Reference Price System,1,Admin,Admin,"303103"
zParitaR,Reference Price System,1,Admin,Admin,"303104"
zParitaR,Reference Price System,1,Admin,Admin,"303201"
zParitaR,Reference Price System,1,Admin,Admin,"303202"
zParitaR,Reference Price System,1,Admin,Admin,"303203"
zParitaR,Reference Price System,1,Admin,Admin,"303204"
zParitaR,Reference Price System,1,Admin,Admin,"404101"
zParitaR,Reference Price System,1,Admin,Admin,"404201"
zParitaR,Reference Price System,1,Admin,Admin,"404301"
zParitaR,Reference Price System,1,Admin,Admin,"404401"
zPatbodinI,APP System,10,AdminBB_Support,all,"1011001"
zPatbodinI,APP System,10,AdminBB_Support,all,"1011003"
zPatbodinI,APP System,10,AdminBB_Support,all,"1011005"
zPatbodinI,APP System,10,AdminBB_Support,all,"1011006"
zPatbodinI,APP System,10,AdminBB_Support,all,"1011008"
zPatbodinI,APP System,10,AdminBB_Support,all,"1011011"
zPatbodinI,APP System,10,AdminBB_Support,all,"1011012"
zPatbodinI,APP System,10,AdminBB_Support,all,"1012002"
zPatbodinI,APP System,10,AdminBB_Support,all,"1013010"
zPatbodinI,APP System,10,AdminBB_Support,all,"1014001"
zPatbodinI,APP System,10,AdminBB_Support,all,"1014002"
zPatbodinI,APP System,10,AdminBB_Support,all,"1014003"
zPatbodinI,APP System,10,AdminBB_Support,all,"1014005"
zPatbodinI,APP System,10,AdminBB_Support,all,"1014007"
zPatbodinI,APP System,10,AdminBB_Support,all,"1014008"
zPatbodinI,APP System,10,AdminBB_Support,all,"2021001"
zPatbodinI,APP System,10,AdminBB_Support,all,"2021005"
zPatbodinI,APP System,10,AdminBB_Support,all,"2021009"
zPatbodinI,APP System,10,AdminBB_Support,all,"2022001"
zPatbodinI,APP System,10,AdminBB_Support,all,"2022005"
zPatbodinI,APP System,10,AdminBB_Support,all,"2022009"
zPatbodinI,APP System,10,AdminBB_Support,all,"2023001"
zPatbodinI,APP System,10,AdminBB_Support,all,"2023005"
zPatbodinI,APP System,10,AdminBB_Support,all,"2024001"
zPatbodinI,APP System,10,AdminBB_Support,all,"2024005"
zPatbodinI,APP System,10,AdminBB_Support,all,"2025001"
zPatbodinI,APP System,10,AdminBB_Support,all,"2025005"
zPatbodinI,APP System,10,AdminBB_Support,all,"3031001"
zPatbodinI,APP System,10,AdminBB_Support,all,"3031003"
zPatbodinI,APP System,10,AdminBB_Support,all,"3032001"
zPatbodinI,APP System,10,AdminBB_Support,all,"3032002"
zPatbodinI,APP System,10,AdminBB_Support,all,"3032003"
zPatbodinI,APP System,10,AdminBB_Support,all,"3033001"
zPatbodinI,APP System,10,AdminBB_Support,all,"3033003"
zPatbodinI,APP System,10,AdminBB_Support,all,"3034001"
zPatbodinI,APP System,10,AdminBB_Support,all,"3034002"
zPatbodinI,APP System,10,AdminBB_Support,all,"3034003"
zPatbodinI,APP System,10,AdminBB_Support,all,"3034004"
zPatbodinI,APP System,10,AdminBB_Support,all,"3035001"
zPatbodinI,APP System,10,AdminBB_Support,all,"3035003"
zPatbodinI,APP System,10,AdminBB_Support,all,"3036001"
zPatbodinI,APP System,10,AdminBB_Support,all,"3036002"
zPatbodinI,APP System,10,AdminBB_Support,all,"3036003"
zPatbodinI,APP System,10,AdminBB_Support,all,"3036010"
zPatbodinI,APP System,10,AdminBB_Support,all,"3037001"
zPatbodinI,APP System,10,AdminBB_Support,all,"3037002"
zPatbodinI,APP System,10,AdminBB_Support,all,"3037003"
zPatbodinI,APP System,10,AdminBB_Support,all,"4041001"
zPatbodinI,APP System,10,AdminBB_Support,all,"4041002"
zPatbodinI,APP System,10,AdminBB_Support,all,"4041003"
zPatbodinI,APP System,10,AdminBB_Support,all,"4041004"
zPatbodinI,APP System,10,AdminBB_Support,all,"4042001"
zPatbodinI,APP System,10,AdminBB_Support,all,"4042002"
zPatbodinI,APP System,10,AdminBB_Support,all,"4042003"
zPatbodinI,APP System,10,AdminBB_Support,all,"4042004"
zPatbodinI,APP System,10,AdminBB_Support,all,"5051001"
zPatbodinI,APP System,10,AdminBB_Support,all,"5051005"
zPatbodinI,APP System,10,AdminBB_Support,all,"5052001"
zPatbodinI,APP System,10,AdminBB_Support,all,"5052005"
ZpiroonM,Reference Price System,1,Admin,Admin,"101101"
ZpiroonM,Reference Price System,1,Admin,Admin,"101103"
ZpiroonM,Reference Price System,1,Admin,Admin,"101105"
ZpiroonM,Reference Price System,1,Admin,Admin,"101106"
ZpiroonM,Reference Price System,1,Admin,Admin,"101107"
ZpiroonM,Reference Price System,1,Admin,Admin,"101201"
ZpiroonM,Reference Price System,1,Admin,Admin,"101202"
ZpiroonM,Reference Price System,1,Admin,Admin,"101301"
ZpiroonM,Reference Price System,1,Admin,Admin,"101303"
ZpiroonM,Reference Price System,1,Admin,Admin,"101305"
ZpiroonM,Reference Price System,1,Admin,Admin,"101306"
ZpiroonM,Reference Price System,1,Admin,Admin,"101307"
ZpiroonM,Reference Price System,1,Admin,Admin,"101401"
ZpiroonM,Reference Price System,1,Admin,Admin,"101405"
ZpiroonM,Reference Price System,1,Admin,Admin,"202101"
ZpiroonM,Reference Price System,1,Admin,Admin,"202103"
ZpiroonM,Reference Price System,1,Admin,Admin,"202201"
ZpiroonM,Reference Price System,1,Admin,Admin,"202202"
ZpiroonM,Reference Price System,1,Admin,Admin,"202203"
ZpiroonM,Reference Price System,1,Admin,Admin,"202301"
ZpiroonM,Reference Price System,1,Admin,Admin,"202302"
ZpiroonM,Reference Price System,1,Admin,Admin,"202303"
ZpiroonM,Reference Price System,1,Admin,Admin,"202304"
ZpiroonM,Reference Price System,1,Admin,Admin,"202401"
ZpiroonM,Reference Price System,1,Admin,Admin,"202402"
ZpiroonM,Reference Price System,1,Admin,Admin,"202403"
ZpiroonM,Reference Price System,1,Admin,Admin,"202404"
ZpiroonM,Reference Price System,1,Admin,Admin,"202501"
ZpiroonM,Reference Price System,1,Admin,Admin,"202502"
ZpiroonM,Reference Price System,1,Admin,Admin,"202503"
ZpiroonM,Reference Price System,1,Admin,Admin,"202504"
ZpiroonM,Reference Price System,1,Admin,Admin,"303101"
ZpiroonM,Reference Price System,1,Admin,Admin,"303102"
ZpiroonM,Reference Price System,1,Admin,Admin,"303103"
ZpiroonM,Reference Price System,1,Admin,Admin,"303104"
ZpiroonM,Reference Price System,1,Admin,Admin,"303201"
ZpiroonM,Reference Price System,1,Admin,Admin,"303202"
ZpiroonM,Reference Price System,1,Admin,Admin,"303203"
ZpiroonM,Reference Price System,1,Admin,Admin,"303204"
ZpiroonM,Reference Price System,1,Admin,Admin,"404101"
ZpiroonM,Reference Price System,1,Admin,Admin,"404201"
ZpiroonM,Reference Price System,1,Admin,Admin,"404301"
ZpiroonM,Reference Price System,1,Admin,Admin,"404401"
zPongponHo,Procurement Assistant System,2,Procurement Admin,All,"11011001"
zPongponHo,Procurement Assistant System,2,Procurement Admin,All,"11011003"
zPongponHo,Procurement Assistant System,2,Procurement Admin,All,"11011005"
zPongponHo,Procurement Assistant System,2,Procurement Admin,All,"11011006"
zPongponHo,Procurement Assistant System,2,Procurement Admin,All,"11011007"
zPongponHo,Procurement Assistant System,2,Procurement Admin,All,"11012001"
zPongponHo,Procurement Assistant System,2,Procurement Admin,All,"11012002"
zPongponHo,Procurement Assistant System,2,Procurement Admin,All,"11013001"
zPongponHo,Procurement Assistant System,2,Procurement Admin,All,"11013003"
zPongponHo,Procurement Assistant System,2,Procurement Admin,All,"11013005"
zPongponHo,Procurement Assistant System,2,Procurement Admin,All,"11013006"
zPongponHo,Procurement Assistant System,2,Procurement Admin,All,"11013007"
zPongponHo,Procurement Assistant System,2,Procurement Admin,All,"11014001"
zPongponHo,Procurement Assistant System,2,Procurement Admin,All,"11014005"
zPongponHo,Procurement Assistant System,2,Procurement Admin,All,"12021001"
zPongponHo,Procurement Assistant System,2,Procurement Admin,All,"12021003"
zPongponHo,Procurement Assistant System,2,Procurement Admin,All,"12022001"
zPongponHo,Procurement Assistant System,2,Procurement Admin,All,"12022002"
zPongponHo,Procurement Assistant System,2,Procurement Admin,All,"12022003"
zPongponHo,Procurement Assistant System,2,Procurement Admin,All,"12023001"
zPongponHo,Procurement Assistant System,2,Procurement Admin,All,"12023002"
zPongponHo,Procurement Assistant System,2,Procurement Admin,All,"12023003"
zPongponHo,Procurement Assistant System,2,Procurement Admin,All,"12023004"
zPongponHo,Procurement Assistant System,2,Procurement Admin,All,"12024001"
zPongponHo,Procurement Assistant System,2,Procurement Admin,All,"12024002"
zPongponHo,Procurement Assistant System,2,Procurement Admin,All,"12024003"
zPongponHo,Procurement Assistant System,2,Procurement Admin,All,"12024004"
zPongponHo,Procurement Assistant System,2,Procurement Admin,All,"12025001"
zPongponHo,Procurement Assistant System,2,Procurement Admin,All,"12025002"
zPongponHo,Procurement Assistant System,2,Procurement Admin,All,"12025003"
zPongponHo,Procurement Assistant System,2,Procurement Admin,All,"12025004"
zPongponHo,Procurement Assistant System,2,Procurement Admin,All,"15051001"
zPongponHo,Procurement Assistant System,2,Procurement Admin,All,"15051003"
zPongponHo,Procurement Assistant System,2,Procurement Admin,All,"21011001"
zPongponHo,Procurement Assistant System,2,Procurement Admin,All,"21011003"
zPongponHo,Procurement Assistant System,2,Procurement Admin,All,"21011005"
zPongponHo,Procurement Assistant System,2,Procurement Admin,All,"21012002"
zPongponHo,Procurement Assistant System,2,Procurement Admin,All,"21012006"
zPongponHo,Procurement Assistant System,2,Procurement Admin,All,"21012008"
zPongponHo,Procurement Assistant System,2,Procurement Admin,All,"21012011"
zPongponHo,Procurement Assistant System,2,Procurement Admin,All,"21012012"
zPongponHo,Procurement Assistant System,2,Procurement Admin,All,"21012013"
zPongponHo,Procurement Assistant System,2,Procurement Admin,All,"21013010"
zPongponHo,Procurement Assistant System,2,Procurement Admin,All,"21014001"
zPongponHo,Procurement Assistant System,2,Procurement Admin,All,"21014002"
zPongponHo,Procurement Assistant System,2,Procurement Admin,All,"21014003"
zPongponHo,Procurement Assistant System,2,Procurement Admin,All,"21014005"
zPongponHo,Procurement Assistant System,2,Procurement Admin,All,"21014007"
zPongponHo,Procurement Assistant System,2,Procurement Admin,All,"21014008"
zPongponHo,Procurement Assistant System,2,Procurement Admin,All,"22021001"
zPongponHo,Procurement Assistant System,2,Procurement Admin,All,"22021005"
zPongponHo,Procurement Assistant System,2,Procurement Admin,All,"22021009"
zPongponHo,Procurement Assistant System,2,Procurement Admin,All,"22022001"
zPongponHo,Procurement Assistant System,2,Procurement Admin,All,"22022005"
zPongponHo,Procurement Assistant System,2,Procurement Admin,All,"22022009"
zPongponHo,Procurement Assistant System,2,Procurement Admin,All,"22023001"
zPongponHo,Procurement Assistant System,2,Procurement Admin,All,"22023005"
zPongponHo,Procurement Assistant System,2,Procurement Admin,All,"22024001"
zPongponHo,Procurement Assistant System,2,Procurement Admin,All,"22024005"
zPongponHo,Procurement Assistant System,2,Procurement Admin,All,"22025001"
zPongponHo,Procurement Assistant System,2,Procurement Admin,All,"22025005"
zPongponHo,Procurement Assistant System,2,Procurement Admin,All,"23031001"
zPongponHo,Procurement Assistant System,2,Procurement Admin,All,"23031003"
zPongponHo,Procurement Assistant System,2,Procurement Admin,All,"23032001"
zPongponHo,Procurement Assistant System,2,Procurement Admin,All,"23032002"
zPongponHo,Procurement Assistant System,2,Procurement Admin,All,"23032003"
zPongponHo,Procurement Assistant System,2,Procurement Admin,All,"23033001"
zPongponHo,Procurement Assistant System,2,Procurement Admin,All,"23033003"
zPongponHo,Procurement Assistant System,2,Procurement Admin,All,"23034001"
zPongponHo,Procurement Assistant System,2,Procurement Admin,All,"23034002"
zPongponHo,Procurement Assistant System,2,Procurement Admin,All,"23034003"
zPongponHo,Procurement Assistant System,2,Procurement Admin,All,"23034004"
zPongponHo,Procurement Assistant System,2,Procurement Admin,All,"23035001"
zPongponHo,Procurement Assistant System,2,Procurement Admin,All,"23035003"
zPongponHo,Procurement Assistant System,2,Procurement Admin,All,"23038001"
zPongponHo,Procurement Assistant System,2,Procurement Admin,All,"23038002"
zPongponHo,Procurement Assistant System,2,Procurement Admin,All,"23038003"
zPongponHo,Procurement Assistant System,2,Procurement Admin,All,"23039001"
zPongponHo,Procurement Assistant System,2,Procurement Admin,All,"23039003"
zPongponHo,Procurement Assistant System,2,Procurement Admin,All,"26061001"
zPongponHo,Procurement Assistant System,2,Procurement Admin,All,"26061002"
zPongponHo,Procurement Assistant System,2,Procurement Admin,All,"26061003"
zPongponHo,Procurement Assistant System,2,Procurement Admin,All,"30100101"
zPongponHo,Procurement Assistant System,2,Procurement Admin,All,"30100202"
zPongponHo,Procurement Assistant System,2,Procurement Admin,All,"30200202"
zPongponHo,Procurement Assistant System,2,Procurement Admin,All,"30300301"
zPongponHo,Procurement Assistant System,2,Procurement Admin,All,"30300303"
zPongponHo,Procurement Assistant System,2,Procurement Admin,All,"30300304"
zPongponHo,Procurement Assistant System,2,Procurement Admin,All,"30300305"
zPongponHo,Procurement Assistant System,2,Procurement Admin,All,"30300508"
zPongponHo,Procurement Assistant System,2,Procurement Admin,All,"30300509"
zPongponHo,Procurement Assistant System,2,Procurement Admin,All,"30300701"
zPongponHo,Procurement Assistant System,2,Procurement Admin,All,"30400403"
zPongponHo,Procurement Assistant System,2,Procurement Admin,All,"30400406"
zPongponHo,Procurement Assistant System,2,Procurement Admin,All,"30400407"
zPongponHo,Procurement Assistant System,2,Procurement Admin,All,"30400508"
zPongponHo,Procurement Assistant System,2,Procurement Admin,All,"30400509"
zPongponHo,Procurement Assistant System,2,Procurement Admin,All,"30400701"
zPongponHo,Procurement Assistant System,2,Procurement Admin,All,"30400702"
zPongponHo,Procurement Assistant System,2,Procurement Admin,All,"30400703"
zPongponHo,Procurement Assistant System,2,Procurement Admin,All,"30400704"
zPongponHo,Procurement Assistant System,2,Procurement Admin,All,"30500601"
zPongponHo,Procurement Assistant System,2,Procurement Admin,All,"30500603"
zPongponHo,Procurement Assistant System,2,Procurement Admin,All,"30600101"
zPongponHo,Procurement Assistant System,2,Procurement Admin,All,"90100101"
zPongponHo,Procurement Assistant System,2,Procurement Admin,All,"90100202"
zPongponHo,Procurement Assistant System,2,Procurement Admin,All,"90200202"
zPongponHo,Procurement Assistant System,2,Procurement Admin,All,"90300301"
zPongponHo,Procurement Assistant System,2,Procurement Admin,All,"90300303"
zPongponHo,Procurement Assistant System,2,Procurement Admin,All,"90300304"
zPongponHo,Procurement Assistant System,2,Procurement Admin,All,"90400403"
zPongponHo,Procurement Assistant System,2,Procurement Admin,All,"90500101"
zPongponHo,Procurement Assistant System,2,Procurement Admin,All,"90500201"
zPongponHo,Procurement Assistant System,2,Procurement Admin,All,"90600202"
zPongponHo,Procurement Assistant System,2,Procurement Admin,All,"90700301"
zPongponHo,Procurement Assistant System,2,Procurement Admin,All,"90700303"
zPongponHo,Procurement Assistant System,2,Procurement Admin,All,"90700304"
zPongponHo,Procurement Assistant System,2,Procurement Admin,All,"90800403"
zPongponHo,Procurement Assistant System,2,Procurement Admin,All,"90900501"
zPongponHo,Procurement Assistant System,2,Procurement Admin,All,"90900502"
zPongponHo,Procurement Assistant System,2,Procurement Admin,All,"90900503"
zPongponHo,Procurement Assistant System,2,Procurement Admin,All,"90900510"
zPongponHo,Procurement Assistant System,2,Procurement Admin,All,"91000601"
zPongponHo,Procurement Assistant System,2,Procurement Admin,All,"91000602"
zPongponHo,Procurement Assistant System,2,Procurement Admin,All,"91000603"
zPongponHo,Procurement Assistant System,2,Procurement Admin,All,"91100701"
zPongponHo,Procurement Assistant System,2,Procurement Admin,All,"91200801"
zPongponHo,Procurement Assistant System,2,Procurement Admin,All,"91200803"
zPongponHo,Procurement Assistant System,2,Procurement Admin,All,"91300903"
zPongponHo,Procurement Assistant System,2,Procurement Admin,All,"91401001"
zPongponHo,Procurement Assistant System,2,Procurement Admin,All,"91501101"
zPongponHo,Procurement Assistant System,2,Procurement Admin,All,"91601205"
zPongponHo,Procurement Assistant System,2,Procurement Admin,All,"91701301"
zPongponHo,Procurement Assistant System,2,Procurement Admin,All,"91701305"
zPongponHo,Procurement Assistant System,2,Procurement Admin,All,"91801401"
zPongponHo,Procurement Assistant System,2,Procurement Admin,All,"91801501"
zPongponHo,Procurement Assistant System,2,Procurement Admin,All,"91801601"
zPongponHo,Procurement Assistant System,5,Procurement VP,Specific,"30100101"
zPongponHo,Procurement Assistant System,5,Procurement VP,Specific,"30300301"
zPongponHo,Procurement Assistant System,5,Procurement VP,Specific,"30500601"
zPongponHo,Procurement Assistant System,5,Procurement VP,Specific,"30600101"
zRattapolS,APP System,10,AdminBB_Support,all,"1011001"
zRattapolS,APP System,10,AdminBB_Support,all,"1011003"
zRattapolS,APP System,10,AdminBB_Support,all,"1011005"
zRattapolS,APP System,10,AdminBB_Support,all,"1011006"
zRattapolS,APP System,10,AdminBB_Support,all,"1011008"
zRattapolS,APP System,10,AdminBB_Support,all,"1011011"
zRattapolS,APP System,10,AdminBB_Support,all,"1011012"
zRattapolS,APP System,10,AdminBB_Support,all,"1012002"
zRattapolS,APP System,10,AdminBB_Support,all,"1013010"
zRattapolS,APP System,10,AdminBB_Support,all,"1014001"
zRattapolS,APP System,10,AdminBB_Support,all,"1014002"
zRattapolS,APP System,10,AdminBB_Support,all,"1014003"
zRattapolS,APP System,10,AdminBB_Support,all,"1014005"
zRattapolS,APP System,10,AdminBB_Support,all,"1014007"
zRattapolS,APP System,10,AdminBB_Support,all,"1014008"
zRattapolS,APP System,10,AdminBB_Support,all,"2021001"
zRattapolS,APP System,10,AdminBB_Support,all,"2021005"
zRattapolS,APP System,10,AdminBB_Support,all,"2021009"
zRattapolS,APP System,10,AdminBB_Support,all,"2022001"
zRattapolS,APP System,10,AdminBB_Support,all,"2022005"
zRattapolS,APP System,10,AdminBB_Support,all,"2022009"
zRattapolS,APP System,10,AdminBB_Support,all,"2023001"
zRattapolS,APP System,10,AdminBB_Support,all,"2023005"
zRattapolS,APP System,10,AdminBB_Support,all,"2024001"
zRattapolS,APP System,10,AdminBB_Support,all,"2024005"
zRattapolS,APP System,10,AdminBB_Support,all,"2025001"
zRattapolS,APP System,10,AdminBB_Support,all,"2025005"
zRattapolS,APP System,10,AdminBB_Support,all,"3031001"
zRattapolS,APP System,10,AdminBB_Support,all,"3031003"
zRattapolS,APP System,10,AdminBB_Support,all,"3032001"
zRattapolS,APP System,10,AdminBB_Support,all,"3032002"
zRattapolS,APP System,10,AdminBB_Support,all,"3032003"
zRattapolS,APP System,10,AdminBB_Support,all,"3033001"
zRattapolS,APP System,10,AdminBB_Support,all,"3033003"
zRattapolS,APP System,10,AdminBB_Support,all,"3034001"
zRattapolS,APP System,10,AdminBB_Support,all,"3034002"
zRattapolS,APP System,10,AdminBB_Support,all,"3034003"
zRattapolS,APP System,10,AdminBB_Support,all,"3034004"
zRattapolS,APP System,10,AdminBB_Support,all,"3035001"
zRattapolS,APP System,10,AdminBB_Support,all,"3035003"
zRattapolS,APP System,10,AdminBB_Support,all,"3036001"
zRattapolS,APP System,10,AdminBB_Support,all,"3036002"
zRattapolS,APP System,10,AdminBB_Support,all,"3036003"
zRattapolS,APP System,10,AdminBB_Support,all,"3036010"
zRattapolS,APP System,10,AdminBB_Support,all,"3037001"
zRattapolS,APP System,10,AdminBB_Support,all,"3037002"
zRattapolS,APP System,10,AdminBB_Support,all,"3037003"
zRattapolS,APP System,10,AdminBB_Support,all,"4041001"
zRattapolS,APP System,10,AdminBB_Support,all,"4041002"
zRattapolS,APP System,10,AdminBB_Support,all,"4041003"
zRattapolS,APP System,10,AdminBB_Support,all,"4041004"
zRattapolS,APP System,10,AdminBB_Support,all,"4042001"
zRattapolS,APP System,10,AdminBB_Support,all,"4042002"
zRattapolS,APP System,10,AdminBB_Support,all,"4042003"
zRattapolS,APP System,10,AdminBB_Support,all,"4042004"
zRattapolS,APP System,10,AdminBB_Support,all,"5051001"
zRattapolS,APP System,10,AdminBB_Support,all,"5051005"
zRattapolS,APP System,10,AdminBB_Support,all,"5052001"
zRattapolS,APP System,10,AdminBB_Support,all,"5052005"
zRattapolS,Procurement Assistant System,2,Procurement Admin,All,"11011001"
zRattapolS,Procurement Assistant System,2,Procurement Admin,All,"11011003"
zRattapolS,Procurement Assistant System,2,Procurement Admin,All,"11011005"
zRattapolS,Procurement Assistant System,2,Procurement Admin,All,"11011006"
zRattapolS,Procurement Assistant System,2,Procurement Admin,All,"11011007"
zRattapolS,Procurement Assistant System,2,Procurement Admin,All,"11012001"
zRattapolS,Procurement Assistant System,2,Procurement Admin,All,"11012002"
zRattapolS,Procurement Assistant System,2,Procurement Admin,All,"11013001"
zRattapolS,Procurement Assistant System,2,Procurement Admin,All,"11013003"
zRattapolS,Procurement Assistant System,2,Procurement Admin,All,"11013005"
zRattapolS,Procurement Assistant System,2,Procurement Admin,All,"11013006"
zRattapolS,Procurement Assistant System,2,Procurement Admin,All,"11013007"
zRattapolS,Procurement Assistant System,2,Procurement Admin,All,"11014001"
zRattapolS,Procurement Assistant System,2,Procurement Admin,All,"11014005"
zRattapolS,Procurement Assistant System,2,Procurement Admin,All,"12021001"
zRattapolS,Procurement Assistant System,2,Procurement Admin,All,"12021003"
zRattapolS,Procurement Assistant System,2,Procurement Admin,All,"12022001"
zRattapolS,Procurement Assistant System,2,Procurement Admin,All,"12022002"
zRattapolS,Procurement Assistant System,2,Procurement Admin,All,"12022003"
zRattapolS,Procurement Assistant System,2,Procurement Admin,All,"12023001"
zRattapolS,Procurement Assistant System,2,Procurement Admin,All,"12023002"
zRattapolS,Procurement Assistant System,2,Procurement Admin,All,"12023003"
zRattapolS,Procurement Assistant System,2,Procurement Admin,All,"12023004"
zRattapolS,Procurement Assistant System,2,Procurement Admin,All,"12024001"
zRattapolS,Procurement Assistant System,2,Procurement Admin,All,"12024002"
zRattapolS,Procurement Assistant System,2,Procurement Admin,All,"12024003"
zRattapolS,Procurement Assistant System,2,Procurement Admin,All,"12024004"
zRattapolS,Procurement Assistant System,2,Procurement Admin,All,"12025001"
zRattapolS,Procurement Assistant System,2,Procurement Admin,All,"12025002"
zRattapolS,Procurement Assistant System,2,Procurement Admin,All,"12025003"
zRattapolS,Procurement Assistant System,2,Procurement Admin,All,"12025004"
zRattapolS,Procurement Assistant System,2,Procurement Admin,All,"15051001"
zRattapolS,Procurement Assistant System,2,Procurement Admin,All,"15051003"
zRattapolS,Procurement Assistant System,2,Procurement Admin,All,"21011001"
zRattapolS,Procurement Assistant System,2,Procurement Admin,All,"21011003"
zRattapolS,Procurement Assistant System,2,Procurement Admin,All,"21011005"
zRattapolS,Procurement Assistant System,2,Procurement Admin,All,"21012002"
zRattapolS,Procurement Assistant System,2,Procurement Admin,All,"21012006"
zRattapolS,Procurement Assistant System,2,Procurement Admin,All,"21012008"
zRattapolS,Procurement Assistant System,2,Procurement Admin,All,"21012011"
zRattapolS,Procurement Assistant System,2,Procurement Admin,All,"21012012"
zRattapolS,Procurement Assistant System,2,Procurement Admin,All,"21012013"
zRattapolS,Procurement Assistant System,2,Procurement Admin,All,"21013010"
zRattapolS,Procurement Assistant System,2,Procurement Admin,All,"21014001"
zRattapolS,Procurement Assistant System,2,Procurement Admin,All,"21014002"
zRattapolS,Procurement Assistant System,2,Procurement Admin,All,"21014003"
zRattapolS,Procurement Assistant System,2,Procurement Admin,All,"21014005"
zRattapolS,Procurement Assistant System,2,Procurement Admin,All,"21014007"
zRattapolS,Procurement Assistant System,2,Procurement Admin,All,"21014008"
zRattapolS,Procurement Assistant System,2,Procurement Admin,All,"22021001"
zRattapolS,Procurement Assistant System,2,Procurement Admin,All,"22021005"
zRattapolS,Procurement Assistant System,2,Procurement Admin,All,"22021009"
zRattapolS,Procurement Assistant System,2,Procurement Admin,All,"22022001"
zRattapolS,Procurement Assistant System,2,Procurement Admin,All,"22022005"
zRattapolS,Procurement Assistant System,2,Procurement Admin,All,"22022009"
zRattapolS,Procurement Assistant System,2,Procurement Admin,All,"22023001"
zRattapolS,Procurement Assistant System,2,Procurement Admin,All,"22023005"
zRattapolS,Procurement Assistant System,2,Procurement Admin,All,"22024001"
zRattapolS,Procurement Assistant System,2,Procurement Admin,All,"22024005"
zRattapolS,Procurement Assistant System,2,Procurement Admin,All,"22025001"
zRattapolS,Procurement Assistant System,2,Procurement Admin,All,"22025005"
zRattapolS,Procurement Assistant System,2,Procurement Admin,All,"23031001"
zRattapolS,Procurement Assistant System,2,Procurement Admin,All,"23031003"
zRattapolS,Procurement Assistant System,2,Procurement Admin,All,"23032001"
zRattapolS,Procurement Assistant System,2,Procurement Admin,All,"23032002"
zRattapolS,Procurement Assistant System,2,Procurement Admin,All,"23032003"
zRattapolS,Procurement Assistant System,2,Procurement Admin,All,"23033001"
zRattapolS,Procurement Assistant System,2,Procurement Admin,All,"23033003"
zRattapolS,Procurement Assistant System,2,Procurement Admin,All,"23034001"
zRattapolS,Procurement Assistant System,2,Procurement Admin,All,"23034002"
zRattapolS,Procurement Assistant System,2,Procurement Admin,All,"23034003"
zRattapolS,Procurement Assistant System,2,Procurement Admin,All,"23034004"
zRattapolS,Procurement Assistant System,2,Procurement Admin,All,"23035001"
zRattapolS,Procurement Assistant System,2,Procurement Admin,All,"23035003"
zRattapolS,Procurement Assistant System,2,Procurement Admin,All,"23038001"
zRattapolS,Procurement Assistant System,2,Procurement Admin,All,"23038002"
zRattapolS,Procurement Assistant System,2,Procurement Admin,All,"23038003"
zRattapolS,Procurement Assistant System,2,Procurement Admin,All,"23039001"
zRattapolS,Procurement Assistant System,2,Procurement Admin,All,"23039003"
zRattapolS,Procurement Assistant System,2,Procurement Admin,All,"26061001"
zRattapolS,Procurement Assistant System,2,Procurement Admin,All,"26061002"
zRattapolS,Procurement Assistant System,2,Procurement Admin,All,"26061003"
zRattapolS,Procurement Assistant System,2,Procurement Admin,All,"30100101"
zRattapolS,Procurement Assistant System,2,Procurement Admin,All,"30100202"
zRattapolS,Procurement Assistant System,2,Procurement Admin,All,"30200202"
zRattapolS,Procurement Assistant System,2,Procurement Admin,All,"30300301"
zRattapolS,Procurement Assistant System,2,Procurement Admin,All,"30300303"
zRattapolS,Procurement Assistant System,2,Procurement Admin,All,"30300304"
zRattapolS,Procurement Assistant System,2,Procurement Admin,All,"30300305"
zRattapolS,Procurement Assistant System,2,Procurement Admin,All,"30300508"
zRattapolS,Procurement Assistant System,2,Procurement Admin,All,"30300509"
zRattapolS,Procurement Assistant System,2,Procurement Admin,All,"30300701"
zRattapolS,Procurement Assistant System,2,Procurement Admin,All,"30400403"
zRattapolS,Procurement Assistant System,2,Procurement Admin,All,"30400406"
zRattapolS,Procurement Assistant System,2,Procurement Admin,All,"30400407"
zRattapolS,Procurement Assistant System,2,Procurement Admin,All,"30400508"
zRattapolS,Procurement Assistant System,2,Procurement Admin,All,"30400509"
zRattapolS,Procurement Assistant System,2,Procurement Admin,All,"30400701"
zRattapolS,Procurement Assistant System,2,Procurement Admin,All,"30400702"
zRattapolS,Procurement Assistant System,2,Procurement Admin,All,"30400703"
zRattapolS,Procurement Assistant System,2,Procurement Admin,All,"30400704"
zRattapolS,Procurement Assistant System,2,Procurement Admin,All,"30500601"
zRattapolS,Procurement Assistant System,2,Procurement Admin,All,"30500603"
zRattapolS,Procurement Assistant System,2,Procurement Admin,All,"30600101"
zRattapolS,Procurement Assistant System,2,Procurement Admin,All,"90100101"
zRattapolS,Procurement Assistant System,2,Procurement Admin,All,"90100202"
zRattapolS,Procurement Assistant System,2,Procurement Admin,All,"90200202"
zRattapolS,Procurement Assistant System,2,Procurement Admin,All,"90300301"
zRattapolS,Procurement Assistant System,2,Procurement Admin,All,"90300303"
zRattapolS,Procurement Assistant System,2,Procurement Admin,All,"90300304"
zRattapolS,Procurement Assistant System,2,Procurement Admin,All,"90400403"
zRattapolS,Procurement Assistant System,2,Procurement Admin,All,"90500101"
zRattapolS,Procurement Assistant System,2,Procurement Admin,All,"90500201"
zRattapolS,Procurement Assistant System,2,Procurement Admin,All,"90600202"
zRattapolS,Procurement Assistant System,2,Procurement Admin,All,"90700301"
zRattapolS,Procurement Assistant System,2,Procurement Admin,All,"90700303"
zRattapolS,Procurement Assistant System,2,Procurement Admin,All,"90700304"
zRattapolS,Procurement Assistant System,2,Procurement Admin,All,"90800403"
zRattapolS,Procurement Assistant System,2,Procurement Admin,All,"90900501"
zRattapolS,Procurement Assistant System,2,Procurement Admin,All,"90900502"
zRattapolS,Procurement Assistant System,2,Procurement Admin,All,"90900503"
zRattapolS,Procurement Assistant System,2,Procurement Admin,All,"90900510"
zRattapolS,Procurement Assistant System,2,Procurement Admin,All,"91000601"
zRattapolS,Procurement Assistant System,2,Procurement Admin,All,"91000602"
zRattapolS,Procurement Assistant System,2,Procurement Admin,All,"91000603"
zRattapolS,Procurement Assistant System,2,Procurement Admin,All,"91100701"
zRattapolS,Procurement Assistant System,2,Procurement Admin,All,"91200801"
zRattapolS,Procurement Assistant System,2,Procurement Admin,All,"91200803"
zRattapolS,Procurement Assistant System,2,Procurement Admin,All,"91300903"
zRattapolS,Procurement Assistant System,2,Procurement Admin,All,"91401001"
zRattapolS,Procurement Assistant System,2,Procurement Admin,All,"91501101"
zRattapolS,Procurement Assistant System,2,Procurement Admin,All,"91601205"
zRattapolS,Procurement Assistant System,2,Procurement Admin,All,"91701301"
zRattapolS,Procurement Assistant System,2,Procurement Admin,All,"91701305"
zRattapolS,Procurement Assistant System,2,Procurement Admin,All,"91801401"
zRattapolS,Procurement Assistant System,2,Procurement Admin,All,"91801501"
zRattapolS,Procurement Assistant System,2,Procurement Admin,All,"91801601"
zRattapolS,Procurement Assistant System,5,Procurement VP,Specific,"30100101"
zRattapolS,Procurement Assistant System,5,Procurement VP,Specific,"30300301"
zRattapolS,Procurement Assistant System,5,Procurement VP,Specific,"30500601"
zRattapolS,Procurement Assistant System,5,Procurement VP,Specific,"30600101"
zSaksiriJ,APP System,10,AdminBB_Support,all,"1011001"
zSaksiriJ,APP System,10,AdminBB_Support,all,"1011003"
zSaksiriJ,APP System,10,AdminBB_Support,all,"1011005"
zSaksiriJ,APP System,10,AdminBB_Support,all,"1011006"
zSaksiriJ,APP System,10,AdminBB_Support,all,"1011008"
zSaksiriJ,APP System,10,AdminBB_Support,all,"1011011"
zSaksiriJ,APP System,10,AdminBB_Support,all,"1011012"
zSaksiriJ,APP System,10,AdminBB_Support,all,"1012002"
zSaksiriJ,APP System,10,AdminBB_Support,all,"1013010"
zSaksiriJ,APP System,10,AdminBB_Support,all,"1014001"
zSaksiriJ,APP System,10,AdminBB_Support,all,"1014002"
zSaksiriJ,APP System,10,AdminBB_Support,all,"1014003"
zSaksiriJ,APP System,10,AdminBB_Support,all,"1014005"
zSaksiriJ,APP System,10,AdminBB_Support,all,"1014007"
zSaksiriJ,APP System,10,AdminBB_Support,all,"1014008"
zSaksiriJ,APP System,10,AdminBB_Support,all,"2021001"
zSaksiriJ,APP System,10,AdminBB_Support,all,"2021005"
zSaksiriJ,APP System,10,AdminBB_Support,all,"2021009"
zSaksiriJ,APP System,10,AdminBB_Support,all,"2022001"
zSaksiriJ,APP System,10,AdminBB_Support,all,"2022005"
zSaksiriJ,APP System,10,AdminBB_Support,all,"2022009"
zSaksiriJ,APP System,10,AdminBB_Support,all,"2023001"
zSaksiriJ,APP System,10,AdminBB_Support,all,"2023005"
zSaksiriJ,APP System,10,AdminBB_Support,all,"2024001"
zSaksiriJ,APP System,10,AdminBB_Support,all,"2024005"
zSaksiriJ,APP System,10,AdminBB_Support,all,"2025001"
zSaksiriJ,APP System,10,AdminBB_Support,all,"2025005"
zSaksiriJ,APP System,10,AdminBB_Support,all,"3031001"
zSaksiriJ,APP System,10,AdminBB_Support,all,"3031003"
zSaksiriJ,APP System,10,AdminBB_Support,all,"3032001"
zSaksiriJ,APP System,10,AdminBB_Support,all,"3032002"
zSaksiriJ,APP System,10,AdminBB_Support,all,"3032003"
zSaksiriJ,APP System,10,AdminBB_Support,all,"3033001"
zSaksiriJ,APP System,10,AdminBB_Support,all,"3033003"
zSaksiriJ,APP System,10,AdminBB_Support,all,"3034001"
zSaksiriJ,APP System,10,AdminBB_Support,all,"3034002"
zSaksiriJ,APP System,10,AdminBB_Support,all,"3034003"
zSaksiriJ,APP System,10,AdminBB_Support,all,"3034004"
zSaksiriJ,APP System,10,AdminBB_Support,all,"3035001"
zSaksiriJ,APP System,10,AdminBB_Support,all,"3035003"
zSaksiriJ,APP System,10,AdminBB_Support,all,"3036001"
zSaksiriJ,APP System,10,AdminBB_Support,all,"3036002"
zSaksiriJ,APP System,10,AdminBB_Support,all,"3036003"
zSaksiriJ,APP System,10,AdminBB_Support,all,"3036010"
zSaksiriJ,APP System,10,AdminBB_Support,all,"3037001"
zSaksiriJ,APP System,10,AdminBB_Support,all,"3037002"
zSaksiriJ,APP System,10,AdminBB_Support,all,"3037003"
zSaksiriJ,APP System,10,AdminBB_Support,all,"4041001"
zSaksiriJ,APP System,10,AdminBB_Support,all,"4041002"
zSaksiriJ,APP System,10,AdminBB_Support,all,"4041003"
zSaksiriJ,APP System,10,AdminBB_Support,all,"4041004"
zSaksiriJ,APP System,10,AdminBB_Support,all,"4042001"
zSaksiriJ,APP System,10,AdminBB_Support,all,"4042002"
zSaksiriJ,APP System,10,AdminBB_Support,all,"4042003"
zSaksiriJ,APP System,10,AdminBB_Support,all,"4042004"
zSaksiriJ,APP System,10,AdminBB_Support,all,"5051001"
zSaksiriJ,APP System,10,AdminBB_Support,all,"5051005"
zSaksiriJ,APP System,10,AdminBB_Support,all,"5052001"
zSaksiriJ,APP System,10,AdminBB_Support,all,"5052005"
zSaksiriJ,Procurement Assistant System,2,Procurement Admin,All,"11011001"
zSaksiriJ,Procurement Assistant System,2,Procurement Admin,All,"11011003"
zSaksiriJ,Procurement Assistant System,2,Procurement Admin,All,"11011005"
zSaksiriJ,Procurement Assistant System,2,Procurement Admin,All,"11011006"
zSaksiriJ,Procurement Assistant System,2,Procurement Admin,All,"11011007"
zSaksiriJ,Procurement Assistant System,2,Procurement Admin,All,"11012001"
zSaksiriJ,Procurement Assistant System,2,Procurement Admin,All,"11012002"
zSaksiriJ,Procurement Assistant System,2,Procurement Admin,All,"11013001"
zSaksiriJ,Procurement Assistant System,2,Procurement Admin,All,"11013003"
zSaksiriJ,Procurement Assistant System,2,Procurement Admin,All,"11013005"
zSaksiriJ,Procurement Assistant System,2,Procurement Admin,All,"11013006"
zSaksiriJ,Procurement Assistant System,2,Procurement Admin,All,"11013007"
zSaksiriJ,Procurement Assistant System,2,Procurement Admin,All,"11014001"
zSaksiriJ,Procurement Assistant System,2,Procurement Admin,All,"11014005"
zSaksiriJ,Procurement Assistant System,2,Procurement Admin,All,"12021001"
zSaksiriJ,Procurement Assistant System,2,Procurement Admin,All,"12021003"
zSaksiriJ,Procurement Assistant System,2,Procurement Admin,All,"12022001"
zSaksiriJ,Procurement Assistant System,2,Procurement Admin,All,"12022002"
zSaksiriJ,Procurement Assistant System,2,Procurement Admin,All,"12022003"
zSaksiriJ,Procurement Assistant System,2,Procurement Admin,All,"12023001"
zSaksiriJ,Procurement Assistant System,2,Procurement Admin,All,"12023002"
zSaksiriJ,Procurement Assistant System,2,Procurement Admin,All,"12023003"
zSaksiriJ,Procurement Assistant System,2,Procurement Admin,All,"12023004"
zSaksiriJ,Procurement Assistant System,2,Procurement Admin,All,"12024001"
zSaksiriJ,Procurement Assistant System,2,Procurement Admin,All,"12024002"
zSaksiriJ,Procurement Assistant System,2,Procurement Admin,All,"12024003"
zSaksiriJ,Procurement Assistant System,2,Procurement Admin,All,"12024004"
zSaksiriJ,Procurement Assistant System,2,Procurement Admin,All,"12025001"
zSaksiriJ,Procurement Assistant System,2,Procurement Admin,All,"12025002"
zSaksiriJ,Procurement Assistant System,2,Procurement Admin,All,"12025003"
zSaksiriJ,Procurement Assistant System,2,Procurement Admin,All,"12025004"
zSaksiriJ,Procurement Assistant System,2,Procurement Admin,All,"15051001"
zSaksiriJ,Procurement Assistant System,2,Procurement Admin,All,"15051003"
zSaksiriJ,Procurement Assistant System,2,Procurement Admin,All,"21011001"
zSaksiriJ,Procurement Assistant System,2,Procurement Admin,All,"21011003"
zSaksiriJ,Procurement Assistant System,2,Procurement Admin,All,"21011005"
zSaksiriJ,Procurement Assistant System,2,Procurement Admin,All,"21012002"
zSaksiriJ,Procurement Assistant System,2,Procurement Admin,All,"21012006"
zSaksiriJ,Procurement Assistant System,2,Procurement Admin,All,"21012008"
zSaksiriJ,Procurement Assistant System,2,Procurement Admin,All,"21012011"
zSaksiriJ,Procurement Assistant System,2,Procurement Admin,All,"21012012"
zSaksiriJ,Procurement Assistant System,2,Procurement Admin,All,"21012013"
zSaksiriJ,Procurement Assistant System,2,Procurement Admin,All,"21013010"
zSaksiriJ,Procurement Assistant System,2,Procurement Admin,All,"21014001"
zSaksiriJ,Procurement Assistant System,2,Procurement Admin,All,"21014002"
zSaksiriJ,Procurement Assistant System,2,Procurement Admin,All,"21014003"
zSaksiriJ,Procurement Assistant System,2,Procurement Admin,All,"21014005"
zSaksiriJ,Procurement Assistant System,2,Procurement Admin,All,"21014007"
zSaksiriJ,Procurement Assistant System,2,Procurement Admin,All,"21014008"
zSaksiriJ,Procurement Assistant System,2,Procurement Admin,All,"22021001"
zSaksiriJ,Procurement Assistant System,2,Procurement Admin,All,"22021005"
zSaksiriJ,Procurement Assistant System,2,Procurement Admin,All,"22021009"
zSaksiriJ,Procurement Assistant System,2,Procurement Admin,All,"22022001"
zSaksiriJ,Procurement Assistant System,2,Procurement Admin,All,"22022005"
zSaksiriJ,Procurement Assistant System,2,Procurement Admin,All,"22022009"
zSaksiriJ,Procurement Assistant System,2,Procurement Admin,All,"22023001"
zSaksiriJ,Procurement Assistant System,2,Procurement Admin,All,"22023005"
zSaksiriJ,Procurement Assistant System,2,Procurement Admin,All,"22024001"
zSaksiriJ,Procurement Assistant System,2,Procurement Admin,All,"22024005"
zSaksiriJ,Procurement Assistant System,2,Procurement Admin,All,"22025001"
zSaksiriJ,Procurement Assistant System,2,Procurement Admin,All,"22025005"
zSaksiriJ,Procurement Assistant System,2,Procurement Admin,All,"23031001"
zSaksiriJ,Procurement Assistant System,2,Procurement Admin,All,"23031003"
zSaksiriJ,Procurement Assistant System,2,Procurement Admin,All,"23032001"
zSaksiriJ,Procurement Assistant System,2,Procurement Admin,All,"23032002"
zSaksiriJ,Procurement Assistant System,2,Procurement Admin,All,"23032003"
zSaksiriJ,Procurement Assistant System,2,Procurement Admin,All,"23033001"
zSaksiriJ,Procurement Assistant System,2,Procurement Admin,All,"23033003"
zSaksiriJ,Procurement Assistant System,2,Procurement Admin,All,"23034001"
zSaksiriJ,Procurement Assistant System,2,Procurement Admin,All,"23034002"
zSaksiriJ,Procurement Assistant System,2,Procurement Admin,All,"23034003"
zSaksiriJ,Procurement Assistant System,2,Procurement Admin,All,"23034004"
zSaksiriJ,Procurement Assistant System,2,Procurement Admin,All,"23035001"
zSaksiriJ,Procurement Assistant System,2,Procurement Admin,All,"23035003"
zSaksiriJ,Procurement Assistant System,2,Procurement Admin,All,"23038001"
zSaksiriJ,Procurement Assistant System,2,Procurement Admin,All,"23038002"
zSaksiriJ,Procurement Assistant System,2,Procurement Admin,All,"23038003"
zSaksiriJ,Procurement Assistant System,2,Procurement Admin,All,"23039001"
zSaksiriJ,Procurement Assistant System,2,Procurement Admin,All,"23039003"
zSaksiriJ,Procurement Assistant System,2,Procurement Admin,All,"26061001"
zSaksiriJ,Procurement Assistant System,2,Procurement Admin,All,"26061002"
zSaksiriJ,Procurement Assistant System,2,Procurement Admin,All,"26061003"
zSaksiriJ,Procurement Assistant System,2,Procurement Admin,All,"30100101"
zSaksiriJ,Procurement Assistant System,2,Procurement Admin,All,"30100202"
zSaksiriJ,Procurement Assistant System,2,Procurement Admin,All,"30200202"
zSaksiriJ,Procurement Assistant System,2,Procurement Admin,All,"30300301"
zSaksiriJ,Procurement Assistant System,2,Procurement Admin,All,"30300303"
zSaksiriJ,Procurement Assistant System,2,Procurement Admin,All,"30300304"
zSaksiriJ,Procurement Assistant System,2,Procurement Admin,All,"30300305"
zSaksiriJ,Procurement Assistant System,2,Procurement Admin,All,"30300508"
zSaksiriJ,Procurement Assistant System,2,Procurement Admin,All,"30300509"
zSaksiriJ,Procurement Assistant System,2,Procurement Admin,All,"30300701"
zSaksiriJ,Procurement Assistant System,2,Procurement Admin,All,"30400403"
zSaksiriJ,Procurement Assistant System,2,Procurement Admin,All,"30400406"
zSaksiriJ,Procurement Assistant System,2,Procurement Admin,All,"30400407"
zSaksiriJ,Procurement Assistant System,2,Procurement Admin,All,"30400508"
zSaksiriJ,Procurement Assistant System,2,Procurement Admin,All,"30400509"
zSaksiriJ,Procurement Assistant System,2,Procurement Admin,All,"30400701"
zSaksiriJ,Procurement Assistant System,2,Procurement Admin,All,"30400702"
zSaksiriJ,Procurement Assistant System,2,Procurement Admin,All,"30400703"
zSaksiriJ,Procurement Assistant System,2,Procurement Admin,All,"30400704"
zSaksiriJ,Procurement Assistant System,2,Procurement Admin,All,"30500601"
zSaksiriJ,Procurement Assistant System,2,Procurement Admin,All,"30500603"
zSaksiriJ,Procurement Assistant System,2,Procurement Admin,All,"30600101"
zSaksiriJ,Procurement Assistant System,2,Procurement Admin,All,"90100101"
zSaksiriJ,Procurement Assistant System,2,Procurement Admin,All,"90100202"
zSaksiriJ,Procurement Assistant System,2,Procurement Admin,All,"90200202"
zSaksiriJ,Procurement Assistant System,2,Procurement Admin,All,"90300301"
zSaksiriJ,Procurement Assistant System,2,Procurement Admin,All,"90300303"
zSaksiriJ,Procurement Assistant System,2,Procurement Admin,All,"90300304"
zSaksiriJ,Procurement Assistant System,2,Procurement Admin,All,"90400403"
zSaksiriJ,Procurement Assistant System,2,Procurement Admin,All,"90500101"
zSaksiriJ,Procurement Assistant System,2,Procurement Admin,All,"90500201"
zSaksiriJ,Procurement Assistant System,2,Procurement Admin,All,"90600202"
zSaksiriJ,Procurement Assistant System,2,Procurement Admin,All,"90700301"
zSaksiriJ,Procurement Assistant System,2,Procurement Admin,All,"90700303"
zSaksiriJ,Procurement Assistant System,2,Procurement Admin,All,"90700304"
zSaksiriJ,Procurement Assistant System,2,Procurement Admin,All,"90800403"
zSaksiriJ,Procurement Assistant System,2,Procurement Admin,All,"90900501"
zSaksiriJ,Procurement Assistant System,2,Procurement Admin,All,"90900502"
zSaksiriJ,Procurement Assistant System,2,Procurement Admin,All,"90900503"
zSaksiriJ,Procurement Assistant System,2,Procurement Admin,All,"90900510"
zSaksiriJ,Procurement Assistant System,2,Procurement Admin,All,"91000601"
zSaksiriJ,Procurement Assistant System,2,Procurement Admin,All,"91000602"
zSaksiriJ,Procurement Assistant System,2,Procurement Admin,All,"91000603"
zSaksiriJ,Procurement Assistant System,2,Procurement Admin,All,"91100701"
zSaksiriJ,Procurement Assistant System,2,Procurement Admin,All,"91200801"
zSaksiriJ,Procurement Assistant System,2,Procurement Admin,All,"91200803"
zSaksiriJ,Procurement Assistant System,2,Procurement Admin,All,"91300903"
zSaksiriJ,Procurement Assistant System,2,Procurement Admin,All,"91401001"
zSaksiriJ,Procurement Assistant System,2,Procurement Admin,All,"91501101"
zSaksiriJ,Procurement Assistant System,2,Procurement Admin,All,"91601205"
zSaksiriJ,Procurement Assistant System,2,Procurement Admin,All,"91701301"
zSaksiriJ,Procurement Assistant System,2,Procurement Admin,All,"91701305"
zSaksiriJ,Procurement Assistant System,2,Procurement Admin,All,"91801401"
zSaksiriJ,Procurement Assistant System,2,Procurement Admin,All,"91801501"
zSaksiriJ,Procurement Assistant System,2,Procurement Admin,All,"91801601"
zSaksiriJ,Reference Price System,1,Admin,Admin,"101101"
zSaksiriJ,Reference Price System,1,Admin,Admin,"101103"
zSaksiriJ,Reference Price System,1,Admin,Admin,"101105"
zSaksiriJ,Reference Price System,1,Admin,Admin,"101106"
zSaksiriJ,Reference Price System,1,Admin,Admin,"101107"
zSaksiriJ,Reference Price System,1,Admin,Admin,"101201"
zSaksiriJ,Reference Price System,1,Admin,Admin,"101202"
zSaksiriJ,Reference Price System,1,Admin,Admin,"101301"
zSaksiriJ,Reference Price System,1,Admin,Admin,"101303"
zSaksiriJ,Reference Price System,1,Admin,Admin,"101305"
zSaksiriJ,Reference Price System,1,Admin,Admin,"101306"
zSaksiriJ,Reference Price System,1,Admin,Admin,"101307"
zSaksiriJ,Reference Price System,1,Admin,Admin,"101401"
zSaksiriJ,Reference Price System,1,Admin,Admin,"101405"
zSaksiriJ,Reference Price System,1,Admin,Admin,"202101"
zSaksiriJ,Reference Price System,1,Admin,Admin,"202103"
zSaksiriJ,Reference Price System,1,Admin,Admin,"202201"
zSaksiriJ,Reference Price System,1,Admin,Admin,"202202"
zSaksiriJ,Reference Price System,1,Admin,Admin,"202203"
zSaksiriJ,Reference Price System,1,Admin,Admin,"202301"
zSaksiriJ,Reference Price System,1,Admin,Admin,"202302"
zSaksiriJ,Reference Price System,1,Admin,Admin,"202303"
zSaksiriJ,Reference Price System,1,Admin,Admin,"202304"
zSaksiriJ,Reference Price System,1,Admin,Admin,"202401"
zSaksiriJ,Reference Price System,1,Admin,Admin,"202402"
zSaksiriJ,Reference Price System,1,Admin,Admin,"202403"
zSaksiriJ,Reference Price System,1,Admin,Admin,"202404"
zSaksiriJ,Reference Price System,1,Admin,Admin,"202501"
zSaksiriJ,Reference Price System,1,Admin,Admin,"202502"
zSaksiriJ,Reference Price System,1,Admin,Admin,"202503"
zSaksiriJ,Reference Price System,1,Admin,Admin,"202504"
zSaksiriJ,Reference Price System,1,Admin,Admin,"303101"
zSaksiriJ,Reference Price System,1,Admin,Admin,"303102"
zSaksiriJ,Reference Price System,1,Admin,Admin,"303103"
zSaksiriJ,Reference Price System,1,Admin,Admin,"303104"
zSaksiriJ,Reference Price System,1,Admin,Admin,"303201"
zSaksiriJ,Reference Price System,1,Admin,Admin,"303202"
zSaksiriJ,Reference Price System,1,Admin,Admin,"303203"
zSaksiriJ,Reference Price System,1,Admin,Admin,"303204"
zSaksiriJ,Reference Price System,1,Admin,Admin,"404101"
zSaksiriJ,Reference Price System,1,Admin,Admin,"404201"
zSaksiriJ,Reference Price System,1,Admin,Admin,"404301"
zSaksiriJ,Reference Price System,1,Admin,Admin,"404401"
zSasithornK,APP System,10,AdminBB_Support,all,"1011001"
zSasithornK,APP System,10,AdminBB_Support,all,"1011003"
zSasithornK,APP System,10,AdminBB_Support,all,"1011005"
zSasithornK,APP System,10,AdminBB_Support,all,"1011006"
zSasithornK,APP System,10,AdminBB_Support,all,"1011008"
zSasithornK,APP System,10,AdminBB_Support,all,"1011011"
zSasithornK,APP System,10,AdminBB_Support,all,"1011012"
zSasithornK,APP System,10,AdminBB_Support,all,"1012002"
zSasithornK,APP System,10,AdminBB_Support,all,"1013010"
zSasithornK,APP System,10,AdminBB_Support,all,"1014001"
zSasithornK,APP System,10,AdminBB_Support,all,"1014002"
zSasithornK,APP System,10,AdminBB_Support,all,"1014003"
zSasithornK,APP System,10,AdminBB_Support,all,"1014005"
zSasithornK,APP System,10,AdminBB_Support,all,"1014007"
zSasithornK,APP System,10,AdminBB_Support,all,"1014008"
zSasithornK,APP System,10,AdminBB_Support,all,"2021001"
zSasithornK,APP System,10,AdminBB_Support,all,"2021005"
zSasithornK,APP System,10,AdminBB_Support,all,"2021009"
zSasithornK,APP System,10,AdminBB_Support,all,"2022001"
zSasithornK,APP System,10,AdminBB_Support,all,"2022005"
zSasithornK,APP System,10,AdminBB_Support,all,"2022009"
zSasithornK,APP System,10,AdminBB_Support,all,"2023001"
zSasithornK,APP System,10,AdminBB_Support,all,"2023005"
zSasithornK,APP System,10,AdminBB_Support,all,"2024001"
zSasithornK,APP System,10,AdminBB_Support,all,"2024005"
zSasithornK,APP System,10,AdminBB_Support,all,"2025001"
zSasithornK,APP System,10,AdminBB_Support,all,"2025005"
zSasithornK,APP System,10,AdminBB_Support,all,"3031001"
zSasithornK,APP System,10,AdminBB_Support,all,"3031003"
zSasithornK,APP System,10,AdminBB_Support,all,"3032001"
zSasithornK,APP System,10,AdminBB_Support,all,"3032002"
zSasithornK,APP System,10,AdminBB_Support,all,"3032003"
zSasithornK,APP System,10,AdminBB_Support,all,"3033001"
zSasithornK,APP System,10,AdminBB_Support,all,"3033003"
zSasithornK,APP System,10,AdminBB_Support,all,"3034001"
zSasithornK,APP System,10,AdminBB_Support,all,"3034002"
zSasithornK,APP System,10,AdminBB_Support,all,"3034003"
zSasithornK,APP System,10,AdminBB_Support,all,"3034004"
zSasithornK,APP System,10,AdminBB_Support,all,"3035001"
zSasithornK,APP System,10,AdminBB_Support,all,"3035003"
zSasithornK,APP System,10,AdminBB_Support,all,"3036001"
zSasithornK,APP System,10,AdminBB_Support,all,"3036002"
zSasithornK,APP System,10,AdminBB_Support,all,"3036003"
zSasithornK,APP System,10,AdminBB_Support,all,"3036010"
zSasithornK,APP System,10,AdminBB_Support,all,"3037001"
zSasithornK,APP System,10,AdminBB_Support,all,"3037002"
zSasithornK,APP System,10,AdminBB_Support,all,"3037003"
zSasithornK,APP System,10,AdminBB_Support,all,"4041001"
zSasithornK,APP System,10,AdminBB_Support,all,"4041002"
zSasithornK,APP System,10,AdminBB_Support,all,"4041003"
zSasithornK,APP System,10,AdminBB_Support,all,"4041004"
zSasithornK,APP System,10,AdminBB_Support,all,"4042001"
zSasithornK,APP System,10,AdminBB_Support,all,"4042002"
zSasithornK,APP System,10,AdminBB_Support,all,"4042003"
zSasithornK,APP System,10,AdminBB_Support,all,"4042004"
zSasithornK,APP System,10,AdminBB_Support,all,"5051001"
zSasithornK,APP System,10,AdminBB_Support,all,"5051005"
zSasithornK,APP System,10,AdminBB_Support,all,"5052001"
zSasithornK,APP System,10,AdminBB_Support,all,"5052005"
zSasithornK,Procurement Assistant System,2,Procurement Admin,All,"11011001"
zSasithornK,Procurement Assistant System,2,Procurement Admin,All,"11011003"
zSasithornK,Procurement Assistant System,2,Procurement Admin,All,"11011005"
zSasithornK,Procurement Assistant System,2,Procurement Admin,All,"11011006"
zSasithornK,Procurement Assistant System,2,Procurement Admin,All,"11011007"
zSasithornK,Procurement Assistant System,2,Procurement Admin,All,"11012001"
zSasithornK,Procurement Assistant System,2,Procurement Admin,All,"11012002"
zSasithornK,Procurement Assistant System,2,Procurement Admin,All,"11013001"
zSasithornK,Procurement Assistant System,2,Procurement Admin,All,"11013003"
zSasithornK,Procurement Assistant System,2,Procurement Admin,All,"11013005"
zSasithornK,Procurement Assistant System,2,Procurement Admin,All,"11013006"
zSasithornK,Procurement Assistant System,2,Procurement Admin,All,"11013007"
zSasithornK,Procurement Assistant System,2,Procurement Admin,All,"11014001"
zSasithornK,Procurement Assistant System,2,Procurement Admin,All,"11014005"
zSasithornK,Procurement Assistant System,2,Procurement Admin,All,"12021001"
zSasithornK,Procurement Assistant System,2,Procurement Admin,All,"12021003"
zSasithornK,Procurement Assistant System,2,Procurement Admin,All,"12022001"
zSasithornK,Procurement Assistant System,2,Procurement Admin,All,"12022002"
zSasithornK,Procurement Assistant System,2,Procurement Admin,All,"12022003"
zSasithornK,Procurement Assistant System,2,Procurement Admin,All,"12023001"
zSasithornK,Procurement Assistant System,2,Procurement Admin,All,"12023002"
zSasithornK,Procurement Assistant System,2,Procurement Admin,All,"12023003"
zSasithornK,Procurement Assistant System,2,Procurement Admin,All,"12023004"
zSasithornK,Procurement Assistant System,2,Procurement Admin,All,"12024001"
zSasithornK,Procurement Assistant System,2,Procurement Admin,All,"12024002"
zSasithornK,Procurement Assistant System,2,Procurement Admin,All,"12024003"
zSasithornK,Procurement Assistant System,2,Procurement Admin,All,"12024004"
zSasithornK,Procurement Assistant System,2,Procurement Admin,All,"12025001"
zSasithornK,Procurement Assistant System,2,Procurement Admin,All,"12025002"
zSasithornK,Procurement Assistant System,2,Procurement Admin,All,"12025003"
zSasithornK,Procurement Assistant System,2,Procurement Admin,All,"12025004"
zSasithornK,Procurement Assistant System,2,Procurement Admin,All,"15051001"
zSasithornK,Procurement Assistant System,2,Procurement Admin,All,"15051003"
zSasithornK,Procurement Assistant System,2,Procurement Admin,All,"21011001"
zSasithornK,Procurement Assistant System,2,Procurement Admin,All,"21011003"
zSasithornK,Procurement Assistant System,2,Procurement Admin,All,"21011005"
zSasithornK,Procurement Assistant System,2,Procurement Admin,All,"21012002"
zSasithornK,Procurement Assistant System,2,Procurement Admin,All,"21012006"
zSasithornK,Procurement Assistant System,2,Procurement Admin,All,"21012008"
zSasithornK,Procurement Assistant System,2,Procurement Admin,All,"21012011"
zSasithornK,Procurement Assistant System,2,Procurement Admin,All,"21012012"
zSasithornK,Procurement Assistant System,2,Procurement Admin,All,"21012013"
zSasithornK,Procurement Assistant System,2,Procurement Admin,All,"21013010"
zSasithornK,Procurement Assistant System,2,Procurement Admin,All,"21014001"
zSasithornK,Procurement Assistant System,2,Procurement Admin,All,"21014002"
zSasithornK,Procurement Assistant System,2,Procurement Admin,All,"21014003"
zSasithornK,Procurement Assistant System,2,Procurement Admin,All,"21014005"
zSasithornK,Procurement Assistant System,2,Procurement Admin,All,"21014007"
zSasithornK,Procurement Assistant System,2,Procurement Admin,All,"21014008"
zSasithornK,Procurement Assistant System,2,Procurement Admin,All,"22021001"
zSasithornK,Procurement Assistant System,2,Procurement Admin,All,"22021005"
zSasithornK,Procurement Assistant System,2,Procurement Admin,All,"22021009"
zSasithornK,Procurement Assistant System,2,Procurement Admin,All,"22022001"
zSasithornK,Procurement Assistant System,2,Procurement Admin,All,"22022005"
zSasithornK,Procurement Assistant System,2,Procurement Admin,All,"22022009"
zSasithornK,Procurement Assistant System,2,Procurement Admin,All,"22023001"
zSasithornK,Procurement Assistant System,2,Procurement Admin,All,"22023005"
zSasithornK,Procurement Assistant System,2,Procurement Admin,All,"22024001"
zSasithornK,Procurement Assistant System,2,Procurement Admin,All,"22024005"
zSasithornK,Procurement Assistant System,2,Procurement Admin,All,"22025001"
zSasithornK,Procurement Assistant System,2,Procurement Admin,All,"22025005"
zSasithornK,Procurement Assistant System,2,Procurement Admin,All,"23031001"
zSasithornK,Procurement Assistant System,2,Procurement Admin,All,"23031003"
zSasithornK,Procurement Assistant System,2,Procurement Admin,All,"23032001"
zSasithornK,Procurement Assistant System,2,Procurement Admin,All,"23032002"
zSasithornK,Procurement Assistant System,2,Procurement Admin,All,"23032003"
zSasithornK,Procurement Assistant System,2,Procurement Admin,All,"23033001"
zSasithornK,Procurement Assistant System,2,Procurement Admin,All,"23033003"
zSasithornK,Procurement Assistant System,2,Procurement Admin,All,"23034001"
zSasithornK,Procurement Assistant System,2,Procurement Admin,All,"23034002"
zSasithornK,Procurement Assistant System,2,Procurement Admin,All,"23034003"
zSasithornK,Procurement Assistant System,2,Procurement Admin,All,"23034004"
zSasithornK,Procurement Assistant System,2,Procurement Admin,All,"23035001"
zSasithornK,Procurement Assistant System,2,Procurement Admin,All,"23035003"
zSasithornK,Procurement Assistant System,2,Procurement Admin,All,"23038001"
zSasithornK,Procurement Assistant System,2,Procurement Admin,All,"23038002"
zSasithornK,Procurement Assistant System,2,Procurement Admin,All,"23038003"
zSasithornK,Procurement Assistant System,2,Procurement Admin,All,"23039001"
zSasithornK,Procurement Assistant System,2,Procurement Admin,All,"23039003"
zSasithornK,Procurement Assistant System,2,Procurement Admin,All,"26061001"
zSasithornK,Procurement Assistant System,2,Procurement Admin,All,"26061002"
zSasithornK,Procurement Assistant System,2,Procurement Admin,All,"26061003"
zSasithornK,Procurement Assistant System,2,Procurement Admin,All,"30100101"
zSasithornK,Procurement Assistant System,2,Procurement Admin,All,"30100202"
zSasithornK,Procurement Assistant System,2,Procurement Admin,All,"30200202"
zSasithornK,Procurement Assistant System,2,Procurement Admin,All,"30300301"
zSasithornK,Procurement Assistant System,2,Procurement Admin,All,"30300303"
zSasithornK,Procurement Assistant System,2,Procurement Admin,All,"30300304"
zSasithornK,Procurement Assistant System,2,Procurement Admin,All,"30300305"
zSasithornK,Procurement Assistant System,2,Procurement Admin,All,"30300508"
zSasithornK,Procurement Assistant System,2,Procurement Admin,All,"30300509"
zSasithornK,Procurement Assistant System,2,Procurement Admin,All,"30300701"
zSasithornK,Procurement Assistant System,2,Procurement Admin,All,"30400403"
zSasithornK,Procurement Assistant System,2,Procurement Admin,All,"30400406"
zSasithornK,Procurement Assistant System,2,Procurement Admin,All,"30400407"
zSasithornK,Procurement Assistant System,2,Procurement Admin,All,"30400508"
zSasithornK,Procurement Assistant System,2,Procurement Admin,All,"30400509"
zSasithornK,Procurement Assistant System,2,Procurement Admin,All,"30400701"
zSasithornK,Procurement Assistant System,2,Procurement Admin,All,"30400702"
zSasithornK,Procurement Assistant System,2,Procurement Admin,All,"30400703"
zSasithornK,Procurement Assistant System,2,Procurement Admin,All,"30400704"
zSasithornK,Procurement Assistant System,2,Procurement Admin,All,"30500601"
zSasithornK,Procurement Assistant System,2,Procurement Admin,All,"30500603"
zSasithornK,Procurement Assistant System,2,Procurement Admin,All,"30600101"
zSasithornK,Procurement Assistant System,2,Procurement Admin,All,"90100101"
zSasithornK,Procurement Assistant System,2,Procurement Admin,All,"90100202"
zSasithornK,Procurement Assistant System,2,Procurement Admin,All,"90200202"
zSasithornK,Procurement Assistant System,2,Procurement Admin,All,"90300301"
zSasithornK,Procurement Assistant System,2,Procurement Admin,All,"90300303"
zSasithornK,Procurement Assistant System,2,Procurement Admin,All,"90300304"
zSasithornK,Procurement Assistant System,2,Procurement Admin,All,"90400403"
zSasithornK,Procurement Assistant System,2,Procurement Admin,All,"90500101"
zSasithornK,Procurement Assistant System,2,Procurement Admin,All,"90500201"
zSasithornK,Procurement Assistant System,2,Procurement Admin,All,"90600202"
zSasithornK,Procurement Assistant System,2,Procurement Admin,All,"90700301"
zSasithornK,Procurement Assistant System,2,Procurement Admin,All,"90700303"
zSasithornK,Procurement Assistant System,2,Procurement Admin,All,"90700304"
zSasithornK,Procurement Assistant System,2,Procurement Admin,All,"90800403"
zSasithornK,Procurement Assistant System,2,Procurement Admin,All,"90900501"
zSasithornK,Procurement Assistant System,2,Procurement Admin,All,"90900502"
zSasithornK,Procurement Assistant System,2,Procurement Admin,All,"90900503"
zSasithornK,Procurement Assistant System,2,Procurement Admin,All,"90900510"
zSasithornK,Procurement Assistant System,2,Procurement Admin,All,"91000601"
zSasithornK,Procurement Assistant System,2,Procurement Admin,All,"91000602"
zSasithornK,Procurement Assistant System,2,Procurement Admin,All,"91000603"
zSasithornK,Procurement Assistant System,2,Procurement Admin,All,"91100701"
zSasithornK,Procurement Assistant System,2,Procurement Admin,All,"91200801"
zSasithornK,Procurement Assistant System,2,Procurement Admin,All,"91200803"
zSasithornK,Procurement Assistant System,2,Procurement Admin,All,"91300903"
zSasithornK,Procurement Assistant System,2,Procurement Admin,All,"91401001"
zSasithornK,Procurement Assistant System,2,Procurement Admin,All,"91501101"
zSasithornK,Procurement Assistant System,2,Procurement Admin,All,"91601205"
zSasithornK,Procurement Assistant System,2,Procurement Admin,All,"91701301"
zSasithornK,Procurement Assistant System,2,Procurement Admin,All,"91701305"
zSasithornK,Procurement Assistant System,2,Procurement Admin,All,"91801401"
zSasithornK,Procurement Assistant System,2,Procurement Admin,All,"91801501"
zSasithornK,Procurement Assistant System,2,Procurement Admin,All,"91801601"
zSirikonS,APP System,10,AdminBB_Support,all,"1011001"
zSirikonS,APP System,10,AdminBB_Support,all,"1011003"
zSirikonS,APP System,10,AdminBB_Support,all,"1011005"
zSirikonS,APP System,10,AdminBB_Support,all,"1011006"
zSirikonS,APP System,10,AdminBB_Support,all,"1011008"
zSirikonS,APP System,10,AdminBB_Support,all,"1011011"
zSirikonS,APP System,10,AdminBB_Support,all,"1011012"
zSirikonS,APP System,10,AdminBB_Support,all,"1012002"
zSirikonS,APP System,10,AdminBB_Support,all,"1013010"
zSirikonS,APP System,10,AdminBB_Support,all,"1014001"
zSirikonS,APP System,10,AdminBB_Support,all,"1014002"
zSirikonS,APP System,10,AdminBB_Support,all,"1014003"
zSirikonS,APP System,10,AdminBB_Support,all,"1014005"
zSirikonS,APP System,10,AdminBB_Support,all,"1014007"
zSirikonS,APP System,10,AdminBB_Support,all,"1014008"
zSirikonS,APP System,10,AdminBB_Support,all,"2021001"
zSirikonS,APP System,10,AdminBB_Support,all,"2021005"
zSirikonS,APP System,10,AdminBB_Support,all,"2021009"
zSirikonS,APP System,10,AdminBB_Support,all,"2022001"
zSirikonS,APP System,10,AdminBB_Support,all,"2022005"
zSirikonS,APP System,10,AdminBB_Support,all,"2022009"
zSirikonS,APP System,10,AdminBB_Support,all,"2023001"
zSirikonS,APP System,10,AdminBB_Support,all,"2023005"
zSirikonS,APP System,10,AdminBB_Support,all,"2024001"
zSirikonS,APP System,10,AdminBB_Support,all,"2024005"
zSirikonS,APP System,10,AdminBB_Support,all,"2025001"
zSirikonS,APP System,10,AdminBB_Support,all,"2025005"
zSirikonS,APP System,10,AdminBB_Support,all,"3031001"
zSirikonS,APP System,10,AdminBB_Support,all,"3031003"
zSirikonS,APP System,10,AdminBB_Support,all,"3032001"
zSirikonS,APP System,10,AdminBB_Support,all,"3032002"
zSirikonS,APP System,10,AdminBB_Support,all,"3032003"
zSirikonS,APP System,10,AdminBB_Support,all,"3033001"
zSirikonS,APP System,10,AdminBB_Support,all,"3033003"
zSirikonS,APP System,10,AdminBB_Support,all,"3034001"
zSirikonS,APP System,10,AdminBB_Support,all,"3034002"
zSirikonS,APP System,10,AdminBB_Support,all,"3034003"
zSirikonS,APP System,10,AdminBB_Support,all,"3034004"
zSirikonS,APP System,10,AdminBB_Support,all,"3035001"
zSirikonS,APP System,10,AdminBB_Support,all,"3035003"
zSirikonS,APP System,10,AdminBB_Support,all,"3036001"
zSirikonS,APP System,10,AdminBB_Support,all,"3036002"
zSirikonS,APP System,10,AdminBB_Support,all,"3036003"
zSirikonS,APP System,10,AdminBB_Support,all,"3036010"
zSirikonS,APP System,10,AdminBB_Support,all,"3037001"
zSirikonS,APP System,10,AdminBB_Support,all,"3037002"
zSirikonS,APP System,10,AdminBB_Support,all,"3037003"
zSirikonS,APP System,10,AdminBB_Support,all,"4041001"
zSirikonS,APP System,10,AdminBB_Support,all,"4041002"
zSirikonS,APP System,10,AdminBB_Support,all,"4041003"
zSirikonS,APP System,10,AdminBB_Support,all,"4041004"
zSirikonS,APP System,10,AdminBB_Support,all,"4042001"
zSirikonS,APP System,10,AdminBB_Support,all,"4042002"
zSirikonS,APP System,10,AdminBB_Support,all,"4042003"
zSirikonS,APP System,10,AdminBB_Support,all,"4042004"
zSirikonS,APP System,10,AdminBB_Support,all,"5051001"
zSirikonS,APP System,10,AdminBB_Support,all,"5051005"
zSirikonS,APP System,10,AdminBB_Support,all,"5052001"
zSirikonS,APP System,10,AdminBB_Support,all,"5052005"
zSirikonS,Procurement Assistant System,2,Procurement Admin,All,"11011001"
zSirikonS,Procurement Assistant System,2,Procurement Admin,All,"11011003"
zSirikonS,Procurement Assistant System,2,Procurement Admin,All,"11011005"
zSirikonS,Procurement Assistant System,2,Procurement Admin,All,"11011006"
zSirikonS,Procurement Assistant System,2,Procurement Admin,All,"11011007"
zSirikonS,Procurement Assistant System,2,Procurement Admin,All,"11012001"
zSirikonS,Procurement Assistant System,2,Procurement Admin,All,"11012002"
zSirikonS,Procurement Assistant System,2,Procurement Admin,All,"11013001"
zSirikonS,Procurement Assistant System,2,Procurement Admin,All,"11013003"
zSirikonS,Procurement Assistant System,2,Procurement Admin,All,"11013005"
zSirikonS,Procurement Assistant System,2,Procurement Admin,All,"11013006"
zSirikonS,Procurement Assistant System,2,Procurement Admin,All,"11013007"
zSirikonS,Procurement Assistant System,2,Procurement Admin,All,"11014001"
zSirikonS,Procurement Assistant System,2,Procurement Admin,All,"11014005"
zSirikonS,Procurement Assistant System,2,Procurement Admin,All,"12021001"
zSirikonS,Procurement Assistant System,2,Procurement Admin,All,"12021003"
zSirikonS,Procurement Assistant System,2,Procurement Admin,All,"12022001"
zSirikonS,Procurement Assistant System,2,Procurement Admin,All,"12022002"
zSirikonS,Procurement Assistant System,2,Procurement Admin,All,"12022003"
zSirikonS,Procurement Assistant System,2,Procurement Admin,All,"12023001"
zSirikonS,Procurement Assistant System,2,Procurement Admin,All,"12023002"
zSirikonS,Procurement Assistant System,2,Procurement Admin,All,"12023003"
zSirikonS,Procurement Assistant System,2,Procurement Admin,All,"12023004"
zSirikonS,Procurement Assistant System,2,Procurement Admin,All,"12024001"
zSirikonS,Procurement Assistant System,2,Procurement Admin,All,"12024002"
zSirikonS,Procurement Assistant System,2,Procurement Admin,All,"12024003"
zSirikonS,Procurement Assistant System,2,Procurement Admin,All,"12024004"
zSirikonS,Procurement Assistant System,2,Procurement Admin,All,"12025001"
zSirikonS,Procurement Assistant System,2,Procurement Admin,All,"12025002"
zSirikonS,Procurement Assistant System,2,Procurement Admin,All,"12025003"
zSirikonS,Procurement Assistant System,2,Procurement Admin,All,"12025004"
zSirikonS,Procurement Assistant System,2,Procurement Admin,All,"15051001"
zSirikonS,Procurement Assistant System,2,Procurement Admin,All,"15051003"
zSirikonS,Procurement Assistant System,2,Procurement Admin,All,"21011001"
zSirikonS,Procurement Assistant System,2,Procurement Admin,All,"21011003"
zSirikonS,Procurement Assistant System,2,Procurement Admin,All,"21011005"
zSirikonS,Procurement Assistant System,2,Procurement Admin,All,"21012002"
zSirikonS,Procurement Assistant System,2,Procurement Admin,All,"21012006"
zSirikonS,Procurement Assistant System,2,Procurement Admin,All,"21012008"
zSirikonS,Procurement Assistant System,2,Procurement Admin,All,"21012011"
zSirikonS,Procurement Assistant System,2,Procurement Admin,All,"21012012"
zSirikonS,Procurement Assistant System,2,Procurement Admin,All,"21012013"
zSirikonS,Procurement Assistant System,2,Procurement Admin,All,"21013010"
zSirikonS,Procurement Assistant System,2,Procurement Admin,All,"21014001"
zSirikonS,Procurement Assistant System,2,Procurement Admin,All,"21014002"
zSirikonS,Procurement Assistant System,2,Procurement Admin,All,"21014003"
zSirikonS,Procurement Assistant System,2,Procurement Admin,All,"21014005"
zSirikonS,Procurement Assistant System,2,Procurement Admin,All,"21014007"
zSirikonS,Procurement Assistant System,2,Procurement Admin,All,"21014008"
zSirikonS,Procurement Assistant System,2,Procurement Admin,All,"22021001"
zSirikonS,Procurement Assistant System,2,Procurement Admin,All,"22021005"
zSirikonS,Procurement Assistant System,2,Procurement Admin,All,"22021009"
zSirikonS,Procurement Assistant System,2,Procurement Admin,All,"22022001"
zSirikonS,Procurement Assistant System,2,Procurement Admin,All,"22022005"
zSirikonS,Procurement Assistant System,2,Procurement Admin,All,"22022009"
zSirikonS,Procurement Assistant System,2,Procurement Admin,All,"22023001"
zSirikonS,Procurement Assistant System,2,Procurement Admin,All,"22023005"
zSirikonS,Procurement Assistant System,2,Procurement Admin,All,"22024001"
zSirikonS,Procurement Assistant System,2,Procurement Admin,All,"22024005"
zSirikonS,Procurement Assistant System,2,Procurement Admin,All,"22025001"
zSirikonS,Procurement Assistant System,2,Procurement Admin,All,"22025005"
zSirikonS,Procurement Assistant System,2,Procurement Admin,All,"23031001"
zSirikonS,Procurement Assistant System,2,Procurement Admin,All,"23031003"
zSirikonS,Procurement Assistant System,2,Procurement Admin,All,"23032001"
zSirikonS,Procurement Assistant System,2,Procurement Admin,All,"23032002"
zSirikonS,Procurement Assistant System,2,Procurement Admin,All,"23032003"
zSirikonS,Procurement Assistant System,2,Procurement Admin,All,"23033001"
zSirikonS,Procurement Assistant System,2,Procurement Admin,All,"23033003"
zSirikonS,Procurement Assistant System,2,Procurement Admin,All,"23034001"
zSirikonS,Procurement Assistant System,2,Procurement Admin,All,"23034002"
zSirikonS,Procurement Assistant System,2,Procurement Admin,All,"23034003"
zSirikonS,Procurement Assistant System,2,Procurement Admin,All,"23034004"
zSirikonS,Procurement Assistant System,2,Procurement Admin,All,"23035001"
zSirikonS,Procurement Assistant System,2,Procurement Admin,All,"23035003"
zSirikonS,Procurement Assistant System,2,Procurement Admin,All,"23038001"
zSirikonS,Procurement Assistant System,2,Procurement Admin,All,"23038002"
zSirikonS,Procurement Assistant System,2,Procurement Admin,All,"23038003"
zSirikonS,Procurement Assistant System,2,Procurement Admin,All,"23039001"
zSirikonS,Procurement Assistant System,2,Procurement Admin,All,"23039003"
zSirikonS,Procurement Assistant System,2,Procurement Admin,All,"26061001"
zSirikonS,Procurement Assistant System,2,Procurement Admin,All,"26061002"
zSirikonS,Procurement Assistant System,2,Procurement Admin,All,"26061003"
zSirikonS,Procurement Assistant System,2,Procurement Admin,All,"30100101"
zSirikonS,Procurement Assistant System,2,Procurement Admin,All,"30100202"
zSirikonS,Procurement Assistant System,2,Procurement Admin,All,"30200202"
zSirikonS,Procurement Assistant System,2,Procurement Admin,All,"30300301"
zSirikonS,Procurement Assistant System,2,Procurement Admin,All,"30300303"
zSirikonS,Procurement Assistant System,2,Procurement Admin,All,"30300304"
zSirikonS,Procurement Assistant System,2,Procurement Admin,All,"30300305"
zSirikonS,Procurement Assistant System,2,Procurement Admin,All,"30300508"
zSirikonS,Procurement Assistant System,2,Procurement Admin,All,"30300509"
zSirikonS,Procurement Assistant System,2,Procurement Admin,All,"30300701"
zSirikonS,Procurement Assistant System,2,Procurement Admin,All,"30400403"
zSirikonS,Procurement Assistant System,2,Procurement Admin,All,"30400406"
zSirikonS,Procurement Assistant System,2,Procurement Admin,All,"30400407"
zSirikonS,Procurement Assistant System,2,Procurement Admin,All,"30400508"
zSirikonS,Procurement Assistant System,2,Procurement Admin,All,"30400509"
zSirikonS,Procurement Assistant System,2,Procurement Admin,All,"30400701"
zSirikonS,Procurement Assistant System,2,Procurement Admin,All,"30400702"
zSirikonS,Procurement Assistant System,2,Procurement Admin,All,"30400703"
zSirikonS,Procurement Assistant System,2,Procurement Admin,All,"30400704"
zSirikonS,Procurement Assistant System,2,Procurement Admin,All,"30500601"
zSirikonS,Procurement Assistant System,2,Procurement Admin,All,"30500603"
zSirikonS,Procurement Assistant System,2,Procurement Admin,All,"30600101"
zSirikonS,Procurement Assistant System,2,Procurement Admin,All,"90100101"
zSirikonS,Procurement Assistant System,2,Procurement Admin,All,"90100202"
zSirikonS,Procurement Assistant System,2,Procurement Admin,All,"90200202"
zSirikonS,Procurement Assistant System,2,Procurement Admin,All,"90300301"
zSirikonS,Procurement Assistant System,2,Procurement Admin,All,"90300303"
zSirikonS,Procurement Assistant System,2,Procurement Admin,All,"90300304"
zSirikonS,Procurement Assistant System,2,Procurement Admin,All,"90400403"
zSirikonS,Procurement Assistant System,2,Procurement Admin,All,"90500101"
zSirikonS,Procurement Assistant System,2,Procurement Admin,All,"90500201"
zSirikonS,Procurement Assistant System,2,Procurement Admin,All,"90600202"
zSirikonS,Procurement Assistant System,2,Procurement Admin,All,"90700301"
zSirikonS,Procurement Assistant System,2,Procurement Admin,All,"90700303"
zSirikonS,Procurement Assistant System,2,Procurement Admin,All,"90700304"
zSirikonS,Procurement Assistant System,2,Procurement Admin,All,"90800403"
zSirikonS,Procurement Assistant System,2,Procurement Admin,All,"90900501"
zSirikonS,Procurement Assistant System,2,Procurement Admin,All,"90900502"
zSirikonS,Procurement Assistant System,2,Procurement Admin,All,"90900503"
zSirikonS,Procurement Assistant System,2,Procurement Admin,All,"90900510"
zSirikonS,Procurement Assistant System,2,Procurement Admin,All,"91000601"
zSirikonS,Procurement Assistant System,2,Procurement Admin,All,"91000602"
zSirikonS,Procurement Assistant System,2,Procurement Admin,All,"91000603"
zSirikonS,Procurement Assistant System,2,Procurement Admin,All,"91100701"
zSirikonS,Procurement Assistant System,2,Procurement Admin,All,"91200801"
zSirikonS,Procurement Assistant System,2,Procurement Admin,All,"91200803"
zSirikonS,Procurement Assistant System,2,Procurement Admin,All,"91300903"
zSirikonS,Procurement Assistant System,2,Procurement Admin,All,"91401001"
zSirikonS,Procurement Assistant System,2,Procurement Admin,All,"91501101"
zSirikonS,Procurement Assistant System,2,Procurement Admin,All,"91601205"
zSirikonS,Procurement Assistant System,2,Procurement Admin,All,"91701301"
zSirikonS,Procurement Assistant System,2,Procurement Admin,All,"91701305"
zSirikonS,Procurement Assistant System,2,Procurement Admin,All,"91801401"
zSirikonS,Procurement Assistant System,2,Procurement Admin,All,"91801501"
zSirikonS,Procurement Assistant System,2,Procurement Admin,All,"91801601"
zSirikonS,Procurement Assistant System,5,Procurement VP,Specific,"30100101"
zSirikonS,Procurement Assistant System,5,Procurement VP,Specific,"30300301"
zSirikonS,Procurement Assistant System,5,Procurement VP,Specific,"30500601"
zSirikonS,Procurement Assistant System,5,Procurement VP,Specific,"30600101"
zSornsawanV,APP System,10,AdminBB_Support,all,"1011001"
zSornsawanV,APP System,10,AdminBB_Support,all,"1011003"
zSornsawanV,APP System,10,AdminBB_Support,all,"1011005"
zSornsawanV,APP System,10,AdminBB_Support,all,"1011006"
zSornsawanV,APP System,10,AdminBB_Support,all,"1011008"
zSornsawanV,APP System,10,AdminBB_Support,all,"1011011"
zSornsawanV,APP System,10,AdminBB_Support,all,"1011012"
zSornsawanV,APP System,10,AdminBB_Support,all,"1012002"
zSornsawanV,APP System,10,AdminBB_Support,all,"1013010"
zSornsawanV,APP System,10,AdminBB_Support,all,"1014001"
zSornsawanV,APP System,10,AdminBB_Support,all,"1014002"
zSornsawanV,APP System,10,AdminBB_Support,all,"1014003"
zSornsawanV,APP System,10,AdminBB_Support,all,"1014005"
zSornsawanV,APP System,10,AdminBB_Support,all,"1014007"
zSornsawanV,APP System,10,AdminBB_Support,all,"1014008"
zSornsawanV,APP System,10,AdminBB_Support,all,"2021001"
zSornsawanV,APP System,10,AdminBB_Support,all,"2021005"
zSornsawanV,APP System,10,AdminBB_Support,all,"2021009"
zSornsawanV,APP System,10,AdminBB_Support,all,"2022001"
zSornsawanV,APP System,10,AdminBB_Support,all,"2022005"
zSornsawanV,APP System,10,AdminBB_Support,all,"2022009"
zSornsawanV,APP System,10,AdminBB_Support,all,"2023001"
zSornsawanV,APP System,10,AdminBB_Support,all,"2023005"
zSornsawanV,APP System,10,AdminBB_Support,all,"2024001"
zSornsawanV,APP System,10,AdminBB_Support,all,"2024005"
zSornsawanV,APP System,10,AdminBB_Support,all,"2025001"
zSornsawanV,APP System,10,AdminBB_Support,all,"2025005"
zSornsawanV,APP System,10,AdminBB_Support,all,"3031001"
zSornsawanV,APP System,10,AdminBB_Support,all,"3031003"
zSornsawanV,APP System,10,AdminBB_Support,all,"3032001"
zSornsawanV,APP System,10,AdminBB_Support,all,"3032002"
zSornsawanV,APP System,10,AdminBB_Support,all,"3032003"
zSornsawanV,APP System,10,AdminBB_Support,all,"3033001"
zSornsawanV,APP System,10,AdminBB_Support,all,"3033003"
zSornsawanV,APP System,10,AdminBB_Support,all,"3034001"
zSornsawanV,APP System,10,AdminBB_Support,all,"3034002"
zSornsawanV,APP System,10,AdminBB_Support,all,"3034003"
zSornsawanV,APP System,10,AdminBB_Support,all,"3034004"
zSornsawanV,APP System,10,AdminBB_Support,all,"3035001"
zSornsawanV,APP System,10,AdminBB_Support,all,"3035003"
zSornsawanV,APP System,10,AdminBB_Support,all,"3036001"
zSornsawanV,APP System,10,AdminBB_Support,all,"3036002"
zSornsawanV,APP System,10,AdminBB_Support,all,"3036003"
zSornsawanV,APP System,10,AdminBB_Support,all,"3036010"
zSornsawanV,APP System,10,AdminBB_Support,all,"3037001"
zSornsawanV,APP System,10,AdminBB_Support,all,"3037002"
zSornsawanV,APP System,10,AdminBB_Support,all,"3037003"
zSornsawanV,APP System,10,AdminBB_Support,all,"4041001"
zSornsawanV,APP System,10,AdminBB_Support,all,"4041002"
zSornsawanV,APP System,10,AdminBB_Support,all,"4041003"
zSornsawanV,APP System,10,AdminBB_Support,all,"4041004"
zSornsawanV,APP System,10,AdminBB_Support,all,"4042001"
zSornsawanV,APP System,10,AdminBB_Support,all,"4042002"
zSornsawanV,APP System,10,AdminBB_Support,all,"4042003"
zSornsawanV,APP System,10,AdminBB_Support,all,"4042004"
zSornsawanV,APP System,10,AdminBB_Support,all,"5051001"
zSornsawanV,APP System,10,AdminBB_Support,all,"5051005"
zSornsawanV,APP System,10,AdminBB_Support,all,"5052001"
zSornsawanV,APP System,10,AdminBB_Support,all,"5052005"
zSornsawanV,Reference Price System,1,Admin,Admin,"101101"
zSornsawanV,Reference Price System,1,Admin,Admin,"101103"
zSornsawanV,Reference Price System,1,Admin,Admin,"101105"
zSornsawanV,Reference Price System,1,Admin,Admin,"101106"
zSornsawanV,Reference Price System,1,Admin,Admin,"101107"
zSornsawanV,Reference Price System,1,Admin,Admin,"101201"
zSornsawanV,Reference Price System,1,Admin,Admin,"101202"
zSornsawanV,Reference Price System,1,Admin,Admin,"101301"
zSornsawanV,Reference Price System,1,Admin,Admin,"101303"
zSornsawanV,Reference Price System,1,Admin,Admin,"101305"
zSornsawanV,Reference Price System,1,Admin,Admin,"101306"
zSornsawanV,Reference Price System,1,Admin,Admin,"101307"
zSornsawanV,Reference Price System,1,Admin,Admin,"101401"
zSornsawanV,Reference Price System,1,Admin,Admin,"101405"
zSornsawanV,Reference Price System,1,Admin,Admin,"202101"
zSornsawanV,Reference Price System,1,Admin,Admin,"202103"
zSornsawanV,Reference Price System,1,Admin,Admin,"202201"
zSornsawanV,Reference Price System,1,Admin,Admin,"202202"
zSornsawanV,Reference Price System,1,Admin,Admin,"202203"
zSornsawanV,Reference Price System,1,Admin,Admin,"202301"
zSornsawanV,Reference Price System,1,Admin,Admin,"202302"
zSornsawanV,Reference Price System,1,Admin,Admin,"202303"
zSornsawanV,Reference Price System,1,Admin,Admin,"202304"
zSornsawanV,Reference Price System,1,Admin,Admin,"202401"
zSornsawanV,Reference Price System,1,Admin,Admin,"202402"
zSornsawanV,Reference Price System,1,Admin,Admin,"202403"
zSornsawanV,Reference Price System,1,Admin,Admin,"202404"
zSornsawanV,Reference Price System,1,Admin,Admin,"202501"
zSornsawanV,Reference Price System,1,Admin,Admin,"202502"
zSornsawanV,Reference Price System,1,Admin,Admin,"202503"
zSornsawanV,Reference Price System,1,Admin,Admin,"202504"
zSornsawanV,Reference Price System,1,Admin,Admin,"303101"
zSornsawanV,Reference Price System,1,Admin,Admin,"303102"
zSornsawanV,Reference Price System,1,Admin,Admin,"303103"
zSornsawanV,Reference Price System,1,Admin,Admin,"303104"
zSornsawanV,Reference Price System,1,Admin,Admin,"303201"
zSornsawanV,Reference Price System,1,Admin,Admin,"303202"
zSornsawanV,Reference Price System,1,Admin,Admin,"303203"
zSornsawanV,Reference Price System,1,Admin,Admin,"303204"
zSornsawanV,Reference Price System,1,Admin,Admin,"404101"
zSornsawanV,Reference Price System,1,Admin,Admin,"404201"
zSornsawanV,Reference Price System,1,Admin,Admin,"404301"
zSornsawanV,Reference Price System,1,Admin,Admin,"404401"
zSuprakornY,APP System,10,AdminBB_Support,all,"1011001"
zSuprakornY,APP System,10,AdminBB_Support,all,"1011003"
zSuprakornY,APP System,10,AdminBB_Support,all,"1011005"
zSuprakornY,APP System,10,AdminBB_Support,all,"1011006"
zSuprakornY,APP System,10,AdminBB_Support,all,"1011008"
zSuprakornY,APP System,10,AdminBB_Support,all,"1011011"
zSuprakornY,APP System,10,AdminBB_Support,all,"1011012"
zSuprakornY,APP System,10,AdminBB_Support,all,"1012002"
zSuprakornY,APP System,10,AdminBB_Support,all,"1013010"
zSuprakornY,APP System,10,AdminBB_Support,all,"1014001"
zSuprakornY,APP System,10,AdminBB_Support,all,"1014002"
zSuprakornY,APP System,10,AdminBB_Support,all,"1014003"
zSuprakornY,APP System,10,AdminBB_Support,all,"1014005"
zSuprakornY,APP System,10,AdminBB_Support,all,"1014007"
zSuprakornY,APP System,10,AdminBB_Support,all,"1014008"
zSuprakornY,APP System,10,AdminBB_Support,all,"2021001"
zSuprakornY,APP System,10,AdminBB_Support,all,"2021005"
zSuprakornY,APP System,10,AdminBB_Support,all,"2021009"
zSuprakornY,APP System,10,AdminBB_Support,all,"2022001"
zSuprakornY,APP System,10,AdminBB_Support,all,"2022005"
zSuprakornY,APP System,10,AdminBB_Support,all,"2022009"
zSuprakornY,APP System,10,AdminBB_Support,all,"2023001"
zSuprakornY,APP System,10,AdminBB_Support,all,"2023005"
zSuprakornY,APP System,10,AdminBB_Support,all,"2024001"
zSuprakornY,APP System,10,AdminBB_Support,all,"2024005"
zSuprakornY,APP System,10,AdminBB_Support,all,"2025001"
zSuprakornY,APP System,10,AdminBB_Support,all,"2025005"
zSuprakornY,APP System,10,AdminBB_Support,all,"3031001"
zSuprakornY,APP System,10,AdminBB_Support,all,"3031003"
zSuprakornY,APP System,10,AdminBB_Support,all,"3032001"
zSuprakornY,APP System,10,AdminBB_Support,all,"3032002"
zSuprakornY,APP System,10,AdminBB_Support,all,"3032003"
zSuprakornY,APP System,10,AdminBB_Support,all,"3033001"
zSuprakornY,APP System,10,AdminBB_Support,all,"3033003"
zSuprakornY,APP System,10,AdminBB_Support,all,"3034001"
zSuprakornY,APP System,10,AdminBB_Support,all,"3034002"
zSuprakornY,APP System,10,AdminBB_Support,all,"3034003"
zSuprakornY,APP System,10,AdminBB_Support,all,"3034004"
zSuprakornY,APP System,10,AdminBB_Support,all,"3035001"
zSuprakornY,APP System,10,AdminBB_Support,all,"3035003"
zSuprakornY,APP System,10,AdminBB_Support,all,"3036001"
zSuprakornY,APP System,10,AdminBB_Support,all,"3036002"
zSuprakornY,APP System,10,AdminBB_Support,all,"3036003"
zSuprakornY,APP System,10,AdminBB_Support,all,"3036010"
zSuprakornY,APP System,10,AdminBB_Support,all,"3037001"
zSuprakornY,APP System,10,AdminBB_Support,all,"3037002"
zSuprakornY,APP System,10,AdminBB_Support,all,"3037003"
zSuprakornY,APP System,10,AdminBB_Support,all,"4041001"
zSuprakornY,APP System,10,AdminBB_Support,all,"4041002"
zSuprakornY,APP System,10,AdminBB_Support,all,"4041003"
zSuprakornY,APP System,10,AdminBB_Support,all,"4041004"
zSuprakornY,APP System,10,AdminBB_Support,all,"4042001"
zSuprakornY,APP System,10,AdminBB_Support,all,"4042002"
zSuprakornY,APP System,10,AdminBB_Support,all,"4042003"
zSuprakornY,APP System,10,AdminBB_Support,all,"4042004"
zSuprakornY,APP System,10,AdminBB_Support,all,"5051001"
zSuprakornY,APP System,10,AdminBB_Support,all,"5051005"
zSuprakornY,APP System,10,AdminBB_Support,all,"5052001"
zSuprakornY,APP System,10,AdminBB_Support,all,"5052005"
zSuprakornY,Procurement Assistant System,2,Procurement Admin,All,"11011001"
zSuprakornY,Procurement Assistant System,2,Procurement Admin,All,"11011003"
zSuprakornY,Procurement Assistant System,2,Procurement Admin,All,"11011005"
zSuprakornY,Procurement Assistant System,2,Procurement Admin,All,"11011006"
zSuprakornY,Procurement Assistant System,2,Procurement Admin,All,"11011007"
zSuprakornY,Procurement Assistant System,2,Procurement Admin,All,"11012001"
zSuprakornY,Procurement Assistant System,2,Procurement Admin,All,"11012002"
zSuprakornY,Procurement Assistant System,2,Procurement Admin,All,"11013001"
zSuprakornY,Procurement Assistant System,2,Procurement Admin,All,"11013003"
zSuprakornY,Procurement Assistant System,2,Procurement Admin,All,"11013005"
zSuprakornY,Procurement Assistant System,2,Procurement Admin,All,"11013006"
zSuprakornY,Procurement Assistant System,2,Procurement Admin,All,"11013007"
zSuprakornY,Procurement Assistant System,2,Procurement Admin,All,"11014001"
zSuprakornY,Procurement Assistant System,2,Procurement Admin,All,"11014005"
zSuprakornY,Procurement Assistant System,2,Procurement Admin,All,"12021001"
zSuprakornY,Procurement Assistant System,2,Procurement Admin,All,"12021003"
zSuprakornY,Procurement Assistant System,2,Procurement Admin,All,"12022001"
zSuprakornY,Procurement Assistant System,2,Procurement Admin,All,"12022002"
zSuprakornY,Procurement Assistant System,2,Procurement Admin,All,"12022003"
zSuprakornY,Procurement Assistant System,2,Procurement Admin,All,"12023001"
zSuprakornY,Procurement Assistant System,2,Procurement Admin,All,"12023002"
zSuprakornY,Procurement Assistant System,2,Procurement Admin,All,"12023003"
zSuprakornY,Procurement Assistant System,2,Procurement Admin,All,"12023004"
zSuprakornY,Procurement Assistant System,2,Procurement Admin,All,"12024001"
zSuprakornY,Procurement Assistant System,2,Procurement Admin,All,"12024002"
zSuprakornY,Procurement Assistant System,2,Procurement Admin,All,"12024003"
zSuprakornY,Procurement Assistant System,2,Procurement Admin,All,"12024004"
zSuprakornY,Procurement Assistant System,2,Procurement Admin,All,"12025001"
zSuprakornY,Procurement Assistant System,2,Procurement Admin,All,"12025002"
zSuprakornY,Procurement Assistant System,2,Procurement Admin,All,"12025003"
zSuprakornY,Procurement Assistant System,2,Procurement Admin,All,"12025004"
zSuprakornY,Procurement Assistant System,2,Procurement Admin,All,"15051001"
zSuprakornY,Procurement Assistant System,2,Procurement Admin,All,"15051003"
zSuprakornY,Procurement Assistant System,2,Procurement Admin,All,"21011001"
zSuprakornY,Procurement Assistant System,2,Procurement Admin,All,"21011003"
zSuprakornY,Procurement Assistant System,2,Procurement Admin,All,"21011005"
zSuprakornY,Procurement Assistant System,2,Procurement Admin,All,"21012002"
zSuprakornY,Procurement Assistant System,2,Procurement Admin,All,"21012006"
zSuprakornY,Procurement Assistant System,2,Procurement Admin,All,"21012008"
zSuprakornY,Procurement Assistant System,2,Procurement Admin,All,"21012011"
zSuprakornY,Procurement Assistant System,2,Procurement Admin,All,"21012012"
zSuprakornY,Procurement Assistant System,2,Procurement Admin,All,"21012013"
zSuprakornY,Procurement Assistant System,2,Procurement Admin,All,"21013010"
zSuprakornY,Procurement Assistant System,2,Procurement Admin,All,"21014001"
zSuprakornY,Procurement Assistant System,2,Procurement Admin,All,"21014002"
zSuprakornY,Procurement Assistant System,2,Procurement Admin,All,"21014003"
zSuprakornY,Procurement Assistant System,2,Procurement Admin,All,"21014005"
zSuprakornY,Procurement Assistant System,2,Procurement Admin,All,"21014007"
zSuprakornY,Procurement Assistant System,2,Procurement Admin,All,"21014008"
zSuprakornY,Procurement Assistant System,2,Procurement Admin,All,"22021001"
zSuprakornY,Procurement Assistant System,2,Procurement Admin,All,"22021005"
zSuprakornY,Procurement Assistant System,2,Procurement Admin,All,"22021009"
zSuprakornY,Procurement Assistant System,2,Procurement Admin,All,"22022001"
zSuprakornY,Procurement Assistant System,2,Procurement Admin,All,"22022005"
zSuprakornY,Procurement Assistant System,2,Procurement Admin,All,"22022009"
zSuprakornY,Procurement Assistant System,2,Procurement Admin,All,"22023001"
zSuprakornY,Procurement Assistant System,2,Procurement Admin,All,"22023005"
zSuprakornY,Procurement Assistant System,2,Procurement Admin,All,"22024001"
zSuprakornY,Procurement Assistant System,2,Procurement Admin,All,"22024005"
zSuprakornY,Procurement Assistant System,2,Procurement Admin,All,"22025001"
zSuprakornY,Procurement Assistant System,2,Procurement Admin,All,"22025005"
zSuprakornY,Procurement Assistant System,2,Procurement Admin,All,"23031001"
zSuprakornY,Procurement Assistant System,2,Procurement Admin,All,"23031003"
zSuprakornY,Procurement Assistant System,2,Procurement Admin,All,"23032001"
zSuprakornY,Procurement Assistant System,2,Procurement Admin,All,"23032002"
zSuprakornY,Procurement Assistant System,2,Procurement Admin,All,"23032003"
zSuprakornY,Procurement Assistant System,2,Procurement Admin,All,"23033001"
zSuprakornY,Procurement Assistant System,2,Procurement Admin,All,"23033003"
zSuprakornY,Procurement Assistant System,2,Procurement Admin,All,"23034001"
zSuprakornY,Procurement Assistant System,2,Procurement Admin,All,"23034002"
zSuprakornY,Procurement Assistant System,2,Procurement Admin,All,"23034003"
zSuprakornY,Procurement Assistant System,2,Procurement Admin,All,"23034004"
zSuprakornY,Procurement Assistant System,2,Procurement Admin,All,"23035001"
zSuprakornY,Procurement Assistant System,2,Procurement Admin,All,"23035003"
zSuprakornY,Procurement Assistant System,2,Procurement Admin,All,"23038001"
zSuprakornY,Procurement Assistant System,2,Procurement Admin,All,"23038002"
zSuprakornY,Procurement Assistant System,2,Procurement Admin,All,"23038003"
zSuprakornY,Procurement Assistant System,2,Procurement Admin,All,"23039001"
zSuprakornY,Procurement Assistant System,2,Procurement Admin,All,"23039003"
zSuprakornY,Procurement Assistant System,2,Procurement Admin,All,"26061001"
zSuprakornY,Procurement Assistant System,2,Procurement Admin,All,"26061002"
zSuprakornY,Procurement Assistant System,2,Procurement Admin,All,"26061003"
zSuprakornY,Procurement Assistant System,2,Procurement Admin,All,"30100101"
zSuprakornY,Procurement Assistant System,2,Procurement Admin,All,"30100202"
zSuprakornY,Procurement Assistant System,2,Procurement Admin,All,"30200202"
zSuprakornY,Procurement Assistant System,2,Procurement Admin,All,"30300301"
zSuprakornY,Procurement Assistant System,2,Procurement Admin,All,"30300303"
zSuprakornY,Procurement Assistant System,2,Procurement Admin,All,"30300304"
zSuprakornY,Procurement Assistant System,2,Procurement Admin,All,"30300305"
zSuprakornY,Procurement Assistant System,2,Procurement Admin,All,"30300508"
zSuprakornY,Procurement Assistant System,2,Procurement Admin,All,"30300509"
zSuprakornY,Procurement Assistant System,2,Procurement Admin,All,"30300701"
zSuprakornY,Procurement Assistant System,2,Procurement Admin,All,"30400403"
zSuprakornY,Procurement Assistant System,2,Procurement Admin,All,"30400406"
zSuprakornY,Procurement Assistant System,2,Procurement Admin,All,"30400407"
zSuprakornY,Procurement Assistant System,2,Procurement Admin,All,"30400508"
zSuprakornY,Procurement Assistant System,2,Procurement Admin,All,"30400509"
zSuprakornY,Procurement Assistant System,2,Procurement Admin,All,"30400701"
zSuprakornY,Procurement Assistant System,2,Procurement Admin,All,"30400702"
zSuprakornY,Procurement Assistant System,2,Procurement Admin,All,"30400703"
zSuprakornY,Procurement Assistant System,2,Procurement Admin,All,"30400704"
zSuprakornY,Procurement Assistant System,2,Procurement Admin,All,"30500601"
zSuprakornY,Procurement Assistant System,2,Procurement Admin,All,"30500603"
zSuprakornY,Procurement Assistant System,2,Procurement Admin,All,"30600101"
zSuprakornY,Procurement Assistant System,2,Procurement Admin,All,"90100101"
zSuprakornY,Procurement Assistant System,2,Procurement Admin,All,"90100202"
zSuprakornY,Procurement Assistant System,2,Procurement Admin,All,"90200202"
zSuprakornY,Procurement Assistant System,2,Procurement Admin,All,"90300301"
zSuprakornY,Procurement Assistant System,2,Procurement Admin,All,"90300303"
zSuprakornY,Procurement Assistant System,2,Procurement Admin,All,"90300304"
zSuprakornY,Procurement Assistant System,2,Procurement Admin,All,"90400403"
zSuprakornY,Procurement Assistant System,2,Procurement Admin,All,"90500101"
zSuprakornY,Procurement Assistant System,2,Procurement Admin,All,"90500201"
zSuprakornY,Procurement Assistant System,2,Procurement Admin,All,"90600202"
zSuprakornY,Procurement Assistant System,2,Procurement Admin,All,"90700301"
zSuprakornY,Procurement Assistant System,2,Procurement Admin,All,"90700303"
zSuprakornY,Procurement Assistant System,2,Procurement Admin,All,"90700304"
zSuprakornY,Procurement Assistant System,2,Procurement Admin,All,"90800403"
zSuprakornY,Procurement Assistant System,2,Procurement Admin,All,"90900501"
zSuprakornY,Procurement Assistant System,2,Procurement Admin,All,"90900502"
zSuprakornY,Procurement Assistant System,2,Procurement Admin,All,"90900503"
zSuprakornY,Procurement Assistant System,2,Procurement Admin,All,"90900510"
zSuprakornY,Procurement Assistant System,2,Procurement Admin,All,"91000601"
zSuprakornY,Procurement Assistant System,2,Procurement Admin,All,"91000602"
zSuprakornY,Procurement Assistant System,2,Procurement Admin,All,"91000603"
zSuprakornY,Procurement Assistant System,2,Procurement Admin,All,"91100701"
zSuprakornY,Procurement Assistant System,2,Procurement Admin,All,"91200801"
zSuprakornY,Procurement Assistant System,2,Procurement Admin,All,"91200803"
zSuprakornY,Procurement Assistant System,2,Procurement Admin,All,"91300903"
zSuprakornY,Procurement Assistant System,2,Procurement Admin,All,"91401001"
zSuprakornY,Procurement Assistant System,2,Procurement Admin,All,"91501101"
zSuprakornY,Procurement Assistant System,2,Procurement Admin,All,"91601205"
zSuprakornY,Procurement Assistant System,2,Procurement Admin,All,"91701301"
zSuprakornY,Procurement Assistant System,2,Procurement Admin,All,"91701305"
zSuprakornY,Procurement Assistant System,2,Procurement Admin,All,"91801401"
zSuprakornY,Procurement Assistant System,2,Procurement Admin,All,"91801501"
zSuprakornY,Procurement Assistant System,2,Procurement Admin,All,"91801601"
zSuprakornY,Reference Price System,1,Admin,Admin,"101101"
zSuprakornY,Reference Price System,1,Admin,Admin,"101103"
zSuprakornY,Reference Price System,1,Admin,Admin,"101105"
zSuprakornY,Reference Price System,1,Admin,Admin,"101106"
zSuprakornY,Reference Price System,1,Admin,Admin,"101107"
zSuprakornY,Reference Price System,1,Admin,Admin,"101201"
zSuprakornY,Reference Price System,1,Admin,Admin,"101202"
zSuprakornY,Reference Price System,1,Admin,Admin,"101301"
zSuprakornY,Reference Price System,1,Admin,Admin,"101303"
zSuprakornY,Reference Price System,1,Admin,Admin,"101305"
zSuprakornY,Reference Price System,1,Admin,Admin,"101306"
zSuprakornY,Reference Price System,1,Admin,Admin,"101307"
zSuprakornY,Reference Price System,1,Admin,Admin,"101401"
zSuprakornY,Reference Price System,1,Admin,Admin,"101405"
zSuprakornY,Reference Price System,1,Admin,Admin,"202101"
zSuprakornY,Reference Price System,1,Admin,Admin,"202103"
zSuprakornY,Reference Price System,1,Admin,Admin,"202201"
zSuprakornY,Reference Price System,1,Admin,Admin,"202202"
zSuprakornY,Reference Price System,1,Admin,Admin,"202203"
zSuprakornY,Reference Price System,1,Admin,Admin,"202301"
zSuprakornY,Reference Price System,1,Admin,Admin,"202302"
zSuprakornY,Reference Price System,1,Admin,Admin,"202303"
zSuprakornY,Reference Price System,1,Admin,Admin,"202304"
zSuprakornY,Reference Price System,1,Admin,Admin,"202401"
zSuprakornY,Reference Price System,1,Admin,Admin,"202402"
zSuprakornY,Reference Price System,1,Admin,Admin,"202403"
zSuprakornY,Reference Price System,1,Admin,Admin,"202404"
zSuprakornY,Reference Price System,1,Admin,Admin,"202501"
zSuprakornY,Reference Price System,1,Admin,Admin,"202502"
zSuprakornY,Reference Price System,1,Admin,Admin,"202503"
zSuprakornY,Reference Price System,1,Admin,Admin,"202504"
zSuprakornY,Reference Price System,1,Admin,Admin,"303101"
zSuprakornY,Reference Price System,1,Admin,Admin,"303102"
zSuprakornY,Reference Price System,1,Admin,Admin,"303103"
zSuprakornY,Reference Price System,1,Admin,Admin,"303104"
zSuprakornY,Reference Price System,1,Admin,Admin,"303201"
zSuprakornY,Reference Price System,1,Admin,Admin,"303202"
zSuprakornY,Reference Price System,1,Admin,Admin,"303203"
zSuprakornY,Reference Price System,1,Admin,Admin,"303204"
zSuprakornY,Reference Price System,1,Admin,Admin,"404101"
zSuprakornY,Reference Price System,1,Admin,Admin,"404201"
zSuprakornY,Reference Price System,1,Admin,Admin,"404301"
zSuprakornY,Reference Price System,1,Admin,Admin,"404401"
zSuthichaP,APP System,10,AdminBB_Support,all,"1011001"
zSuthichaP,APP System,10,AdminBB_Support,all,"1011003"
zSuthichaP,APP System,10,AdminBB_Support,all,"1011005"
zSuthichaP,APP System,10,AdminBB_Support,all,"1011006"
zSuthichaP,APP System,10,AdminBB_Support,all,"1011008"
zSuthichaP,APP System,10,AdminBB_Support,all,"1011011"
zSuthichaP,APP System,10,AdminBB_Support,all,"1011012"
zSuthichaP,APP System,10,AdminBB_Support,all,"1012002"
zSuthichaP,APP System,10,AdminBB_Support,all,"1013010"
zSuthichaP,APP System,10,AdminBB_Support,all,"1014001"
zSuthichaP,APP System,10,AdminBB_Support,all,"1014002"
zSuthichaP,APP System,10,AdminBB_Support,all,"1014003"
zSuthichaP,APP System,10,AdminBB_Support,all,"1014005"
zSuthichaP,APP System,10,AdminBB_Support,all,"1014007"
zSuthichaP,APP System,10,AdminBB_Support,all,"1014008"
zSuthichaP,APP System,10,AdminBB_Support,all,"2021001"
zSuthichaP,APP System,10,AdminBB_Support,all,"2021005"
zSuthichaP,APP System,10,AdminBB_Support,all,"2021009"
zSuthichaP,APP System,10,AdminBB_Support,all,"2022001"
zSuthichaP,APP System,10,AdminBB_Support,all,"2022005"
zSuthichaP,APP System,10,AdminBB_Support,all,"2022009"
zSuthichaP,APP System,10,AdminBB_Support,all,"2023001"
zSuthichaP,APP System,10,AdminBB_Support,all,"2023005"
zSuthichaP,APP System,10,AdminBB_Support,all,"2024001"
zSuthichaP,APP System,10,AdminBB_Support,all,"2024005"
zSuthichaP,APP System,10,AdminBB_Support,all,"2025001"
zSuthichaP,APP System,10,AdminBB_Support,all,"2025005"
zSuthichaP,APP System,10,AdminBB_Support,all,"3031001"
zSuthichaP,APP System,10,AdminBB_Support,all,"3031003"
zSuthichaP,APP System,10,AdminBB_Support,all,"3032001"
zSuthichaP,APP System,10,AdminBB_Support,all,"3032002"
zSuthichaP,APP System,10,AdminBB_Support,all,"3032003"
zSuthichaP,APP System,10,AdminBB_Support,all,"3033001"
zSuthichaP,APP System,10,AdminBB_Support,all,"3033003"
zSuthichaP,APP System,10,AdminBB_Support,all,"3034001"
zSuthichaP,APP System,10,AdminBB_Support,all,"3034002"
zSuthichaP,APP System,10,AdminBB_Support,all,"3034003"
zSuthichaP,APP System,10,AdminBB_Support,all,"3034004"
zSuthichaP,APP System,10,AdminBB_Support,all,"3035001"
zSuthichaP,APP System,10,AdminBB_Support,all,"3035003"
zSuthichaP,APP System,10,AdminBB_Support,all,"3036001"
zSuthichaP,APP System,10,AdminBB_Support,all,"3036002"
zSuthichaP,APP System,10,AdminBB_Support,all,"3036003"
zSuthichaP,APP System,10,AdminBB_Support,all,"3036010"
zSuthichaP,APP System,10,AdminBB_Support,all,"3037001"
zSuthichaP,APP System,10,AdminBB_Support,all,"3037002"
zSuthichaP,APP System,10,AdminBB_Support,all,"3037003"
zSuthichaP,APP System,10,AdminBB_Support,all,"4041001"
zSuthichaP,APP System,10,AdminBB_Support,all,"4041002"
zSuthichaP,APP System,10,AdminBB_Support,all,"4041003"
zSuthichaP,APP System,10,AdminBB_Support,all,"4041004"
zSuthichaP,APP System,10,AdminBB_Support,all,"4042001"
zSuthichaP,APP System,10,AdminBB_Support,all,"4042002"
zSuthichaP,APP System,10,AdminBB_Support,all,"4042003"
zSuthichaP,APP System,10,AdminBB_Support,all,"4042004"
zSuthichaP,APP System,10,AdminBB_Support,all,"5051001"
zSuthichaP,APP System,10,AdminBB_Support,all,"5051005"
zSuthichaP,APP System,10,AdminBB_Support,all,"5052001"
zSuthichaP,APP System,10,AdminBB_Support,all,"5052005"
zSuthichaP,Procurement Assistant System,2,Procurement Admin,All,"11011001"
zSuthichaP,Procurement Assistant System,2,Procurement Admin,All,"11011003"
zSuthichaP,Procurement Assistant System,2,Procurement Admin,All,"11011005"
zSuthichaP,Procurement Assistant System,2,Procurement Admin,All,"11011006"
zSuthichaP,Procurement Assistant System,2,Procurement Admin,All,"11011007"
zSuthichaP,Procurement Assistant System,2,Procurement Admin,All,"11012001"
zSuthichaP,Procurement Assistant System,2,Procurement Admin,All,"11012002"
zSuthichaP,Procurement Assistant System,2,Procurement Admin,All,"11013001"
zSuthichaP,Procurement Assistant System,2,Procurement Admin,All,"11013003"
zSuthichaP,Procurement Assistant System,2,Procurement Admin,All,"11013005"
zSuthichaP,Procurement Assistant System,2,Procurement Admin,All,"11013006"
zSuthichaP,Procurement Assistant System,2,Procurement Admin,All,"11013007"
zSuthichaP,Procurement Assistant System,2,Procurement Admin,All,"11014001"
zSuthichaP,Procurement Assistant System,2,Procurement Admin,All,"11014005"
zSuthichaP,Procurement Assistant System,2,Procurement Admin,All,"12021001"
zSuthichaP,Procurement Assistant System,2,Procurement Admin,All,"12021003"
zSuthichaP,Procurement Assistant System,2,Procurement Admin,All,"12022001"
zSuthichaP,Procurement Assistant System,2,Procurement Admin,All,"12022002"
zSuthichaP,Procurement Assistant System,2,Procurement Admin,All,"12022003"
zSuthichaP,Procurement Assistant System,2,Procurement Admin,All,"12023001"
zSuthichaP,Procurement Assistant System,2,Procurement Admin,All,"12023002"
zSuthichaP,Procurement Assistant System,2,Procurement Admin,All,"12023003"
zSuthichaP,Procurement Assistant System,2,Procurement Admin,All,"12023004"
zSuthichaP,Procurement Assistant System,2,Procurement Admin,All,"12024001"
zSuthichaP,Procurement Assistant System,2,Procurement Admin,All,"12024002"
zSuthichaP,Procurement Assistant System,2,Procurement Admin,All,"12024003"
zSuthichaP,Procurement Assistant System,2,Procurement Admin,All,"12024004"
zSuthichaP,Procurement Assistant System,2,Procurement Admin,All,"12025001"
zSuthichaP,Procurement Assistant System,2,Procurement Admin,All,"12025002"
zSuthichaP,Procurement Assistant System,2,Procurement Admin,All,"12025003"
zSuthichaP,Procurement Assistant System,2,Procurement Admin,All,"12025004"
zSuthichaP,Procurement Assistant System,2,Procurement Admin,All,"15051001"
zSuthichaP,Procurement Assistant System,2,Procurement Admin,All,"15051003"
zSuthichaP,Procurement Assistant System,2,Procurement Admin,All,"21011001"
zSuthichaP,Procurement Assistant System,2,Procurement Admin,All,"21011003"
zSuthichaP,Procurement Assistant System,2,Procurement Admin,All,"21011005"
zSuthichaP,Procurement Assistant System,2,Procurement Admin,All,"21012002"
zSuthichaP,Procurement Assistant System,2,Procurement Admin,All,"21012006"
zSuthichaP,Procurement Assistant System,2,Procurement Admin,All,"21012008"
zSuthichaP,Procurement Assistant System,2,Procurement Admin,All,"21012011"
zSuthichaP,Procurement Assistant System,2,Procurement Admin,All,"21012012"
zSuthichaP,Procurement Assistant System,2,Procurement Admin,All,"21012013"
zSuthichaP,Procurement Assistant System,2,Procurement Admin,All,"21013010"
zSuthichaP,Procurement Assistant System,2,Procurement Admin,All,"21014001"
zSuthichaP,Procurement Assistant System,2,Procurement Admin,All,"21014002"
zSuthichaP,Procurement Assistant System,2,Procurement Admin,All,"21014003"
zSuthichaP,Procurement Assistant System,2,Procurement Admin,All,"21014005"
zSuthichaP,Procurement Assistant System,2,Procurement Admin,All,"21014007"
zSuthichaP,Procurement Assistant System,2,Procurement Admin,All,"21014008"
zSuthichaP,Procurement Assistant System,2,Procurement Admin,All,"22021001"
zSuthichaP,Procurement Assistant System,2,Procurement Admin,All,"22021005"
zSuthichaP,Procurement Assistant System,2,Procurement Admin,All,"22021009"
zSuthichaP,Procurement Assistant System,2,Procurement Admin,All,"22022001"
zSuthichaP,Procurement Assistant System,2,Procurement Admin,All,"22022005"
zSuthichaP,Procurement Assistant System,2,Procurement Admin,All,"22022009"
zSuthichaP,Procurement Assistant System,2,Procurement Admin,All,"22023001"
zSuthichaP,Procurement Assistant System,2,Procurement Admin,All,"22023005"
zSuthichaP,Procurement Assistant System,2,Procurement Admin,All,"22024001"
zSuthichaP,Procurement Assistant System,2,Procurement Admin,All,"22024005"
zSuthichaP,Procurement Assistant System,2,Procurement Admin,All,"22025001"
zSuthichaP,Procurement Assistant System,2,Procurement Admin,All,"22025005"
zSuthichaP,Procurement Assistant System,2,Procurement Admin,All,"23031001"
zSuthichaP,Procurement Assistant System,2,Procurement Admin,All,"23031003"
zSuthichaP,Procurement Assistant System,2,Procurement Admin,All,"23032001"
zSuthichaP,Procurement Assistant System,2,Procurement Admin,All,"23032002"
zSuthichaP,Procurement Assistant System,2,Procurement Admin,All,"23032003"
zSuthichaP,Procurement Assistant System,2,Procurement Admin,All,"23033001"
zSuthichaP,Procurement Assistant System,2,Procurement Admin,All,"23033003"
zSuthichaP,Procurement Assistant System,2,Procurement Admin,All,"23034001"
zSuthichaP,Procurement Assistant System,2,Procurement Admin,All,"23034002"
zSuthichaP,Procurement Assistant System,2,Procurement Admin,All,"23034003"
zSuthichaP,Procurement Assistant System,2,Procurement Admin,All,"23034004"
zSuthichaP,Procurement Assistant System,2,Procurement Admin,All,"23035001"
zSuthichaP,Procurement Assistant System,2,Procurement Admin,All,"23035003"
zSuthichaP,Procurement Assistant System,2,Procurement Admin,All,"23038001"
zSuthichaP,Procurement Assistant System,2,Procurement Admin,All,"23038002"
zSuthichaP,Procurement Assistant System,2,Procurement Admin,All,"23038003"
zSuthichaP,Procurement Assistant System,2,Procurement Admin,All,"23039001"
zSuthichaP,Procurement Assistant System,2,Procurement Admin,All,"23039003"
zSuthichaP,Procurement Assistant System,2,Procurement Admin,All,"26061001"
zSuthichaP,Procurement Assistant System,2,Procurement Admin,All,"26061002"
zSuthichaP,Procurement Assistant System,2,Procurement Admin,All,"26061003"
zSuthichaP,Procurement Assistant System,2,Procurement Admin,All,"30100101"
zSuthichaP,Procurement Assistant System,2,Procurement Admin,All,"30100202"
zSuthichaP,Procurement Assistant System,2,Procurement Admin,All,"30200202"
zSuthichaP,Procurement Assistant System,2,Procurement Admin,All,"30300301"
zSuthichaP,Procurement Assistant System,2,Procurement Admin,All,"30300303"
zSuthichaP,Procurement Assistant System,2,Procurement Admin,All,"30300304"
zSuthichaP,Procurement Assistant System,2,Procurement Admin,All,"30300305"
zSuthichaP,Procurement Assistant System,2,Procurement Admin,All,"30300508"
zSuthichaP,Procurement Assistant System,2,Procurement Admin,All,"30300509"
zSuthichaP,Procurement Assistant System,2,Procurement Admin,All,"30300701"
zSuthichaP,Procurement Assistant System,2,Procurement Admin,All,"30400403"
zSuthichaP,Procurement Assistant System,2,Procurement Admin,All,"30400406"
zSuthichaP,Procurement Assistant System,2,Procurement Admin,All,"30400407"
zSuthichaP,Procurement Assistant System,2,Procurement Admin,All,"30400508"
zSuthichaP,Procurement Assistant System,2,Procurement Admin,All,"30400509"
zSuthichaP,Procurement Assistant System,2,Procurement Admin,All,"30400701"
zSuthichaP,Procurement Assistant System,2,Procurement Admin,All,"30400702"
zSuthichaP,Procurement Assistant System,2,Procurement Admin,All,"30400703"
zSuthichaP,Procurement Assistant System,2,Procurement Admin,All,"30400704"
zSuthichaP,Procurement Assistant System,2,Procurement Admin,All,"30500601"
zSuthichaP,Procurement Assistant System,2,Procurement Admin,All,"30500603"
zSuthichaP,Procurement Assistant System,2,Procurement Admin,All,"30600101"
zSuthichaP,Procurement Assistant System,2,Procurement Admin,All,"90100101"
zSuthichaP,Procurement Assistant System,2,Procurement Admin,All,"90100202"
zSuthichaP,Procurement Assistant System,2,Procurement Admin,All,"90200202"
zSuthichaP,Procurement Assistant System,2,Procurement Admin,All,"90300301"
zSuthichaP,Procurement Assistant System,2,Procurement Admin,All,"90300303"
zSuthichaP,Procurement Assistant System,2,Procurement Admin,All,"90300304"
zSuthichaP,Procurement Assistant System,2,Procurement Admin,All,"90400403"
zSuthichaP,Procurement Assistant System,2,Procurement Admin,All,"90500101"
zSuthichaP,Procurement Assistant System,2,Procurement Admin,All,"90500201"
zSuthichaP,Procurement Assistant System,2,Procurement Admin,All,"90600202"
zSuthichaP,Procurement Assistant System,2,Procurement Admin,All,"90700301"
zSuthichaP,Procurement Assistant System,2,Procurement Admin,All,"90700303"
zSuthichaP,Procurement Assistant System,2,Procurement Admin,All,"90700304"
zSuthichaP,Procurement Assistant System,2,Procurement Admin,All,"90800403"
zSuthichaP,Procurement Assistant System,2,Procurement Admin,All,"90900501"
zSuthichaP,Procurement Assistant System,2,Procurement Admin,All,"90900502"
zSuthichaP,Procurement Assistant System,2,Procurement Admin,All,"90900503"
zSuthichaP,Procurement Assistant System,2,Procurement Admin,All,"90900510"
zSuthichaP,Procurement Assistant System,2,Procurement Admin,All,"91000601"
zSuthichaP,Procurement Assistant System,2,Procurement Admin,All,"91000602"
zSuthichaP,Procurement Assistant System,2,Procurement Admin,All,"91000603"
zSuthichaP,Procurement Assistant System,2,Procurement Admin,All,"91100701"
zSuthichaP,Procurement Assistant System,2,Procurement Admin,All,"91200801"
zSuthichaP,Procurement Assistant System,2,Procurement Admin,All,"91200803"
zSuthichaP,Procurement Assistant System,2,Procurement Admin,All,"91300903"
zSuthichaP,Procurement Assistant System,2,Procurement Admin,All,"91401001"
zSuthichaP,Procurement Assistant System,2,Procurement Admin,All,"91501101"
zSuthichaP,Procurement Assistant System,2,Procurement Admin,All,"91601205"
zSuthichaP,Procurement Assistant System,2,Procurement Admin,All,"91701301"
zSuthichaP,Procurement Assistant System,2,Procurement Admin,All,"91701305"
zSuthichaP,Procurement Assistant System,2,Procurement Admin,All,"91801401"
zSuthichaP,Procurement Assistant System,2,Procurement Admin,All,"91801501"
zSuthichaP,Procurement Assistant System,2,Procurement Admin,All,"91801601"
zSuthichaP,Reference Price System,1,Admin,Admin,"101101"
zSuthichaP,Reference Price System,1,Admin,Admin,"101103"
zSuthichaP,Reference Price System,1,Admin,Admin,"101105"
zSuthichaP,Reference Price System,1,Admin,Admin,"101106"
zSuthichaP,Reference Price System,1,Admin,Admin,"101107"
zSuthichaP,Reference Price System,1,Admin,Admin,"101201"
zSuthichaP,Reference Price System,1,Admin,Admin,"101202"
zSuthichaP,Reference Price System,1,Admin,Admin,"101301"
zSuthichaP,Reference Price System,1,Admin,Admin,"101303"
zSuthichaP,Reference Price System,1,Admin,Admin,"101305"
zSuthichaP,Reference Price System,1,Admin,Admin,"101306"
zSuthichaP,Reference Price System,1,Admin,Admin,"101307"
zSuthichaP,Reference Price System,1,Admin,Admin,"101401"
zSuthichaP,Reference Price System,1,Admin,Admin,"101405"
zSuthichaP,Reference Price System,1,Admin,Admin,"202101"
zSuthichaP,Reference Price System,1,Admin,Admin,"202103"
zSuthichaP,Reference Price System,1,Admin,Admin,"202201"
zSuthichaP,Reference Price System,1,Admin,Admin,"202202"
zSuthichaP,Reference Price System,1,Admin,Admin,"202203"
zSuthichaP,Reference Price System,1,Admin,Admin,"202301"
zSuthichaP,Reference Price System,1,Admin,Admin,"202302"
zSuthichaP,Reference Price System,1,Admin,Admin,"202303"
zSuthichaP,Reference Price System,1,Admin,Admin,"202304"
zSuthichaP,Reference Price System,1,Admin,Admin,"202401"
zSuthichaP,Reference Price System,1,Admin,Admin,"202402"
zSuthichaP,Reference Price System,1,Admin,Admin,"202403"
zSuthichaP,Reference Price System,1,Admin,Admin,"202404"
zSuthichaP,Reference Price System,1,Admin,Admin,"202501"
zSuthichaP,Reference Price System,1,Admin,Admin,"202502"
zSuthichaP,Reference Price System,1,Admin,Admin,"202503"
zSuthichaP,Reference Price System,1,Admin,Admin,"202504"
zSuthichaP,Reference Price System,1,Admin,Admin,"303101"
zSuthichaP,Reference Price System,1,Admin,Admin,"303102"
zSuthichaP,Reference Price System,1,Admin,Admin,"303103"
zSuthichaP,Reference Price System,1,Admin,Admin,"303104"
zSuthichaP,Reference Price System,1,Admin,Admin,"303201"
zSuthichaP,Reference Price System,1,Admin,Admin,"303202"
zSuthichaP,Reference Price System,1,Admin,Admin,"303203"
zSuthichaP,Reference Price System,1,Admin,Admin,"303204"
zSuthichaP,Reference Price System,1,Admin,Admin,"404101"
zSuthichaP,Reference Price System,1,Admin,Admin,"404201"
zSuthichaP,Reference Price System,1,Admin,Admin,"404301"
zSuthichaP,Reference Price System,1,Admin,Admin,"404401"
zThanaratT,APP System,10,AdminBB_Support,all,"1011001"
zThanaratT,APP System,10,AdminBB_Support,all,"1011003"
zThanaratT,APP System,10,AdminBB_Support,all,"1011005"
zThanaratT,APP System,10,AdminBB_Support,all,"1011006"
zThanaratT,APP System,10,AdminBB_Support,all,"1011008"
zThanaratT,APP System,10,AdminBB_Support,all,"1011011"
zThanaratT,APP System,10,AdminBB_Support,all,"1011012"
zThanaratT,APP System,10,AdminBB_Support,all,"1012002"
zThanaratT,APP System,10,AdminBB_Support,all,"1013010"
zThanaratT,APP System,10,AdminBB_Support,all,"1014001"
zThanaratT,APP System,10,AdminBB_Support,all,"1014002"
zThanaratT,APP System,10,AdminBB_Support,all,"1014003"
zThanaratT,APP System,10,AdminBB_Support,all,"1014005"
zThanaratT,APP System,10,AdminBB_Support,all,"1014007"
zThanaratT,APP System,10,AdminBB_Support,all,"1014008"
zThanaratT,APP System,10,AdminBB_Support,all,"2021001"
zThanaratT,APP System,10,AdminBB_Support,all,"2021005"
zThanaratT,APP System,10,AdminBB_Support,all,"2021009"
zThanaratT,APP System,10,AdminBB_Support,all,"2022001"
zThanaratT,APP System,10,AdminBB_Support,all,"2022005"
zThanaratT,APP System,10,AdminBB_Support,all,"2022009"
zThanaratT,APP System,10,AdminBB_Support,all,"2023001"
zThanaratT,APP System,10,AdminBB_Support,all,"2023005"
zThanaratT,APP System,10,AdminBB_Support,all,"2024001"
zThanaratT,APP System,10,AdminBB_Support,all,"2024005"
zThanaratT,APP System,10,AdminBB_Support,all,"2025001"
zThanaratT,APP System,10,AdminBB_Support,all,"2025005"
zThanaratT,APP System,10,AdminBB_Support,all,"3031001"
zThanaratT,APP System,10,AdminBB_Support,all,"3031003"
zThanaratT,APP System,10,AdminBB_Support,all,"3032001"
zThanaratT,APP System,10,AdminBB_Support,all,"3032002"
zThanaratT,APP System,10,AdminBB_Support,all,"3032003"
zThanaratT,APP System,10,AdminBB_Support,all,"3033001"
zThanaratT,APP System,10,AdminBB_Support,all,"3033003"
zThanaratT,APP System,10,AdminBB_Support,all,"3034001"
zThanaratT,APP System,10,AdminBB_Support,all,"3034002"
zThanaratT,APP System,10,AdminBB_Support,all,"3034003"
zThanaratT,APP System,10,AdminBB_Support,all,"3034004"
zThanaratT,APP System,10,AdminBB_Support,all,"3035001"
zThanaratT,APP System,10,AdminBB_Support,all,"3035003"
zThanaratT,APP System,10,AdminBB_Support,all,"3036001"
zThanaratT,APP System,10,AdminBB_Support,all,"3036002"
zThanaratT,APP System,10,AdminBB_Support,all,"3036003"
zThanaratT,APP System,10,AdminBB_Support,all,"3036010"
zThanaratT,APP System,10,AdminBB_Support,all,"3037001"
zThanaratT,APP System,10,AdminBB_Support,all,"3037002"
zThanaratT,APP System,10,AdminBB_Support,all,"3037003"
zThanaratT,APP System,10,AdminBB_Support,all,"4041001"
zThanaratT,APP System,10,AdminBB_Support,all,"4041002"
zThanaratT,APP System,10,AdminBB_Support,all,"4041003"
zThanaratT,APP System,10,AdminBB_Support,all,"4041004"
zThanaratT,APP System,10,AdminBB_Support,all,"4042001"
zThanaratT,APP System,10,AdminBB_Support,all,"4042002"
zThanaratT,APP System,10,AdminBB_Support,all,"4042003"
zThanaratT,APP System,10,AdminBB_Support,all,"4042004"
zThanaratT,APP System,10,AdminBB_Support,all,"5051001"
zThanaratT,APP System,10,AdminBB_Support,all,"5051005"
zThanaratT,APP System,10,AdminBB_Support,all,"5052001"
zThanaratT,APP System,10,AdminBB_Support,all,"5052005"
zThanaratT,Procurement Assistant System,2,Procurement Admin,All,"11011001"
zThanaratT,Procurement Assistant System,2,Procurement Admin,All,"11011003"
zThanaratT,Procurement Assistant System,2,Procurement Admin,All,"11011005"
zThanaratT,Procurement Assistant System,2,Procurement Admin,All,"11011006"
zThanaratT,Procurement Assistant System,2,Procurement Admin,All,"11011007"
zThanaratT,Procurement Assistant System,2,Procurement Admin,All,"11012001"
zThanaratT,Procurement Assistant System,2,Procurement Admin,All,"11012002"
zThanaratT,Procurement Assistant System,2,Procurement Admin,All,"11013001"
zThanaratT,Procurement Assistant System,2,Procurement Admin,All,"11013003"
zThanaratT,Procurement Assistant System,2,Procurement Admin,All,"11013005"
zThanaratT,Procurement Assistant System,2,Procurement Admin,All,"11013006"
zThanaratT,Procurement Assistant System,2,Procurement Admin,All,"11013007"
zThanaratT,Procurement Assistant System,2,Procurement Admin,All,"11014001"
zThanaratT,Procurement Assistant System,2,Procurement Admin,All,"11014005"
zThanaratT,Procurement Assistant System,2,Procurement Admin,All,"12021001"
zThanaratT,Procurement Assistant System,2,Procurement Admin,All,"12021003"
zThanaratT,Procurement Assistant System,2,Procurement Admin,All,"12022001"
zThanaratT,Procurement Assistant System,2,Procurement Admin,All,"12022002"
zThanaratT,Procurement Assistant System,2,Procurement Admin,All,"12022003"
zThanaratT,Procurement Assistant System,2,Procurement Admin,All,"12023001"
zThanaratT,Procurement Assistant System,2,Procurement Admin,All,"12023002"
zThanaratT,Procurement Assistant System,2,Procurement Admin,All,"12023003"
zThanaratT,Procurement Assistant System,2,Procurement Admin,All,"12023004"
zThanaratT,Procurement Assistant System,2,Procurement Admin,All,"12024001"
zThanaratT,Procurement Assistant System,2,Procurement Admin,All,"12024002"
zThanaratT,Procurement Assistant System,2,Procurement Admin,All,"12024003"
zThanaratT,Procurement Assistant System,2,Procurement Admin,All,"12024004"
zThanaratT,Procurement Assistant System,2,Procurement Admin,All,"12025001"
zThanaratT,Procurement Assistant System,2,Procurement Admin,All,"12025002"
zThanaratT,Procurement Assistant System,2,Procurement Admin,All,"12025003"
zThanaratT,Procurement Assistant System,2,Procurement Admin,All,"12025004"
zThanaratT,Procurement Assistant System,2,Procurement Admin,All,"15051001"
zThanaratT,Procurement Assistant System,2,Procurement Admin,All,"15051003"
zThanaratT,Procurement Assistant System,2,Procurement Admin,All,"21011001"
zThanaratT,Procurement Assistant System,2,Procurement Admin,All,"21011003"
zThanaratT,Procurement Assistant System,2,Procurement Admin,All,"21011005"
zThanaratT,Procurement Assistant System,2,Procurement Admin,All,"21012002"
zThanaratT,Procurement Assistant System,2,Procurement Admin,All,"21012006"
zThanaratT,Procurement Assistant System,2,Procurement Admin,All,"21012008"
zThanaratT,Procurement Assistant System,2,Procurement Admin,All,"21012011"
zThanaratT,Procurement Assistant System,2,Procurement Admin,All,"21012012"
zThanaratT,Procurement Assistant System,2,Procurement Admin,All,"21012013"
zThanaratT,Procurement Assistant System,2,Procurement Admin,All,"21013010"
zThanaratT,Procurement Assistant System,2,Procurement Admin,All,"21014001"
zThanaratT,Procurement Assistant System,2,Procurement Admin,All,"21014002"
zThanaratT,Procurement Assistant System,2,Procurement Admin,All,"21014003"
zThanaratT,Procurement Assistant System,2,Procurement Admin,All,"21014005"
zThanaratT,Procurement Assistant System,2,Procurement Admin,All,"21014007"
zThanaratT,Procurement Assistant System,2,Procurement Admin,All,"21014008"
zThanaratT,Procurement Assistant System,2,Procurement Admin,All,"22021001"
zThanaratT,Procurement Assistant System,2,Procurement Admin,All,"22021005"
zThanaratT,Procurement Assistant System,2,Procurement Admin,All,"22021009"
zThanaratT,Procurement Assistant System,2,Procurement Admin,All,"22022001"
zThanaratT,Procurement Assistant System,2,Procurement Admin,All,"22022005"
zThanaratT,Procurement Assistant System,2,Procurement Admin,All,"22022009"
zThanaratT,Procurement Assistant System,2,Procurement Admin,All,"22023001"
zThanaratT,Procurement Assistant System,2,Procurement Admin,All,"22023005"
zThanaratT,Procurement Assistant System,2,Procurement Admin,All,"22024001"
zThanaratT,Procurement Assistant System,2,Procurement Admin,All,"22024005"
zThanaratT,Procurement Assistant System,2,Procurement Admin,All,"22025001"
zThanaratT,Procurement Assistant System,2,Procurement Admin,All,"22025005"
zThanaratT,Procurement Assistant System,2,Procurement Admin,All,"23031001"
zThanaratT,Procurement Assistant System,2,Procurement Admin,All,"23031003"
zThanaratT,Procurement Assistant System,2,Procurement Admin,All,"23032001"
zThanaratT,Procurement Assistant System,2,Procurement Admin,All,"23032002"
zThanaratT,Procurement Assistant System,2,Procurement Admin,All,"23032003"
zThanaratT,Procurement Assistant System,2,Procurement Admin,All,"23033001"
zThanaratT,Procurement Assistant System,2,Procurement Admin,All,"23033003"
zThanaratT,Procurement Assistant System,2,Procurement Admin,All,"23034001"
zThanaratT,Procurement Assistant System,2,Procurement Admin,All,"23034002"
zThanaratT,Procurement Assistant System,2,Procurement Admin,All,"23034003"
zThanaratT,Procurement Assistant System,2,Procurement Admin,All,"23034004"
zThanaratT,Procurement Assistant System,2,Procurement Admin,All,"23035001"
zThanaratT,Procurement Assistant System,2,Procurement Admin,All,"23035003"
zThanaratT,Procurement Assistant System,2,Procurement Admin,All,"23038001"
zThanaratT,Procurement Assistant System,2,Procurement Admin,All,"23038002"
zThanaratT,Procurement Assistant System,2,Procurement Admin,All,"23038003"
zThanaratT,Procurement Assistant System,2,Procurement Admin,All,"23039001"
zThanaratT,Procurement Assistant System,2,Procurement Admin,All,"23039003"
zThanaratT,Procurement Assistant System,2,Procurement Admin,All,"26061001"
zThanaratT,Procurement Assistant System,2,Procurement Admin,All,"26061002"
zThanaratT,Procurement Assistant System,2,Procurement Admin,All,"26061003"
zThanaratT,Procurement Assistant System,2,Procurement Admin,All,"30100101"
zThanaratT,Procurement Assistant System,2,Procurement Admin,All,"30100202"
zThanaratT,Procurement Assistant System,2,Procurement Admin,All,"30200202"
zThanaratT,Procurement Assistant System,2,Procurement Admin,All,"30300301"
zThanaratT,Procurement Assistant System,2,Procurement Admin,All,"30300303"
zThanaratT,Procurement Assistant System,2,Procurement Admin,All,"30300304"
zThanaratT,Procurement Assistant System,2,Procurement Admin,All,"30300305"
zThanaratT,Procurement Assistant System,2,Procurement Admin,All,"30300508"
zThanaratT,Procurement Assistant System,2,Procurement Admin,All,"30300509"
zThanaratT,Procurement Assistant System,2,Procurement Admin,All,"30300701"
zThanaratT,Procurement Assistant System,2,Procurement Admin,All,"30400403"
zThanaratT,Procurement Assistant System,2,Procurement Admin,All,"30400406"
zThanaratT,Procurement Assistant System,2,Procurement Admin,All,"30400407"
zThanaratT,Procurement Assistant System,2,Procurement Admin,All,"30400508"
zThanaratT,Procurement Assistant System,2,Procurement Admin,All,"30400509"
zThanaratT,Procurement Assistant System,2,Procurement Admin,All,"30400701"
zThanaratT,Procurement Assistant System,2,Procurement Admin,All,"30400702"
zThanaratT,Procurement Assistant System,2,Procurement Admin,All,"30400703"
zThanaratT,Procurement Assistant System,2,Procurement Admin,All,"30400704"
zThanaratT,Procurement Assistant System,2,Procurement Admin,All,"30500601"
zThanaratT,Procurement Assistant System,2,Procurement Admin,All,"30500603"
zThanaratT,Procurement Assistant System,2,Procurement Admin,All,"30600101"
zThanaratT,Procurement Assistant System,2,Procurement Admin,All,"90100101"
zThanaratT,Procurement Assistant System,2,Procurement Admin,All,"90100202"
zThanaratT,Procurement Assistant System,2,Procurement Admin,All,"90200202"
zThanaratT,Procurement Assistant System,2,Procurement Admin,All,"90300301"
zThanaratT,Procurement Assistant System,2,Procurement Admin,All,"90300303"
zThanaratT,Procurement Assistant System,2,Procurement Admin,All,"90300304"
zThanaratT,Procurement Assistant System,2,Procurement Admin,All,"90400403"
zThanaratT,Procurement Assistant System,2,Procurement Admin,All,"90500101"
zThanaratT,Procurement Assistant System,2,Procurement Admin,All,"90500201"
zThanaratT,Procurement Assistant System,2,Procurement Admin,All,"90600202"
zThanaratT,Procurement Assistant System,2,Procurement Admin,All,"90700301"
zThanaratT,Procurement Assistant System,2,Procurement Admin,All,"90700303"
zThanaratT,Procurement Assistant System,2,Procurement Admin,All,"90700304"
zThanaratT,Procurement Assistant System,2,Procurement Admin,All,"90800403"
zThanaratT,Procurement Assistant System,2,Procurement Admin,All,"90900501"
zThanaratT,Procurement Assistant System,2,Procurement Admin,All,"90900502"
zThanaratT,Procurement Assistant System,2,Procurement Admin,All,"90900503"
zThanaratT,Procurement Assistant System,2,Procurement Admin,All,"90900510"
zThanaratT,Procurement Assistant System,2,Procurement Admin,All,"91000601"
zThanaratT,Procurement Assistant System,2,Procurement Admin,All,"91000602"
zThanaratT,Procurement Assistant System,2,Procurement Admin,All,"91000603"
zThanaratT,Procurement Assistant System,2,Procurement Admin,All,"91100701"
zThanaratT,Procurement Assistant System,2,Procurement Admin,All,"91200801"
zThanaratT,Procurement Assistant System,2,Procurement Admin,All,"91200803"
zThanaratT,Procurement Assistant System,2,Procurement Admin,All,"91300903"
zThanaratT,Procurement Assistant System,2,Procurement Admin,All,"91401001"
zThanaratT,Procurement Assistant System,2,Procurement Admin,All,"91501101"
zThanaratT,Procurement Assistant System,2,Procurement Admin,All,"91601205"
zThanaratT,Procurement Assistant System,2,Procurement Admin,All,"91701301"
zThanaratT,Procurement Assistant System,2,Procurement Admin,All,"91701305"
zThanaratT,Procurement Assistant System,2,Procurement Admin,All,"91801401"
zThanaratT,Procurement Assistant System,2,Procurement Admin,All,"91801501"
zThanaratT,Procurement Assistant System,2,Procurement Admin,All,"91801601"
zThanaratT,Reference Price System,1,Admin,Admin,"101101"
zThanaratT,Reference Price System,1,Admin,Admin,"101103"
zThanaratT,Reference Price System,1,Admin,Admin,"101105"
zThanaratT,Reference Price System,1,Admin,Admin,"101106"
zThanaratT,Reference Price System,1,Admin,Admin,"101107"
zThanaratT,Reference Price System,1,Admin,Admin,"101201"
zThanaratT,Reference Price System,1,Admin,Admin,"101202"
zThanaratT,Reference Price System,1,Admin,Admin,"101301"
zThanaratT,Reference Price System,1,Admin,Admin,"101303"
zThanaratT,Reference Price System,1,Admin,Admin,"101305"
zThanaratT,Reference Price System,1,Admin,Admin,"101306"
zThanaratT,Reference Price System,1,Admin,Admin,"101307"
zThanaratT,Reference Price System,1,Admin,Admin,"101401"
zThanaratT,Reference Price System,1,Admin,Admin,"101405"
zThanaratT,Reference Price System,1,Admin,Admin,"202101"
zThanaratT,Reference Price System,1,Admin,Admin,"202103"
zThanaratT,Reference Price System,1,Admin,Admin,"202201"
zThanaratT,Reference Price System,1,Admin,Admin,"202202"
zThanaratT,Reference Price System,1,Admin,Admin,"202203"
zThanaratT,Reference Price System,1,Admin,Admin,"202301"
zThanaratT,Reference Price System,1,Admin,Admin,"202302"
zThanaratT,Reference Price System,1,Admin,Admin,"202303"
zThanaratT,Reference Price System,1,Admin,Admin,"202304"
zThanaratT,Reference Price System,1,Admin,Admin,"202401"
zThanaratT,Reference Price System,1,Admin,Admin,"202402"
zThanaratT,Reference Price System,1,Admin,Admin,"202403"
zThanaratT,Reference Price System,1,Admin,Admin,"202404"
zThanaratT,Reference Price System,1,Admin,Admin,"202501"
zThanaratT,Reference Price System,1,Admin,Admin,"202502"
zThanaratT,Reference Price System,1,Admin,Admin,"202503"
zThanaratT,Reference Price System,1,Admin,Admin,"202504"
zThanaratT,Reference Price System,1,Admin,Admin,"303101"
zThanaratT,Reference Price System,1,Admin,Admin,"303102"
zThanaratT,Reference Price System,1,Admin,Admin,"303103"
zThanaratT,Reference Price System,1,Admin,Admin,"303104"
zThanaratT,Reference Price System,1,Admin,Admin,"303201"
zThanaratT,Reference Price System,1,Admin,Admin,"303202"
zThanaratT,Reference Price System,1,Admin,Admin,"303203"
zThanaratT,Reference Price System,1,Admin,Admin,"303204"
zThanaratT,Reference Price System,1,Admin,Admin,"404101"
zThanaratT,Reference Price System,1,Admin,Admin,"404201"
zThanaratT,Reference Price System,1,Admin,Admin,"404301"
zThanaratT,Reference Price System,1,Admin,Admin,"404401"
zThanyaratY,Procurement Assistant System,2,Procurement Admin,All,"11011001"
zThanyaratY,Procurement Assistant System,2,Procurement Admin,All,"11011003"
zThanyaratY,Procurement Assistant System,2,Procurement Admin,All,"11011005"
zThanyaratY,Procurement Assistant System,2,Procurement Admin,All,"11011006"
zThanyaratY,Procurement Assistant System,2,Procurement Admin,All,"11011007"
zThanyaratY,Procurement Assistant System,2,Procurement Admin,All,"11012001"
zThanyaratY,Procurement Assistant System,2,Procurement Admin,All,"11012002"
zThanyaratY,Procurement Assistant System,2,Procurement Admin,All,"11013001"
zThanyaratY,Procurement Assistant System,2,Procurement Admin,All,"11013003"
zThanyaratY,Procurement Assistant System,2,Procurement Admin,All,"11013005"
zThanyaratY,Procurement Assistant System,2,Procurement Admin,All,"11013006"
zThanyaratY,Procurement Assistant System,2,Procurement Admin,All,"11013007"
zThanyaratY,Procurement Assistant System,2,Procurement Admin,All,"11014001"
zThanyaratY,Procurement Assistant System,2,Procurement Admin,All,"11014005"
zThanyaratY,Procurement Assistant System,2,Procurement Admin,All,"12021001"
zThanyaratY,Procurement Assistant System,2,Procurement Admin,All,"12021003"
zThanyaratY,Procurement Assistant System,2,Procurement Admin,All,"12022001"
zThanyaratY,Procurement Assistant System,2,Procurement Admin,All,"12022002"
zThanyaratY,Procurement Assistant System,2,Procurement Admin,All,"12022003"
zThanyaratY,Procurement Assistant System,2,Procurement Admin,All,"12023001"
zThanyaratY,Procurement Assistant System,2,Procurement Admin,All,"12023002"
zThanyaratY,Procurement Assistant System,2,Procurement Admin,All,"12023003"
zThanyaratY,Procurement Assistant System,2,Procurement Admin,All,"12023004"
zThanyaratY,Procurement Assistant System,2,Procurement Admin,All,"12024001"
zThanyaratY,Procurement Assistant System,2,Procurement Admin,All,"12024002"
zThanyaratY,Procurement Assistant System,2,Procurement Admin,All,"12024003"
zThanyaratY,Procurement Assistant System,2,Procurement Admin,All,"12024004"
zThanyaratY,Procurement Assistant System,2,Procurement Admin,All,"12025001"
zThanyaratY,Procurement Assistant System,2,Procurement Admin,All,"12025002"
zThanyaratY,Procurement Assistant System,2,Procurement Admin,All,"12025003"
zThanyaratY,Procurement Assistant System,2,Procurement Admin,All,"12025004"
zThanyaratY,Procurement Assistant System,2,Procurement Admin,All,"15051001"
zThanyaratY,Procurement Assistant System,2,Procurement Admin,All,"15051003"
zThanyaratY,Procurement Assistant System,2,Procurement Admin,All,"21011001"
zThanyaratY,Procurement Assistant System,2,Procurement Admin,All,"21011003"
zThanyaratY,Procurement Assistant System,2,Procurement Admin,All,"21011005"
zThanyaratY,Procurement Assistant System,2,Procurement Admin,All,"21012002"
zThanyaratY,Procurement Assistant System,2,Procurement Admin,All,"21012006"
zThanyaratY,Procurement Assistant System,2,Procurement Admin,All,"21012008"
zThanyaratY,Procurement Assistant System,2,Procurement Admin,All,"21012011"
zThanyaratY,Procurement Assistant System,2,Procurement Admin,All,"21012012"
zThanyaratY,Procurement Assistant System,2,Procurement Admin,All,"21012013"
zThanyaratY,Procurement Assistant System,2,Procurement Admin,All,"21013010"
zThanyaratY,Procurement Assistant System,2,Procurement Admin,All,"21014001"
zThanyaratY,Procurement Assistant System,2,Procurement Admin,All,"21014002"
zThanyaratY,Procurement Assistant System,2,Procurement Admin,All,"21014003"
zThanyaratY,Procurement Assistant System,2,Procurement Admin,All,"21014005"
zThanyaratY,Procurement Assistant System,2,Procurement Admin,All,"21014007"
zThanyaratY,Procurement Assistant System,2,Procurement Admin,All,"21014008"
zThanyaratY,Procurement Assistant System,2,Procurement Admin,All,"22021001"
zThanyaratY,Procurement Assistant System,2,Procurement Admin,All,"22021005"
zThanyaratY,Procurement Assistant System,2,Procurement Admin,All,"22021009"
zThanyaratY,Procurement Assistant System,2,Procurement Admin,All,"22022001"
zThanyaratY,Procurement Assistant System,2,Procurement Admin,All,"22022005"
zThanyaratY,Procurement Assistant System,2,Procurement Admin,All,"22022009"
zThanyaratY,Procurement Assistant System,2,Procurement Admin,All,"22023001"
zThanyaratY,Procurement Assistant System,2,Procurement Admin,All,"22023005"
zThanyaratY,Procurement Assistant System,2,Procurement Admin,All,"22024001"
zThanyaratY,Procurement Assistant System,2,Procurement Admin,All,"22024005"
zThanyaratY,Procurement Assistant System,2,Procurement Admin,All,"22025001"
zThanyaratY,Procurement Assistant System,2,Procurement Admin,All,"22025005"
zThanyaratY,Procurement Assistant System,2,Procurement Admin,All,"23031001"
zThanyaratY,Procurement Assistant System,2,Procurement Admin,All,"23031003"
zThanyaratY,Procurement Assistant System,2,Procurement Admin,All,"23032001"
zThanyaratY,Procurement Assistant System,2,Procurement Admin,All,"23032002"
zThanyaratY,Procurement Assistant System,2,Procurement Admin,All,"23032003"
zThanyaratY,Procurement Assistant System,2,Procurement Admin,All,"23033001"
zThanyaratY,Procurement Assistant System,2,Procurement Admin,All,"23033003"
zThanyaratY,Procurement Assistant System,2,Procurement Admin,All,"23034001"
zThanyaratY,Procurement Assistant System,2,Procurement Admin,All,"23034002"
zThanyaratY,Procurement Assistant System,2,Procurement Admin,All,"23034003"
zThanyaratY,Procurement Assistant System,2,Procurement Admin,All,"23034004"
zThanyaratY,Procurement Assistant System,2,Procurement Admin,All,"23035001"
zThanyaratY,Procurement Assistant System,2,Procurement Admin,All,"23035003"
zThanyaratY,Procurement Assistant System,2,Procurement Admin,All,"23038001"
zThanyaratY,Procurement Assistant System,2,Procurement Admin,All,"23038002"
zThanyaratY,Procurement Assistant System,2,Procurement Admin,All,"23038003"
zThanyaratY,Procurement Assistant System,2,Procurement Admin,All,"23039001"
zThanyaratY,Procurement Assistant System,2,Procurement Admin,All,"23039003"
zThanyaratY,Procurement Assistant System,2,Procurement Admin,All,"26061001"
zThanyaratY,Procurement Assistant System,2,Procurement Admin,All,"26061002"
zThanyaratY,Procurement Assistant System,2,Procurement Admin,All,"26061003"
zThanyaratY,Procurement Assistant System,2,Procurement Admin,All,"30100101"
zThanyaratY,Procurement Assistant System,2,Procurement Admin,All,"30100202"
zThanyaratY,Procurement Assistant System,2,Procurement Admin,All,"30200202"
zThanyaratY,Procurement Assistant System,2,Procurement Admin,All,"30300301"
zThanyaratY,Procurement Assistant System,2,Procurement Admin,All,"30300303"
zThanyaratY,Procurement Assistant System,2,Procurement Admin,All,"30300304"
zThanyaratY,Procurement Assistant System,2,Procurement Admin,All,"30300305"
zThanyaratY,Procurement Assistant System,2,Procurement Admin,All,"30300508"
zThanyaratY,Procurement Assistant System,2,Procurement Admin,All,"30300509"
zThanyaratY,Procurement Assistant System,2,Procurement Admin,All,"30300701"
zThanyaratY,Procurement Assistant System,2,Procurement Admin,All,"30400403"
zThanyaratY,Procurement Assistant System,2,Procurement Admin,All,"30400406"
zThanyaratY,Procurement Assistant System,2,Procurement Admin,All,"30400407"
zThanyaratY,Procurement Assistant System,2,Procurement Admin,All,"30400508"
zThanyaratY,Procurement Assistant System,2,Procurement Admin,All,"30400509"
zThanyaratY,Procurement Assistant System,2,Procurement Admin,All,"30400701"
zThanyaratY,Procurement Assistant System,2,Procurement Admin,All,"30400702"
zThanyaratY,Procurement Assistant System,2,Procurement Admin,All,"30400703"
zThanyaratY,Procurement Assistant System,2,Procurement Admin,All,"30400704"
zThanyaratY,Procurement Assistant System,2,Procurement Admin,All,"30500601"
zThanyaratY,Procurement Assistant System,2,Procurement Admin,All,"30500603"
zThanyaratY,Procurement Assistant System,2,Procurement Admin,All,"30600101"
zThanyaratY,Procurement Assistant System,2,Procurement Admin,All,"90100101"
zThanyaratY,Procurement Assistant System,2,Procurement Admin,All,"90100202"
zThanyaratY,Procurement Assistant System,2,Procurement Admin,All,"90200202"
zThanyaratY,Procurement Assistant System,2,Procurement Admin,All,"90300301"
zThanyaratY,Procurement Assistant System,2,Procurement Admin,All,"90300303"
zThanyaratY,Procurement Assistant System,2,Procurement Admin,All,"90300304"
zThanyaratY,Procurement Assistant System,2,Procurement Admin,All,"90400403"
zThanyaratY,Procurement Assistant System,2,Procurement Admin,All,"90500101"
zThanyaratY,Procurement Assistant System,2,Procurement Admin,All,"90500201"
zThanyaratY,Procurement Assistant System,2,Procurement Admin,All,"90600202"
zThanyaratY,Procurement Assistant System,2,Procurement Admin,All,"90700301"
zThanyaratY,Procurement Assistant System,2,Procurement Admin,All,"90700303"
zThanyaratY,Procurement Assistant System,2,Procurement Admin,All,"90700304"
zThanyaratY,Procurement Assistant System,2,Procurement Admin,All,"90800403"
zThanyaratY,Procurement Assistant System,2,Procurement Admin,All,"90900501"
zThanyaratY,Procurement Assistant System,2,Procurement Admin,All,"90900502"
zThanyaratY,Procurement Assistant System,2,Procurement Admin,All,"90900503"
zThanyaratY,Procurement Assistant System,2,Procurement Admin,All,"90900510"
zThanyaratY,Procurement Assistant System,2,Procurement Admin,All,"91000601"
zThanyaratY,Procurement Assistant System,2,Procurement Admin,All,"91000602"
zThanyaratY,Procurement Assistant System,2,Procurement Admin,All,"91000603"
zThanyaratY,Procurement Assistant System,2,Procurement Admin,All,"91100701"
zThanyaratY,Procurement Assistant System,2,Procurement Admin,All,"91200801"
zThanyaratY,Procurement Assistant System,2,Procurement Admin,All,"91200803"
zThanyaratY,Procurement Assistant System,2,Procurement Admin,All,"91300903"
zThanyaratY,Procurement Assistant System,2,Procurement Admin,All,"91401001"
zThanyaratY,Procurement Assistant System,2,Procurement Admin,All,"91501101"
zThanyaratY,Procurement Assistant System,2,Procurement Admin,All,"91601205"
zThanyaratY,Procurement Assistant System,2,Procurement Admin,All,"91701301"
zThanyaratY,Procurement Assistant System,2,Procurement Admin,All,"91701305"
zThanyaratY,Procurement Assistant System,2,Procurement Admin,All,"91801401"
zThanyaratY,Procurement Assistant System,2,Procurement Admin,All,"91801501"
zThanyaratY,Procurement Assistant System,2,Procurement Admin,All,"91801601"
zThanyaratY,Procurement Assistant System,5,Procurement VP,Specific,"30100101"
zThanyaratY,Procurement Assistant System,5,Procurement VP,Specific,"30300301"
zThanyaratY,Procurement Assistant System,5,Procurement VP,Specific,"30500601"
zThanyaratY,Procurement Assistant System,5,Procurement VP,Specific,"30600101"
zTheerapolS,Procurement Assistant System,2,Procurement Admin,All,"11011001"
zTheerapolS,Procurement Assistant System,2,Procurement Admin,All,"11011003"
zTheerapolS,Procurement Assistant System,2,Procurement Admin,All,"11011005"
zTheerapolS,Procurement Assistant System,2,Procurement Admin,All,"11011006"
zTheerapolS,Procurement Assistant System,2,Procurement Admin,All,"11011007"
zTheerapolS,Procurement Assistant System,2,Procurement Admin,All,"11012001"
zTheerapolS,Procurement Assistant System,2,Procurement Admin,All,"11012002"
zTheerapolS,Procurement Assistant System,2,Procurement Admin,All,"11013001"
zTheerapolS,Procurement Assistant System,2,Procurement Admin,All,"11013003"
zTheerapolS,Procurement Assistant System,2,Procurement Admin,All,"11013005"
zTheerapolS,Procurement Assistant System,2,Procurement Admin,All,"11013006"
zTheerapolS,Procurement Assistant System,2,Procurement Admin,All,"11013007"
zTheerapolS,Procurement Assistant System,2,Procurement Admin,All,"11014001"
zTheerapolS,Procurement Assistant System,2,Procurement Admin,All,"11014005"
zTheerapolS,Procurement Assistant System,2,Procurement Admin,All,"12021001"
zTheerapolS,Procurement Assistant System,2,Procurement Admin,All,"12021003"
zTheerapolS,Procurement Assistant System,2,Procurement Admin,All,"12022001"
zTheerapolS,Procurement Assistant System,2,Procurement Admin,All,"12022002"
zTheerapolS,Procurement Assistant System,2,Procurement Admin,All,"12022003"
zTheerapolS,Procurement Assistant System,2,Procurement Admin,All,"12023001"
zTheerapolS,Procurement Assistant System,2,Procurement Admin,All,"12023002"
zTheerapolS,Procurement Assistant System,2,Procurement Admin,All,"12023003"
zTheerapolS,Procurement Assistant System,2,Procurement Admin,All,"12023004"
zTheerapolS,Procurement Assistant System,2,Procurement Admin,All,"12024001"
zTheerapolS,Procurement Assistant System,2,Procurement Admin,All,"12024002"
zTheerapolS,Procurement Assistant System,2,Procurement Admin,All,"12024003"
zTheerapolS,Procurement Assistant System,2,Procurement Admin,All,"12024004"
zTheerapolS,Procurement Assistant System,2,Procurement Admin,All,"12025001"
zTheerapolS,Procurement Assistant System,2,Procurement Admin,All,"12025002"
zTheerapolS,Procurement Assistant System,2,Procurement Admin,All,"12025003"
zTheerapolS,Procurement Assistant System,2,Procurement Admin,All,"12025004"
zTheerapolS,Procurement Assistant System,2,Procurement Admin,All,"15051001"
zTheerapolS,Procurement Assistant System,2,Procurement Admin,All,"15051003"
zTheerapolS,Procurement Assistant System,2,Procurement Admin,All,"21011001"
zTheerapolS,Procurement Assistant System,2,Procurement Admin,All,"21011003"
zTheerapolS,Procurement Assistant System,2,Procurement Admin,All,"21011005"
zTheerapolS,Procurement Assistant System,2,Procurement Admin,All,"21012002"
zTheerapolS,Procurement Assistant System,2,Procurement Admin,All,"21012006"
zTheerapolS,Procurement Assistant System,2,Procurement Admin,All,"21012008"
zTheerapolS,Procurement Assistant System,2,Procurement Admin,All,"21012011"
zTheerapolS,Procurement Assistant System,2,Procurement Admin,All,"21012012"
zTheerapolS,Procurement Assistant System,2,Procurement Admin,All,"21012013"
zTheerapolS,Procurement Assistant System,2,Procurement Admin,All,"21013010"
zTheerapolS,Procurement Assistant System,2,Procurement Admin,All,"21014001"
zTheerapolS,Procurement Assistant System,2,Procurement Admin,All,"21014002"
zTheerapolS,Procurement Assistant System,2,Procurement Admin,All,"21014003"
zTheerapolS,Procurement Assistant System,2,Procurement Admin,All,"21014005"
zTheerapolS,Procurement Assistant System,2,Procurement Admin,All,"21014007"
zTheerapolS,Procurement Assistant System,2,Procurement Admin,All,"21014008"
zTheerapolS,Procurement Assistant System,2,Procurement Admin,All,"22021001"
zTheerapolS,Procurement Assistant System,2,Procurement Admin,All,"22021005"
zTheerapolS,Procurement Assistant System,2,Procurement Admin,All,"22021009"
zTheerapolS,Procurement Assistant System,2,Procurement Admin,All,"22022001"
zTheerapolS,Procurement Assistant System,2,Procurement Admin,All,"22022005"
zTheerapolS,Procurement Assistant System,2,Procurement Admin,All,"22022009"
zTheerapolS,Procurement Assistant System,2,Procurement Admin,All,"22023001"
zTheerapolS,Procurement Assistant System,2,Procurement Admin,All,"22023005"
zTheerapolS,Procurement Assistant System,2,Procurement Admin,All,"22024001"
zTheerapolS,Procurement Assistant System,2,Procurement Admin,All,"22024005"
zTheerapolS,Procurement Assistant System,2,Procurement Admin,All,"22025001"
zTheerapolS,Procurement Assistant System,2,Procurement Admin,All,"22025005"
zTheerapolS,Procurement Assistant System,2,Procurement Admin,All,"23031001"
zTheerapolS,Procurement Assistant System,2,Procurement Admin,All,"23031003"
zTheerapolS,Procurement Assistant System,2,Procurement Admin,All,"23032001"
zTheerapolS,Procurement Assistant System,2,Procurement Admin,All,"23032002"
zTheerapolS,Procurement Assistant System,2,Procurement Admin,All,"23032003"
zTheerapolS,Procurement Assistant System,2,Procurement Admin,All,"23033001"
zTheerapolS,Procurement Assistant System,2,Procurement Admin,All,"23033003"
zTheerapolS,Procurement Assistant System,2,Procurement Admin,All,"23034001"
zTheerapolS,Procurement Assistant System,2,Procurement Admin,All,"23034002"
zTheerapolS,Procurement Assistant System,2,Procurement Admin,All,"23034003"
zTheerapolS,Procurement Assistant System,2,Procurement Admin,All,"23034004"
zTheerapolS,Procurement Assistant System,2,Procurement Admin,All,"23035001"
zTheerapolS,Procurement Assistant System,2,Procurement Admin,All,"23035003"
zTheerapolS,Procurement Assistant System,2,Procurement Admin,All,"23038001"
zTheerapolS,Procurement Assistant System,2,Procurement Admin,All,"23038002"
zTheerapolS,Procurement Assistant System,2,Procurement Admin,All,"23038003"
zTheerapolS,Procurement Assistant System,2,Procurement Admin,All,"23039001"
zTheerapolS,Procurement Assistant System,2,Procurement Admin,All,"23039003"
zTheerapolS,Procurement Assistant System,2,Procurement Admin,All,"26061001"
zTheerapolS,Procurement Assistant System,2,Procurement Admin,All,"26061002"
zTheerapolS,Procurement Assistant System,2,Procurement Admin,All,"26061003"
zTheerapolS,Procurement Assistant System,2,Procurement Admin,All,"30100101"
zTheerapolS,Procurement Assistant System,2,Procurement Admin,All,"30100202"
zTheerapolS,Procurement Assistant System,2,Procurement Admin,All,"30200202"
zTheerapolS,Procurement Assistant System,2,Procurement Admin,All,"30300301"
zTheerapolS,Procurement Assistant System,2,Procurement Admin,All,"30300303"
zTheerapolS,Procurement Assistant System,2,Procurement Admin,All,"30300304"
zTheerapolS,Procurement Assistant System,2,Procurement Admin,All,"30300305"
zTheerapolS,Procurement Assistant System,2,Procurement Admin,All,"30300508"
zTheerapolS,Procurement Assistant System,2,Procurement Admin,All,"30300509"
zTheerapolS,Procurement Assistant System,2,Procurement Admin,All,"30300701"
zTheerapolS,Procurement Assistant System,2,Procurement Admin,All,"30400403"
zTheerapolS,Procurement Assistant System,2,Procurement Admin,All,"30400406"
zTheerapolS,Procurement Assistant System,2,Procurement Admin,All,"30400407"
zTheerapolS,Procurement Assistant System,2,Procurement Admin,All,"30400508"
zTheerapolS,Procurement Assistant System,2,Procurement Admin,All,"30400509"
zTheerapolS,Procurement Assistant System,2,Procurement Admin,All,"30400701"
zTheerapolS,Procurement Assistant System,2,Procurement Admin,All,"30400702"
zTheerapolS,Procurement Assistant System,2,Procurement Admin,All,"30400703"
zTheerapolS,Procurement Assistant System,2,Procurement Admin,All,"30400704"
zTheerapolS,Procurement Assistant System,2,Procurement Admin,All,"30500601"
zTheerapolS,Procurement Assistant System,2,Procurement Admin,All,"30500603"
zTheerapolS,Procurement Assistant System,2,Procurement Admin,All,"30600101"
zTheerapolS,Procurement Assistant System,2,Procurement Admin,All,"90100101"
zTheerapolS,Procurement Assistant System,2,Procurement Admin,All,"90100202"
zTheerapolS,Procurement Assistant System,2,Procurement Admin,All,"90200202"
zTheerapolS,Procurement Assistant System,2,Procurement Admin,All,"90300301"
zTheerapolS,Procurement Assistant System,2,Procurement Admin,All,"90300303"
zTheerapolS,Procurement Assistant System,2,Procurement Admin,All,"90300304"
zTheerapolS,Procurement Assistant System,2,Procurement Admin,All,"90400403"
zTheerapolS,Procurement Assistant System,2,Procurement Admin,All,"90500101"
zTheerapolS,Procurement Assistant System,2,Procurement Admin,All,"90500201"
zTheerapolS,Procurement Assistant System,2,Procurement Admin,All,"90600202"
zTheerapolS,Procurement Assistant System,2,Procurement Admin,All,"90700301"
zTheerapolS,Procurement Assistant System,2,Procurement Admin,All,"90700303"
zTheerapolS,Procurement Assistant System,2,Procurement Admin,All,"90700304"
zTheerapolS,Procurement Assistant System,2,Procurement Admin,All,"90800403"
zTheerapolS,Procurement Assistant System,2,Procurement Admin,All,"90900501"
zTheerapolS,Procurement Assistant System,2,Procurement Admin,All,"90900502"
zTheerapolS,Procurement Assistant System,2,Procurement Admin,All,"90900503"
zTheerapolS,Procurement Assistant System,2,Procurement Admin,All,"90900510"
zTheerapolS,Procurement Assistant System,2,Procurement Admin,All,"91000601"
zTheerapolS,Procurement Assistant System,2,Procurement Admin,All,"91000602"
zTheerapolS,Procurement Assistant System,2,Procurement Admin,All,"91000603"
zTheerapolS,Procurement Assistant System,2,Procurement Admin,All,"91100701"
zTheerapolS,Procurement Assistant System,2,Procurement Admin,All,"91200801"
zTheerapolS,Procurement Assistant System,2,Procurement Admin,All,"91200803"
zTheerapolS,Procurement Assistant System,2,Procurement Admin,All,"91300903"
zTheerapolS,Procurement Assistant System,2,Procurement Admin,All,"91401001"
zTheerapolS,Procurement Assistant System,2,Procurement Admin,All,"91501101"
zTheerapolS,Procurement Assistant System,2,Procurement Admin,All,"91601205"
zTheerapolS,Procurement Assistant System,2,Procurement Admin,All,"91701301"
zTheerapolS,Procurement Assistant System,2,Procurement Admin,All,"91701305"
zTheerapolS,Procurement Assistant System,2,Procurement Admin,All,"91801401"
zTheerapolS,Procurement Assistant System,2,Procurement Admin,All,"91801501"
zTheerapolS,Procurement Assistant System,2,Procurement Admin,All,"91801601"
zThidamasV,APP System,10,AdminBB_Support,all,"1011001"
zThidamasV,APP System,10,AdminBB_Support,all,"1011003"
zThidamasV,APP System,10,AdminBB_Support,all,"1011005"
zThidamasV,APP System,10,AdminBB_Support,all,"1011006"
zThidamasV,APP System,10,AdminBB_Support,all,"1011008"
zThidamasV,APP System,10,AdminBB_Support,all,"1011011"
zThidamasV,APP System,10,AdminBB_Support,all,"1011012"
zThidamasV,APP System,10,AdminBB_Support,all,"1012002"
zThidamasV,APP System,10,AdminBB_Support,all,"1013010"
zThidamasV,APP System,10,AdminBB_Support,all,"1014001"
zThidamasV,APP System,10,AdminBB_Support,all,"1014002"
zThidamasV,APP System,10,AdminBB_Support,all,"1014003"
zThidamasV,APP System,10,AdminBB_Support,all,"1014005"
zThidamasV,APP System,10,AdminBB_Support,all,"1014007"
zThidamasV,APP System,10,AdminBB_Support,all,"1014008"
zThidamasV,APP System,10,AdminBB_Support,all,"2021001"
zThidamasV,APP System,10,AdminBB_Support,all,"2021005"
zThidamasV,APP System,10,AdminBB_Support,all,"2021009"
zThidamasV,APP System,10,AdminBB_Support,all,"2022001"
zThidamasV,APP System,10,AdminBB_Support,all,"2022005"
zThidamasV,APP System,10,AdminBB_Support,all,"2022009"
zThidamasV,APP System,10,AdminBB_Support,all,"2023001"
zThidamasV,APP System,10,AdminBB_Support,all,"2023005"
zThidamasV,APP System,10,AdminBB_Support,all,"2024001"
zThidamasV,APP System,10,AdminBB_Support,all,"2024005"
zThidamasV,APP System,10,AdminBB_Support,all,"2025001"
zThidamasV,APP System,10,AdminBB_Support,all,"2025005"
zThidamasV,APP System,10,AdminBB_Support,all,"3031001"
zThidamasV,APP System,10,AdminBB_Support,all,"3031003"
zThidamasV,APP System,10,AdminBB_Support,all,"3032001"
zThidamasV,APP System,10,AdminBB_Support,all,"3032002"
zThidamasV,APP System,10,AdminBB_Support,all,"3032003"
zThidamasV,APP System,10,AdminBB_Support,all,"3033001"
zThidamasV,APP System,10,AdminBB_Support,all,"3033003"
zThidamasV,APP System,10,AdminBB_Support,all,"3034001"
zThidamasV,APP System,10,AdminBB_Support,all,"3034002"
zThidamasV,APP System,10,AdminBB_Support,all,"3034003"
zThidamasV,APP System,10,AdminBB_Support,all,"3034004"
zThidamasV,APP System,10,AdminBB_Support,all,"3035001"
zThidamasV,APP System,10,AdminBB_Support,all,"3035003"
zThidamasV,APP System,10,AdminBB_Support,all,"3036001"
zThidamasV,APP System,10,AdminBB_Support,all,"3036002"
zThidamasV,APP System,10,AdminBB_Support,all,"3036003"
zThidamasV,APP System,10,AdminBB_Support,all,"3036010"
zThidamasV,APP System,10,AdminBB_Support,all,"3037001"
zThidamasV,APP System,10,AdminBB_Support,all,"3037002"
zThidamasV,APP System,10,AdminBB_Support,all,"3037003"
zThidamasV,APP System,10,AdminBB_Support,all,"4041001"
zThidamasV,APP System,10,AdminBB_Support,all,"4041002"
zThidamasV,APP System,10,AdminBB_Support,all,"4041003"
zThidamasV,APP System,10,AdminBB_Support,all,"4041004"
zThidamasV,APP System,10,AdminBB_Support,all,"4042001"
zThidamasV,APP System,10,AdminBB_Support,all,"4042002"
zThidamasV,APP System,10,AdminBB_Support,all,"4042003"
zThidamasV,APP System,10,AdminBB_Support,all,"4042004"
zThidamasV,APP System,10,AdminBB_Support,all,"5051001"
zThidamasV,APP System,10,AdminBB_Support,all,"5051005"
zThidamasV,APP System,10,AdminBB_Support,all,"5052001"
zThidamasV,APP System,10,AdminBB_Support,all,"5052005"
zThidamasV,Procurement Assistant System,2,Procurement Admin,All,"11011001"
zThidamasV,Procurement Assistant System,2,Procurement Admin,All,"11011003"
zThidamasV,Procurement Assistant System,2,Procurement Admin,All,"11011005"
zThidamasV,Procurement Assistant System,2,Procurement Admin,All,"11011006"
zThidamasV,Procurement Assistant System,2,Procurement Admin,All,"11011007"
zThidamasV,Procurement Assistant System,2,Procurement Admin,All,"11012001"
zThidamasV,Procurement Assistant System,2,Procurement Admin,All,"11012002"
zThidamasV,Procurement Assistant System,2,Procurement Admin,All,"11013001"
zThidamasV,Procurement Assistant System,2,Procurement Admin,All,"11013003"
zThidamasV,Procurement Assistant System,2,Procurement Admin,All,"11013005"
zThidamasV,Procurement Assistant System,2,Procurement Admin,All,"11013006"
zThidamasV,Procurement Assistant System,2,Procurement Admin,All,"11013007"
zThidamasV,Procurement Assistant System,2,Procurement Admin,All,"11014001"
zThidamasV,Procurement Assistant System,2,Procurement Admin,All,"11014005"
zThidamasV,Procurement Assistant System,2,Procurement Admin,All,"12021001"
zThidamasV,Procurement Assistant System,2,Procurement Admin,All,"12021003"
zThidamasV,Procurement Assistant System,2,Procurement Admin,All,"12022001"
zThidamasV,Procurement Assistant System,2,Procurement Admin,All,"12022002"
zThidamasV,Procurement Assistant System,2,Procurement Admin,All,"12022003"
zThidamasV,Procurement Assistant System,2,Procurement Admin,All,"12023001"
zThidamasV,Procurement Assistant System,2,Procurement Admin,All,"12023002"
zThidamasV,Procurement Assistant System,2,Procurement Admin,All,"12023003"
zThidamasV,Procurement Assistant System,2,Procurement Admin,All,"12023004"
zThidamasV,Procurement Assistant System,2,Procurement Admin,All,"12024001"
zThidamasV,Procurement Assistant System,2,Procurement Admin,All,"12024002"
zThidamasV,Procurement Assistant System,2,Procurement Admin,All,"12024003"
zThidamasV,Procurement Assistant System,2,Procurement Admin,All,"12024004"
zThidamasV,Procurement Assistant System,2,Procurement Admin,All,"12025001"
zThidamasV,Procurement Assistant System,2,Procurement Admin,All,"12025002"
zThidamasV,Procurement Assistant System,2,Procurement Admin,All,"12025003"
zThidamasV,Procurement Assistant System,2,Procurement Admin,All,"12025004"
zThidamasV,Procurement Assistant System,2,Procurement Admin,All,"15051001"
zThidamasV,Procurement Assistant System,2,Procurement Admin,All,"15051003"
zThidamasV,Procurement Assistant System,2,Procurement Admin,All,"21011001"
zThidamasV,Procurement Assistant System,2,Procurement Admin,All,"21011003"
zThidamasV,Procurement Assistant System,2,Procurement Admin,All,"21011005"
zThidamasV,Procurement Assistant System,2,Procurement Admin,All,"21012002"
zThidamasV,Procurement Assistant System,2,Procurement Admin,All,"21012006"
zThidamasV,Procurement Assistant System,2,Procurement Admin,All,"21012008"
zThidamasV,Procurement Assistant System,2,Procurement Admin,All,"21012011"
zThidamasV,Procurement Assistant System,2,Procurement Admin,All,"21012012"
zThidamasV,Procurement Assistant System,2,Procurement Admin,All,"21012013"
zThidamasV,Procurement Assistant System,2,Procurement Admin,All,"21013010"
zThidamasV,Procurement Assistant System,2,Procurement Admin,All,"21014001"
zThidamasV,Procurement Assistant System,2,Procurement Admin,All,"21014002"
zThidamasV,Procurement Assistant System,2,Procurement Admin,All,"21014003"
zThidamasV,Procurement Assistant System,2,Procurement Admin,All,"21014005"
zThidamasV,Procurement Assistant System,2,Procurement Admin,All,"21014007"
zThidamasV,Procurement Assistant System,2,Procurement Admin,All,"21014008"
zThidamasV,Procurement Assistant System,2,Procurement Admin,All,"22021001"
zThidamasV,Procurement Assistant System,2,Procurement Admin,All,"22021005"
zThidamasV,Procurement Assistant System,2,Procurement Admin,All,"22021009"
zThidamasV,Procurement Assistant System,2,Procurement Admin,All,"22022001"
zThidamasV,Procurement Assistant System,2,Procurement Admin,All,"22022005"
zThidamasV,Procurement Assistant System,2,Procurement Admin,All,"22022009"
zThidamasV,Procurement Assistant System,2,Procurement Admin,All,"22023001"
zThidamasV,Procurement Assistant System,2,Procurement Admin,All,"22023005"
zThidamasV,Procurement Assistant System,2,Procurement Admin,All,"22024001"
zThidamasV,Procurement Assistant System,2,Procurement Admin,All,"22024005"
zThidamasV,Procurement Assistant System,2,Procurement Admin,All,"22025001"
zThidamasV,Procurement Assistant System,2,Procurement Admin,All,"22025005"
zThidamasV,Procurement Assistant System,2,Procurement Admin,All,"23031001"
zThidamasV,Procurement Assistant System,2,Procurement Admin,All,"23031003"
zThidamasV,Procurement Assistant System,2,Procurement Admin,All,"23032001"
zThidamasV,Procurement Assistant System,2,Procurement Admin,All,"23032002"
zThidamasV,Procurement Assistant System,2,Procurement Admin,All,"23032003"
zThidamasV,Procurement Assistant System,2,Procurement Admin,All,"23033001"
zThidamasV,Procurement Assistant System,2,Procurement Admin,All,"23033003"
zThidamasV,Procurement Assistant System,2,Procurement Admin,All,"23034001"
zThidamasV,Procurement Assistant System,2,Procurement Admin,All,"23034002"
zThidamasV,Procurement Assistant System,2,Procurement Admin,All,"23034003"
zThidamasV,Procurement Assistant System,2,Procurement Admin,All,"23034004"
zThidamasV,Procurement Assistant System,2,Procurement Admin,All,"23035001"
zThidamasV,Procurement Assistant System,2,Procurement Admin,All,"23035003"
zThidamasV,Procurement Assistant System,2,Procurement Admin,All,"23038001"
zThidamasV,Procurement Assistant System,2,Procurement Admin,All,"23038002"
zThidamasV,Procurement Assistant System,2,Procurement Admin,All,"23038003"
zThidamasV,Procurement Assistant System,2,Procurement Admin,All,"23039001"
zThidamasV,Procurement Assistant System,2,Procurement Admin,All,"23039003"
zThidamasV,Procurement Assistant System,2,Procurement Admin,All,"26061001"
zThidamasV,Procurement Assistant System,2,Procurement Admin,All,"26061002"
zThidamasV,Procurement Assistant System,2,Procurement Admin,All,"26061003"
zThidamasV,Procurement Assistant System,2,Procurement Admin,All,"30100101"
zThidamasV,Procurement Assistant System,2,Procurement Admin,All,"30100202"
zThidamasV,Procurement Assistant System,2,Procurement Admin,All,"30200202"
zThidamasV,Procurement Assistant System,2,Procurement Admin,All,"30300301"
zThidamasV,Procurement Assistant System,2,Procurement Admin,All,"30300303"
zThidamasV,Procurement Assistant System,2,Procurement Admin,All,"30300304"
zThidamasV,Procurement Assistant System,2,Procurement Admin,All,"30300305"
zThidamasV,Procurement Assistant System,2,Procurement Admin,All,"30300508"
zThidamasV,Procurement Assistant System,2,Procurement Admin,All,"30300509"
zThidamasV,Procurement Assistant System,2,Procurement Admin,All,"30300701"
zThidamasV,Procurement Assistant System,2,Procurement Admin,All,"30400403"
zThidamasV,Procurement Assistant System,2,Procurement Admin,All,"30400406"
zThidamasV,Procurement Assistant System,2,Procurement Admin,All,"30400407"
zThidamasV,Procurement Assistant System,2,Procurement Admin,All,"30400508"
zThidamasV,Procurement Assistant System,2,Procurement Admin,All,"30400509"
zThidamasV,Procurement Assistant System,2,Procurement Admin,All,"30400701"
zThidamasV,Procurement Assistant System,2,Procurement Admin,All,"30400702"
zThidamasV,Procurement Assistant System,2,Procurement Admin,All,"30400703"
zThidamasV,Procurement Assistant System,2,Procurement Admin,All,"30400704"
zThidamasV,Procurement Assistant System,2,Procurement Admin,All,"30500601"
zThidamasV,Procurement Assistant System,2,Procurement Admin,All,"30500603"
zThidamasV,Procurement Assistant System,2,Procurement Admin,All,"30600101"
zThidamasV,Procurement Assistant System,2,Procurement Admin,All,"90100101"
zThidamasV,Procurement Assistant System,2,Procurement Admin,All,"90100202"
zThidamasV,Procurement Assistant System,2,Procurement Admin,All,"90200202"
zThidamasV,Procurement Assistant System,2,Procurement Admin,All,"90300301"
zThidamasV,Procurement Assistant System,2,Procurement Admin,All,"90300303"
zThidamasV,Procurement Assistant System,2,Procurement Admin,All,"90300304"
zThidamasV,Procurement Assistant System,2,Procurement Admin,All,"90400403"
zThidamasV,Procurement Assistant System,2,Procurement Admin,All,"90500101"
zThidamasV,Procurement Assistant System,2,Procurement Admin,All,"90500201"
zThidamasV,Procurement Assistant System,2,Procurement Admin,All,"90600202"
zThidamasV,Procurement Assistant System,2,Procurement Admin,All,"90700301"
zThidamasV,Procurement Assistant System,2,Procurement Admin,All,"90700303"
zThidamasV,Procurement Assistant System,2,Procurement Admin,All,"90700304"
zThidamasV,Procurement Assistant System,2,Procurement Admin,All,"90800403"
zThidamasV,Procurement Assistant System,2,Procurement Admin,All,"90900501"
zThidamasV,Procurement Assistant System,2,Procurement Admin,All,"90900502"
zThidamasV,Procurement Assistant System,2,Procurement Admin,All,"90900503"
zThidamasV,Procurement Assistant System,2,Procurement Admin,All,"90900510"
zThidamasV,Procurement Assistant System,2,Procurement Admin,All,"91000601"
zThidamasV,Procurement Assistant System,2,Procurement Admin,All,"91000602"
zThidamasV,Procurement Assistant System,2,Procurement Admin,All,"91000603"
zThidamasV,Procurement Assistant System,2,Procurement Admin,All,"91100701"
zThidamasV,Procurement Assistant System,2,Procurement Admin,All,"91200801"
zThidamasV,Procurement Assistant System,2,Procurement Admin,All,"91200803"
zThidamasV,Procurement Assistant System,2,Procurement Admin,All,"91300903"
zThidamasV,Procurement Assistant System,2,Procurement Admin,All,"91401001"
zThidamasV,Procurement Assistant System,2,Procurement Admin,All,"91501101"
zThidamasV,Procurement Assistant System,2,Procurement Admin,All,"91601205"
zThidamasV,Procurement Assistant System,2,Procurement Admin,All,"91701301"
zThidamasV,Procurement Assistant System,2,Procurement Admin,All,"91701305"
zThidamasV,Procurement Assistant System,2,Procurement Admin,All,"91801401"
zThidamasV,Procurement Assistant System,2,Procurement Admin,All,"91801501"
zThidamasV,Procurement Assistant System,2,Procurement Admin,All,"91801601"
zThidamasV,Reference Price System,1,Admin,Admin,"101101"
zThidamasV,Reference Price System,1,Admin,Admin,"101103"
zThidamasV,Reference Price System,1,Admin,Admin,"101105"
zThidamasV,Reference Price System,1,Admin,Admin,"101106"
zThidamasV,Reference Price System,1,Admin,Admin,"101107"
zThidamasV,Reference Price System,1,Admin,Admin,"101201"
zThidamasV,Reference Price System,1,Admin,Admin,"101202"
zThidamasV,Reference Price System,1,Admin,Admin,"101301"
zThidamasV,Reference Price System,1,Admin,Admin,"101303"
zThidamasV,Reference Price System,1,Admin,Admin,"101305"
zThidamasV,Reference Price System,1,Admin,Admin,"101306"
zThidamasV,Reference Price System,1,Admin,Admin,"101307"
zThidamasV,Reference Price System,1,Admin,Admin,"101401"
zThidamasV,Reference Price System,1,Admin,Admin,"101405"
zThidamasV,Reference Price System,1,Admin,Admin,"202101"
zThidamasV,Reference Price System,1,Admin,Admin,"202103"
zThidamasV,Reference Price System,1,Admin,Admin,"202201"
zThidamasV,Reference Price System,1,Admin,Admin,"202202"
zThidamasV,Reference Price System,1,Admin,Admin,"202203"
zThidamasV,Reference Price System,1,Admin,Admin,"202301"
zThidamasV,Reference Price System,1,Admin,Admin,"202302"
zThidamasV,Reference Price System,1,Admin,Admin,"202303"
zThidamasV,Reference Price System,1,Admin,Admin,"202304"
zThidamasV,Reference Price System,1,Admin,Admin,"202401"
zThidamasV,Reference Price System,1,Admin,Admin,"202402"
zThidamasV,Reference Price System,1,Admin,Admin,"202403"
zThidamasV,Reference Price System,1,Admin,Admin,"202404"
zThidamasV,Reference Price System,1,Admin,Admin,"202501"
zThidamasV,Reference Price System,1,Admin,Admin,"202502"
zThidamasV,Reference Price System,1,Admin,Admin,"202503"
zThidamasV,Reference Price System,1,Admin,Admin,"202504"
zThidamasV,Reference Price System,1,Admin,Admin,"303101"
zThidamasV,Reference Price System,1,Admin,Admin,"303102"
zThidamasV,Reference Price System,1,Admin,Admin,"303103"
zThidamasV,Reference Price System,1,Admin,Admin,"303104"
zThidamasV,Reference Price System,1,Admin,Admin,"303201"
zThidamasV,Reference Price System,1,Admin,Admin,"303202"
zThidamasV,Reference Price System,1,Admin,Admin,"303203"
zThidamasV,Reference Price System,1,Admin,Admin,"303204"
zThidamasV,Reference Price System,1,Admin,Admin,"404101"
zThidamasV,Reference Price System,1,Admin,Admin,"404201"
zThidamasV,Reference Price System,1,Admin,Admin,"404301"
zThidamasV,Reference Price System,1,Admin,Admin,"404401"
zVutikornC,APP System,10,AdminBB_Support,all,"1011001"
zVutikornC,APP System,10,AdminBB_Support,all,"1011003"
zVutikornC,APP System,10,AdminBB_Support,all,"1011005"
zVutikornC,APP System,10,AdminBB_Support,all,"1011006"
zVutikornC,APP System,10,AdminBB_Support,all,"1011008"
zVutikornC,APP System,10,AdminBB_Support,all,"1011011"
zVutikornC,APP System,10,AdminBB_Support,all,"1011012"
zVutikornC,APP System,10,AdminBB_Support,all,"1012002"
zVutikornC,APP System,10,AdminBB_Support,all,"1013010"
zVutikornC,APP System,10,AdminBB_Support,all,"1014001"
zVutikornC,APP System,10,AdminBB_Support,all,"1014002"
zVutikornC,APP System,10,AdminBB_Support,all,"1014003"
zVutikornC,APP System,10,AdminBB_Support,all,"1014005"
zVutikornC,APP System,10,AdminBB_Support,all,"1014007"
zVutikornC,APP System,10,AdminBB_Support,all,"1014008"
zVutikornC,APP System,10,AdminBB_Support,all,"2021001"
zVutikornC,APP System,10,AdminBB_Support,all,"2021005"
zVutikornC,APP System,10,AdminBB_Support,all,"2021009"
zVutikornC,APP System,10,AdminBB_Support,all,"2022001"
zVutikornC,APP System,10,AdminBB_Support,all,"2022005"
zVutikornC,APP System,10,AdminBB_Support,all,"2022009"
zVutikornC,APP System,10,AdminBB_Support,all,"2023001"
zVutikornC,APP System,10,AdminBB_Support,all,"2023005"
zVutikornC,APP System,10,AdminBB_Support,all,"2024001"
zVutikornC,APP System,10,AdminBB_Support,all,"2024005"
zVutikornC,APP System,10,AdminBB_Support,all,"2025001"
zVutikornC,APP System,10,AdminBB_Support,all,"2025005"
zVutikornC,APP System,10,AdminBB_Support,all,"3031001"
zVutikornC,APP System,10,AdminBB_Support,all,"3031003"
zVutikornC,APP System,10,AdminBB_Support,all,"3032001"
zVutikornC,APP System,10,AdminBB_Support,all,"3032002"
zVutikornC,APP System,10,AdminBB_Support,all,"3032003"
zVutikornC,APP System,10,AdminBB_Support,all,"3033001"
zVutikornC,APP System,10,AdminBB_Support,all,"3033003"
zVutikornC,APP System,10,AdminBB_Support,all,"3034001"
zVutikornC,APP System,10,AdminBB_Support,all,"3034002"
zVutikornC,APP System,10,AdminBB_Support,all,"3034003"
zVutikornC,APP System,10,AdminBB_Support,all,"3034004"
zVutikornC,APP System,10,AdminBB_Support,all,"3035001"
zVutikornC,APP System,10,AdminBB_Support,all,"3035003"
zVutikornC,APP System,10,AdminBB_Support,all,"3036001"
zVutikornC,APP System,10,AdminBB_Support,all,"3036002"
zVutikornC,APP System,10,AdminBB_Support,all,"3036003"
zVutikornC,APP System,10,AdminBB_Support,all,"3036010"
zVutikornC,APP System,10,AdminBB_Support,all,"3037001"
zVutikornC,APP System,10,AdminBB_Support,all,"3037002"
zVutikornC,APP System,10,AdminBB_Support,all,"3037003"
zVutikornC,APP System,10,AdminBB_Support,all,"4041001"
zVutikornC,APP System,10,AdminBB_Support,all,"4041002"
zVutikornC,APP System,10,AdminBB_Support,all,"4041003"
zVutikornC,APP System,10,AdminBB_Support,all,"4041004"
zVutikornC,APP System,10,AdminBB_Support,all,"4042001"
zVutikornC,APP System,10,AdminBB_Support,all,"4042002"
zVutikornC,APP System,10,AdminBB_Support,all,"4042003"
zVutikornC,APP System,10,AdminBB_Support,all,"4042004"
zVutikornC,APP System,10,AdminBB_Support,all,"5051001"
zVutikornC,APP System,10,AdminBB_Support,all,"5051005"
zVutikornC,APP System,10,AdminBB_Support,all,"5052001"
zVutikornC,APP System,10,AdminBB_Support,all,"5052005"
